sample_id,label,profile,collected_at,missing_mask,content_digest,files_touched_per_s,read_write_ratio,rename_rate_per_s,extension_change_rate,directory_breadth,write_entropy_mean,write_entropy_var,entropy_delta,crypto_call_rate,key_generation_events,crypto_ngram_novelty,child_process_spawns,injection_attempts,privilege_escalation_attempts,c2_beacon_count,dns_entropy,outbound_burst_rate,autostart_writes,shadow_copy_deletions,backup_path_accesses,observed_stages,stage_dwell_mean_s
hp-01352830-00000,RW,fast_crypto,1757548800,2016,,7.05916,0.93277,1.64539,0.469398,234.828,0,0,0,0,0,0,4.37189,1.8005,2.08486,6.02005,2.63597,0.759413,3.86683,0.935679,3.42556,4,171.644
hp-01352830-00001,RW,low_and_slow,1757548801,0,,0.417594,0.792559,0.123233,0.863477,80.9344,6.62891,0.340742,1.61508,0.664479,4.90763,0.666495,0,0,0,0.903428,2.22796,2.33673,0.984485,1.82285,1.92785,4,680.572
hp-01352830-00002,benign,installer,1757548802,0,,3.21534,1.07688,0.017136,0.0456078,26.3924,3.8892,0.383929,3.72438,1.69136,0.789256,0.516063,16.3788,0,0.98607,0,1.55536,1.38376,7.47226,0,0.971871,4,175.76
hp-01352830-00003,benign,disk_encryptor,1757548803,0,,7.7494,1.4027,2.23852,0.617761,87.5935,6.89099,0.32068,1.82692,34.7803,2.3408,0.804933,0,0,0,2.21266,2.43658,0.437483,0,0,0,3,53.956
hp-01352830-00004,RW,wiper_like,1757548804,114688,,15.4402,0.653474,21.7086,0.710918,240.297,5.86281,0.747852,3.0626,10.2885,1.95613,0.279433,1.56223,1.02829,4.00823,0,0,0,1.17042,1.94826,0.988375,4,14.9876
hp-01352830-00005,benign,disk_encryptor,1757548805,2016,,15.1846,1.54212,0.603309,0.246072,21.512,0,0,0,0,0,0,0,0,0,1.06177,2.96907,0.75452,0,0,0,3,134.183
hp-01352830-00006,RW,double_extortion,1757548806,14336,,3.74067,1.04622,2.93001,0.386015,203.772,7.7458,0.676722,3.61747,7.64344,5.80497,0.560216,0,0,0,10.3515,4.75404,4.25463,2.27442,3.04997,1.99635,4,98.6506
hp-01352830-00007,RW,ambiguous:crypto_bulk,1757548807,0,,3.85803,0.614818,3.11558,0.653354,135.356,6.65669,0.904264,1.8404,21.4409,3.8161,0.633624,1.92458,0,1.02726,3.28944,1.85756,3.64966,2.29711,1.71218,2.09063,4,90.681
hp-01352830-00008,RW,double_extortion,1757548808,14337,,0,0.775226,0.327168,0.521558,142.969,7.05544,0.361697,2.74676,3.63663,7.35957,0.762752,0,0,0,13.4777,3.07247,7.37844,1.00618,0,3.96514,4,562.022
hp-01352830-00009,RW,ambiguous:slow_bulk,1757548809,0,,1.20742,2.17403,0.0297257,0.704625,83.5401,8,0.800514,2.10001,0.633247,2.19672,0.419592,0,0,0,0,3.2054,0.758354,0,0,7.79439,4,620.315
hp-01352830-00010,benign,disk_encryptor,1757548810,114912,,3.01524,0.951887,0.111271,0.309481,69.1314,0,0,0,15.9159,7.35512,0.41682,0,0,0,0,0,0,0,0,0,4,126.84
hp-01352830-00011,RW,ambiguous:crypto_bulk,1757548811,0,,17.9564,1.07655,33.8753,0.666607,118.219,7.77943,0.416517,1.53928,53.8969,4.83218,0.430093,1.95421,0.960002,0,2.11276,3.15249,5.66567,0,0,1.66097,4,18.7171
hp-01352830-00012,benign,ambiguous:slow_bulk,1757548812,0,,5.61506,5.78615,2.37917,0.442847,90.5811,8,0.51337,1.70891,4.9188,4.24549,0.334186,5.42546,1.01029,1.12355,1.57619,1.29688,1.04663,0,0,8.66664,3,285.999
hp-01352830-00013,RW,wiper_like,1757548813,0,,8.66014,1.18933,3.4444,0.483459,76.622,7.97041,0.242756,5.31464,3.39495,0,0.572769,0.974449,0,1.79501,13.2857,3.30746,1.50571,3.31346,0.966654,1.85904,4,66.2721
hp-01352830-00014,RW,wiper_like,1757548814,114688,,32.2632,0.883838,9.43406,0.741623,101.206,6.34782,0.776738,2.16732,4.93802,1.1607,0.261151,1.11402,0,1.1076,0,0,0,2.26051,4.57919,10.3465,4,79.9367
hp-01352830-00015,benign,ambiguous:network_bulk,1757548815,114688,,1.39851,2.34923,0.423264,0.187657,76.193,2.58595,0.754832,1.76119,6.09253,3.05825,0.457059,0,0,0,0,0,0,0.922839,1.88905,2.81116,3,302.313
hp-01352830-00016,RW,low_and_slow,1757548816,0,,0.877954,0.70096,0.210649,0.223208,148.812,8,0.586134,6.72786,0.871949,12.8026,0.535322,1.22282,3.05375,0.893943,2.59473,2.13897,1.53177,2.30694,1.05438,2.69991,4,960.225
hp-01352830-00017,benign,cleanup_utility,1757548817,14336,,2.42886,0.856617,0.244453,0.225147,28.6876,6.86025,0.839191,0.536323,0.751239,0.776456,0.432262,0,0,0,0,2.954,0.16583,0,1.03967,4.78654,4,82.9694
hp-01352830-00018,benign,backup_agent,1757548818,917504,,1.41496,2.34868,0.130191,0.414656,129.05,5.80444,1.17949,1.37721,0.892284,0,0.384535,2.09135,0,0,2.33416,2.39398,0.556845,0,0,0,2,933.893
hp-01352830-00019,RW,double_extortion,1757548819,1032192,,4.44599,1.15574,1.09906,0.500651,182.511,4.65535,0.279844,6.88049,12.1804,7.29762,0.804624,1.25016,3.89667,0.93128,0,0,0,0,0,0,4,169.96
hp-01352830-00020,benign,installer,1757548820,0,,41.1969,3.31264,0.0570444,0.186041,10.3072,6.35639,0.492157,0.297576,6.22573,0,0.218962,3.98187,0,0.940832,0.855848,3.03679,0.848868,5.22118,0.850799,0,2,34.8437
hp-01352830-00021,benign,office_workload,1757548821,14336,,0.110432,2.70254,0.00648618,0.159595,12.9101,3.56208,3.01558,0.243059,0.0378252,0,0.275041,0,0,0,2.00385,1.42362,0.697484,0,0,0,1,2513.71
hp-01352830-00022,benign,backup_agent,1757548822,0,,2.13602,0.421228,0.108472,0.330853,121.67,6.84601,1.22735,5.9604,0.388214,0,0.138692,2.06046,1.08055,0,0,1.40305,2.37449,0,3.23227,7.64067,3,1181.53
hp-01352830-00023,benign,installer,1757548823,0,,4.33139,2.6038,0.0296277,0.234152,44.9013,7.49008,0.657693,2.53458,2.17267,0,0.272222,8.50502,1.05988,1.03319,0,1.27109,0.4617,3.84749,0,1.23616,1,129.179
hp-01352830-00024,RW,wiper_like,1757548824,0,,17.9164,0.527917,4.97419,0.742539,173.085,5.34916,0.199229,1.43812,8.01855,0.877156,0.638054,2.4055,1.98584,0,4.16073,3.28847,1.55924,0.878843,1.94401,3.96397,3,63.3613
hp-01352830-00025,benign,installer,1757548825,0,,4.0142,1.01559,0.154814,0.152011,16.1339,5.34777,0.553689,2.93969,0.157651,1.00453,0.251772,8.60764,0,0,2.13073,1.31179,0.585466,3.74062,0,0.900808,2,76.9927
hp-01352830-00026,RW,double_extortion,1757548826,114688,,2.15043,1.93428,11.382,0.517437,360.707,8,0.286017,1.13496,10.6375,9.72635,0.47657,1.08118,1.69933,0,0,0,0,0,0.697508,5.04099,4,75.9926
hp-01352830-00027,RW,double_extortion,1757548827,114688,,2.61438,2.29406,1.36255,0.334877,71.2876,7.66181,0.248469,3.50762,8.60204,6.07114,0.830333,1.96626,0,4.01907,0,0,0,0,0.92268,3.41472,4,66.8912
hp-01352830-00028,RW,wiper_like,1757548828,0,,44.5467,1.31511,10.6523,0.82195,64.5981,5.63637,0.333656,2.75248,4.38548,0.867473,0.584415,3.67718,0.848896,0,4.99813,2.58486,1.8367,2.42115,1.09052,2.84404,4,14.0403
hp-01352830-00029,benign,office_workload,1757548829,224,,0.0988619,1.38547,0.000767275,0.362408,17.4895,0,0,0,0.278847,0,0.0890224,0,0,0,1.07794,2.1497,0.718747,0,0,0,1,967.633
hp-01352830-00030,benign,installer,1757548830,0,,4.92402,0.914721,0.0110168,0.0384103,6.2227,4.79592,1.2424,1.39139,7.66011,0,0.424121,12.6413,1.15938,0.898089,0,1.84021,0.513132,1.12002,0,0,2,227.166
hp-01352830-00031,benign,cleanup_utility,1757548831,14336,,10.2862,1.35044,0.66336,0.612653,78.5558,1.11999,1.40626,0.15184,1.94135,0.931637,0.273464,0,0,0,0,1.46804,0.299031,0,5.24476,8.76007,2,57.7335
hp-01352830-00032,RW,double_extortion,1757548832,114688,,1.26824,0.285199,0.450034,0.536434,282.932,7.46969,0.299018,1.96346,8.69137,2.06813,0.742525,1.14821,0,1.06475,0,0,0,1.01945,0.951876,4.46687,4,247.459
hp-01352830-00033,RW,fast_crypto,1757548833,0,,9.3735,0.52536,4.23324,0.447668,256.005,6.93382,0.43543,1.63157,788826,4.71445,0.638117,1.26609,2.01974,0.987382,4.32918,3.93322,0.920145,0,1.11334,3.00014,4,51.7116
hp-01352830-00034,RW,low_and_slow,1757548834,0,,0.819401,1.62842,0.638109,0.283681,64.6193,5.38415,0.406271,1.99502,1.36891,7.51631,0.430631,1.28169,0.980323,0.94495,4.80999,2.5898,2.47835,1.70364,2.90399,5.75888,4,515.69
hp-01352830-00035,RW,ambiguous:network_bulk,1757548835,0,,1.22713,1.29275,0.145384,0.165443,41.4473,6.23362,0.60095,1.5664,1.10684,0.925419,0.352672,0,0,0,17.7835,5.06001,16.9024,0,0,3.37043,4,308.603
hp-01352830-00036,RW,fast_crypto,1757548836,0,,22.2688,1.18844,6.0814,0.572014,135.696,8,0.359136,3.51975,15.771,6.06778,0.864182,3.06303,1.01735,0,7.25665,2.57467,1.66345,0.987887,0.959431,3.25813,4,49.1389
hp-01352830-00037,benign,sync_client,1757548837,224,,0.988243,0.740413,0.0327162,0.213305,10.0383,0,0,0,0.0748731,0,0.16599,2.07252,0,0,10.5447,4.43522,3.12787,0.886466,0,0.990167,2,680.097
hp-01352830-00038,RW,double_extortion,1757548838,14336,,2.52732,2.40439,1.99699,0.601036,89.0913,8,0.482336,2.8449,14.6191,2.74064,0.682445,0,0,0,13.3461,4.42675,7.85841,2.79283,1.92471,3.8907,4,147.809
hp-01352830-00039,RW,ambiguous:crypto_bulk,1757548839,1823,,0,0,0,0,0,8,0.185853,4.95352,0,0,0,1.00855,0,0,1.85822,2.29018,2.3348,0,0,3.49037,4,98.5761
hp-01352830-00040,benign,disk_encryptor,1757548840,0,,7.99233,0.900493,0.575966,0.527207,26.5832,5.95939,0.468405,2.45455,21.2497,3.04941,0.513804,0,0,0,0,2.54257,0.824122,0,0.821269,1.3457,2,105.64
hp-01352830-00041,RW,wiper_like,1757548841,0,,58.7123,0.444162,49.6915,0.344479,190.973,5.67303,0.170768,1.26399,9.13522,0,0.514259,0.94559,0,0,7.35475,3.15423,1.61542,2.77439,0,2.23753,4,19.9651
hp-01352830-00042,benign,installer,1757548842,14336,,5.04494,1.79275,0.0313973,0.00425413,14.425,5.09829,1.42063,2.45573,10.1991,0.878746,0.228896,0,0,0,2.15499,2.93378,0.348635,3.16769,0,0,2,120.079
hp-01352830-00043,benign,installer,1757548843,0,,2.64296,1.11366,0.0181315,0.0302839,24.4361,2.81267,1.21834,1.09435,6.82773,1.02099,0.383831,6.78742,0,3.40318,2.79464,0.942412,0.737819,2.02259,0,0,2,140.001
hp-01352830-00044,RW,low_and_slow,1757548844,0,,0.57134,0.459013,0.282275,0.598457,88.3938,6.99693,0.3048,3.44699,0.378745,2.81377,0.56572,3.12064,2.06694,0.948727,1.20413,4.32406,0.80491,0,0.87979,9.18326,3,799.065
hp-01352830-00045,benign,office_workload,1757548845,1,,0,1.78033,0.0102715,0.122108,27.5475,3.56433,1.98519,1.14536,0.314334,0,0.213391,2.61996,0,0,1.90828,1.68273,0.654359,0,0,0,1,176.226
hp-01352830-00046,RW,ambiguous:slow_bulk,1757548846,0,,1.6495,2.93063,0.0428049,0.289777,232.403,5.65549,0.70985,3.51794,0.446902,5.04207,0.267309,2.5008,0,1.03573,1.63658,2.10116,0.8587,0,0,3.39857,4,655.226
hp-01352830-00047,benign,cleanup_utility,1757548847,917504,,7.98842,4.67525,0.20418,0.60584,88.6753,5.81163,1.24656,0.742058,0.0442891,0,0.122939,2.27614,0,0,0,2.1007,0.351598,0,0,0,4,123.991
hp-01352830-00048,RW,ambiguous:crypto_bulk,1757548848,0,,5.78952,2.42141,2.01933,0.633477,34.8826,7.20666,0.864604,1.04883,21.5727,2.47101,0.254014,2.83123,1.76596,1.04377,3.03331,1.89528,4.65798,3.73628,4.28695,0.815672,4,99.4247
hp-01352830-00049,RW,fast_crypto,1757548849,0,,7.57231,0.574889,3.52067,0.561188,96.86,7.61195,0.566219,1.72549,36.1696,5.47536,0.757893,0,3.01347,2.70898,11.6884,1.53214,1.84461,2.05363,1.01221,2.22446,4,24.266
hp-01352830-00050,RW,fast_crypto,1757548850,0,,51.1184,0.832448,26.4486,0.817974,211.447,6.92859,0.352938,2.43144,24.066,9.90338,0.511826,1.70398,1.87849,0,4.39535,3.42622,1.04221,1.17012,2.17705,8.04551,4,46.1796
hp-01352830-00051,benign,ambiguous:crypto_bulk,1757548851,116480,,20.4939,6.67385,0.72089,0.502631,160.675,6.90822,0.809931,2.07901,0,0,0,0.817981,0,0,0,0,0,0,0.988384,1.86324,4,31.5877
hp-01352830-00053,benign,backup_agent,1757548853,0,,1.58404,4.73112,0.0348906,0.332865,81.7479,7.34466,1.16279,0.556574,0.342978,0,0.152101,0,0,0,0,2.18529,0.203021,0,0,14.4483,4,970.236
hp-01352830-00054,benign,disk_encryptor,1757548854,0,,7.64523,2.08668,0.140498,0.588549,200.152,6.01381,0.665568,1.95258,6.57707,5.75993,0.366206,0,0,0,0.728889,2.73765,1.1948,0,0,0,3,102.443
hp-01352830-00055,RW,fast_crypto,1757548855,0,,10.1806,1.00726,2.94449,0.326385,224.806,6.99196,0.340597,3.17723,8.96758,5.56248,0.618661,4.93843,0,3.66281,2.89896,1.83075,1.76018,6.29064,2.60618,1.79975,4,88.7978
hp-01352830-00056,RW,double_extortion,1757548856,114688,,4.17544,1.20024,0.561606,0.355987,85.4747,7.17941,0.31758,3.20564,2.9502,3.92975,0.819368,0,1.09066,0,0,0,0,0,4.54406,1.67804,4,355.493
hp-01352830-00057,benign,office_workload,1757548857,14336,,0.391968,2.07369,0.00489929,0.0322776,63.5986,2.01859,1.00683,1.11332,0.132668,0.932886,0.215148,0,0,0,0.967482,1.24654,3.13598,0,0,1.97209,1,738.062
hp-01352830-00058,RW,ambiguous:slow_bulk,1757548858,224,,1.27143,4.89819,0.113153,0.609098,351.092,0,0,0,0.499813,1.18709,0.324597,0,0,1.26012,1.90907,2.7611,4.24864,1.04085,0,6.62249,3,471.314
hp-01352830-00059,benign,ambiguous:crypto_bulk,1757548859,0,,10.743,0.682376,5.89877,0.227839,84.4595,7.57097,0.270478,2.7099,78.7161,3.9941,0.511323,2.19616,0.877195,2.4301,4.43722,1.71268,1.57224,0,0,2.8259,3,102.065
hp-01352830-00060,RW,wiper_like,1757548860,0,,74.1766,0.898451,5.08321,0.53545,176.734,8,0.419121,4.68813,3.87615,1.18453,0.744462,4.20238,2.51421,1.06855,7.049,3.83622,2.61798,1.014,3.132,2.83479,2,69.1047
hp-01352830-00061,RW,ambiguous:network_bulk,1757548861,0,,3.05607,3.22049,0.933892,0.220338,27.286,5.97495,0.849317,1.88094,1.97287,3.28874,0.0981282,3.1645,0,1.85943,11.7829,4.80922,9.60416,1.16362,0,3.57833,4,176.701
hp-01352830-00062,RW,double_extortion,1757548862,0,,2.95655,1.49661,1.04253,0.887568,36.0468,7.61236,0.463268,2.66816,15.5354,13.237,0.683821,3.9599,0,0.943392,20.6809,3.16731,2.53238,0,1.04872,4.48861,4,95.6351
hp-01352830-00063,RW,fast_crypto,1757548863,0,,19.9273,0.25578,20.5157,0.320992,63.2815,8,0.174637,3.39956,88.2508,6.32792,0.744779,2.06156,0,0,3.86772,3.8976,0.650913,3.83559,1.66062,2.17281,4,21.8496
hp-01352830-00064,benign,ambiguous:network_bulk,1757548864,1792,,0.703191,5.54185,0.360053,0.278251,80.8785,8,0.804858,4.29171,0,0,0,2.00117,0,0,18.1756,4.86548,7.39285,3.12448,0,5.20461,4,357.33
hp-01352830-00065,benign,backup_agent,1757548865,224,,4.1127,1.914,0.656705,0.0537137,338.587,0,0,0,1.17695,0.932364,0.165034,0,0,0,1.85851,2.62613,0.594215,0.78598,0,6.55149,3,513.254
hp-01352830-00066,RW,ambiguous:slow_bulk,1757548866,0,,2.39332,2.3731,0.0579807,0.629161,440.531,7.88308,0.366728,1.16078,0.94886,1.71748,0.377428,1.23956,2.03964,0,3.86936,2.86261,0.536583,0,0,6.14196,4,990.716
hp-01352830-00067,RW,double_extortion,1757548867,0,,1.40302,0.723444,0.750051,0.615866,167.056,8,0.337042,3.29899,3.59152,8.1614,0.380987,1.05803,1.92096,0.918688,12.2705,4.68278,7.48712,2.06676,0.867917,7.06126,4,103.656
hp-01352830-00068,benign,backup_agent,1757548868,31,,0,0,0,0,0,3.22877,0.471981,0.3173,0.186722,0,0.450072,2.98345,0,0,3.15247,1.12263,0.911657,0,1.15719,8.12634,3,2345.99
hp-01352830-00069,benign,sync_client,1757548869,1792,,0.964967,3.63093,0.0394479,0.044041,7.26354,6.6025,1.49484,0.198657,0,0,0,0,0,1.00417,25.7258,3.51127,4.8184,1.29343,0,0,2,592.795
hp-01352830-00071,RW,wiper_like,1757548871,0,,41.4446,0.386226,32.7839,0.54259,105.432,8,0.200252,4.91843,9.97034,0.967193,0.423431,0.971823,1.05594,0,4.51097,2.80971,4.35763,0.712295,1.83174,4.79874,3,19.4073
hp-01352830-00072,benign,cleanup_utility,1757548872,114688,,8.61467,0.869378,0.399623,0.142081,63.3444,1.72141,1.13384,0.569728,0.259541,0,0.0952491,1.78678,0,0,0,0,0,0,5.82256,7.22872,3,123.439
hp-01352830-00073,RW,fast_crypto,1757548873,0,,13.9275,0.393544,4.41326,0.632354,298.657,7.29748,0.348457,4.13804,31.6375,4.93857,0.941873,0.928732,3.36415,0,3.55019,3.1646,6.4122,0,1.04199,4.40214,4,87.6426
hp-01352830-00074,RW,wiper_like,1757548874,0,,42.114,1.05037,9.35372,0.34672,158.16,7.13461,0.302202,1.43402,2.03996,1.07643,0.643099,4.10077,1.15833,3.23552,5.7009,3.28106,4.63776,2.93493,2.51501,4.03549,4,28.3678
hp-01352830-00075,benign,disk_encryptor,1757548875,0,,5.22469,1.13289,0.640967,0.840669,56.1297,8,0.199916,1.46742,39.8613,4.02198,0.419871,1.08016,0,0,1.68452,2.34694,0.802289,0,0,1.69574,2,127.615
hp-01352830-00076,RW,fast_crypto,1757548876,0,,10.7822,0.667957,4.6362,0.748263,99.1231,7.42621,0.168941,2.14416,14.1833,4.43316,0.619887,1.8902,1.75306,0,3.84279,3.96007,1.66178,1.70475,5.27536,4.15416,4,65.0896
hp-01352830-00077,RW,double_extortion,1757548877,0,,0.359963,1.26247,0.509089,0.816662,75.2233,4.95278,0.15009,1.05407,0.98725,3.62558,0.670517,6.40257,2.19295,0,16.3071,3.35105,9.38908,2.0466,1.78567,4.70222,4,437.854
hp-01352830-00078,benign,sync_client,1757548878,917504,,0.799994,1.53535,0.00145351,0.145511,9.77522,3.57164,0.341514,0.541961,0.0666528,0.907555,0.173098,1.1195,0,0,21.885,3.15812,3.72076,0,0,0,3,713.134
hp-01352830-00079,RW,ambiguous:crypto_bulk,1757548879,0,,8.22888,3.06826,0.884613,0.631655,315.965,4.85152,0.448545,3.72226,18.7512,7.81069,0.661664,1.0661,0.921573,0,0,1.21145,1.35005,1.10621,1.02031,6.04258,3,160.861
hp-01352830-00080,RW,double_extortion,1757548880,1792,,11.2461,0.438478,2.97316,0.609337,260.217,8,0.284501,3.08566,0,0,0,4.33503,1.03536,0,23.7653,3.5063,6.84813,0.983559,4.92497,0.75602,4,59.3626
hp-01352830-00081,benign,ambiguous:slow_bulk,1757548881,2016,,1.25536,1.66894,0.0828997,0.646833,48.1506,0,0,0,0,0,0,1.932,0,0,2.52823,1.49979,2.14225,2.505,0.776602,5.00992,4,496.053
hp-01352830-00082,benign,cleanup_utility,1757548882,224,,7.73541,2.03622,0.18032,0.252277,34.0733,0,0,0,1.82215,0,0.139853,2.01826,0,0,1.89168,1.96877,0.501338,1.14543,4.12453,4.21448,4,128.622
hp-01352830-00083,benign,backup_agent,1757548883,0,,1.48326,2.24879,0.13011,0.282216,127.066,5.90362,1.04572,0.988248,0.206186,0,0.310411,0,0,0,0.872863,1.25585,3.0699,0.861326,1.1442,6.60925,3,1595.12
hp-01352830-00084,RW,wiper_like,1757548884,0,,24.7892,0.433911,12.4278,0.644133,102.981,7.33244,0.548983,2.05319,5.60957,0,0.43176,1.06528,0.893229,0,6.65106,1.19412,2.02748,0,2.80403,1.81657,4,42.5548
hp-01352830-00085,RW,double_extortion,1757548885,1,,0,1.53745,2.56648,0.557668,62.4572,7.70576,0.278662,2.79577,14.477,5.63544,0.856361,2.33884,1.35149,0,22.0246,4.00082,2.6242,4.35288,3.43864,5.95326,4,170.615
hp-01352830-00086,RW,double_extortion,1757548886,224,,4.6536,1.8427,0.637657,0.690539,157.464,0,0,0,2.3051,9.73108,0.506573,0.807098,0.854808,2.19504,14.0119,2.5509,4.74315,2.15925,1.76058,4.30099,4,268.983
hp-01352830-00087,benign,installer,1757548887,0,,19.7607,1.74341,0.029643,0.00533161,42.1559,8,1.25464,3.6181,8.99725,0.863449,0.202651,3.94404,1.08522,2.10871,1.59313,1.81287,0.309665,4.61967,0,0.763511,3,42.9288
hp-01352830-00088,RW,wiper_like,1757548888,0,,51.6707,0.926864,24.756,0.821857,90.3171,8,0.272905,3.08762,7.44192,0,0.509705,1.57579,1.0495,1.03435,5.62821,3.6255,4.42153,5.1287,1.87701,2.86743,4,44.6975
hp-01352830-00089,benign,ambiguous:crypto_bulk,1757548889,224,,9.7114,1.34777,3.16754,0.470227,112.539,0,0,0,3.27472e+06,3.51931,0.943712,1.9287,1.08829,0,0,2.63459,3.50143,0.779188,1.00339,4.47337,4,52.2002
hp-01352830-00090,benign,backup_agent,1757548890,0,,1.95571,1.89041,0.0307522,0.128132,75.3367,3.77352,0.98721,0.173132,0.186281,0,0.192977,1.8644,0,0,1.48363,0.665969,3.88323,0.801852,0.880595,7.6606,2,2942.63
hp-01352830-00091,RW,ambiguous:crypto_bulk,1757548891,116480,,11.8047,1.04418,1.44289,0.727678,95.3471,7.17412,0.287632,3.22581,0,0,0,1.9518,0,0,0,0,0,0,0,0.979262,3,133.119
hp-01352830-00092,benign,disk_encryptor,1757548892,0,,2.9303,0.363031,0.299506,0.322791,79.1019,2.90648,0.915963,0.985243,14.2273,7.45668,0.822404,1.70261,0,0,2.64514,1.94133,0.832528,0,0,0,4,118.415
hp-01352830-00093,RW,ambiguous:slow_bulk,1757548893,0,,4.84689,1.13816,0.830422,0.557154,501.623,5.21482,0.775887,1.85523,1.37427,4.43941,0.404089,3.76675,0.874736,0,2.04935,2.92585,0.802858,0,1.73927,0.99435,3,263.797
hp-01352830-00094,benign,ambiguous:slow_bulk,1757548894,1,,0,0.970408,0.27606,0.2559,142.728,8,0.919039,1.5653,1.18921,3.26964,0.430962,1.94996,2.16007,0,0,2.84479,0.295593,0,3.7578,13.3227,3,373.205
hp-01352830-00095,benign,installer,1757548895,0,,7.13805,2.1776,0.0239037,0.116508,39.3225,4.78454,1.00434,0.925877,0.901486,0,0.0805258,8.54289,0,0,2.19096,0.583832,0.329072,3.05839,0,1.75967,2,135.778
hp-01352830-00096,benign,backup_agent,1757548896,0,,5.71564,12.0958,0.303545,0.689844,62.0595,8,1.2751,2.03506,2.45249,0,0.471427,1.17375,0,0,0,2.41089,0.349325,0,1.17317,5.21328,3,218.385
hp-01352830-00097,benign,backup_agent,1757548897,917728,,1.10023,3.92581,0.135526,0.0751658,300.347,0,0,0,0.384148,0,0.226446,4.03383,0,0,1.03217,2.19432,1.02412,0,0,0,3,821.241
hp-01352830-00098,benign,sync_client,1757548898,14336,,1.82406,1.18446,0.00919585,0.0243757,11.7305,4.55899,0.818414,0.513752,0.11719,0,0.267392,0,0,0,13.0293,4.30027,21.9548,0,0,0,3,881.317
hp-01352830-00099,RW,fast_crypto,1757548899,114688,,7.14903,0.739942,14.8545,0.491051,82.8451,6.40332,0.49355,0.811893,138.913,6.33704,0.543614,1.1793,1.00468,0,0,0,0,0.997293,0,5.16855,4,50.1693
hp-01352830-00100,RW,fast_crypto,1757548900,0,,15.765,2.28731,1.1781,0.850579,62.6729,6.93624,1.49726,3.0813,21.118,11.7534,0.391732,0,1.00966,1.5898,6.32798,3.46927,1.35624,1.94378,1.85513,2.42534,4,49.0293
hp-01352830-00101,RW,fast_crypto,1757548901,0,,12.219,0.889724,3.86094,0.635777,150.69,3.79316,0.323943,5.52311,56.0898,4.78083,0.46851,1.59697,0,3.1849,16.6464,3.24144,0.537688,0,4.50097,4.06333,4,44.5169
hp-01352830-00102,benign,installer,1757548902,919296,,2.10206,2.70755,0.0100499,0.07965,31.0513,5.84348,0.922395,0.935711,0,0,0,10.2134,1.01297,4.80778,2.20972,1.58289,0.572541,0,0,0,4,127.78
hp-01352830-00103,benign,office_workload,1757548903,224,,0.491409,10.7478,0.120111,0.0144088,6.44176,0,0,0,0.7463,0,0.25752,1.23595,0,0,3.54673,1.2673,1.4993,0,0,0,1,362.121
hp-01352830-00104,RW,low_and_slow,1757548904,14336,,1.06825,0.803652,0.0519661,0.385952,93.7292,7.39729,0.257983,2.25263,0.514841,4.67856,0.448836,0,0,0,4.83439,2.73352,10.3358,2.05307,1.55934,0.990976,4,718.708
hp-01352830-00105,benign,office_workload,1757548905,224,,0.0439684,3.65219,0.0208856,0.0586818,130.298,0,0,0,0.0958885,0,0.223223,0,0,0,0,0.637033,1.19352,0,0,2.28515,2,801.491
hp-01352830-00106,benign,ambiguous:slow_bulk,1757548906,0,,2.43535,1.68058,0.204894,0.221069,116.453,7.1513,0.619273,1.55249,1.36699,2.62129,0.356803,0.990496,0,0,2.15166,2.58406,0.728206,0,1.03989,3.25927,3,194.991
hp-01352830-00107,RW,wiper_like,1757548907,0,,31.8721,1.70572,5.13629,0.498741,127.272,6.19661,0.278549,4.36242,16.219,1.00289,0.697418,2.19291,1.86281,0,1.91551,3.94257,4.66894,0,0.901175,5.79734,4,60.6747
hp-01352830-00108,RW,fast_crypto,1757548908,14336,,8.88258,0.362137,3.25982,0.866972,156.018,5.49475,0.175332,3.76847,20.6128,3.46268,0.5902,0,0,0,2.78032,4.23744,3.12499,0,1.05757,4.08769,4,40.7203
hp-01352830-00109,RW,wiper_like,1757548909,224,,43.2516,1.46452,9.29943,0.515214,75.2297,0,0,0,14.4231,0,0.829452,1.88337,1.93646,0,12.3446,3.94893,6.55019,0,2.33415,2.7102,4,77.6781
hp-01352830-00110,RW,low_and_slow,1757548910,917504,,0.540894,0.644288,0.114096,0.46117,129.979,6.31902,0.182704,2.80447,0.684416,4.84021,0.459074,1.76982,1.37463,0,4.02649,2.91048,2.22472,0,0,0,4,458.633
hp-01352830-00111,RW,wiper_like,1757548911,0,,21.5686,0.371898,5.36546,0.677965,116.074,8,0.707695,1.39842,1.43774,0,0.754207,3.03195,2.535,2.0963,6.01227,2.84386,2.57687,1.06708,1.00894,5.29528,4,32.6291
hp-01352830-00112,benign,disk_encryptor,1757548912,1792,,1.5456,1.16711,0.469561,0.31914,96.7777,7.03793,0.406122,3.24377,0,0,0,1.63423,0,1.07651,2.06172,1.00625,0.483752,0,0,4.2523,2,353.434
hp-01352830-00113,RW,wiper_like,1757548913,917504,,80.7812,0.592204,34.0383,0.23497,126.393,7.17942,0.273171,2.27288,11.3015,0,0.748703,0.858152,1.03971,2.06131,6.316,3.48345,1.11346,0,0,0,4,25.3929
hp-01352830-00114,RW,low_and_slow,1757548914,0,,12.1347,0.850894,0.919276,0.594537,111.395,8,0.143035,2.4446,9.20249,8.91583,0.645628,3.94886,0,1.04908,1.91499,3.53391,2.43582,1.01773,2.35807,1.77541,4,150.566
hp-01352830-00115,benign,disk_encryptor,1757548915,14336,,9.56144,1.16045,0.864147,0.20659,75.5603,5.15274,0.156083,3.55478,8.75107,1.69527,0.505156,0,0,0,2.56101,1.14989,0.433054,0,0,0.924055,2,223.696
hp-01352830-00116,benign,installer,1757548916,0,,2.27197,2.35543,0.0101147,0.0213396,16.1064,4.55973,0.52388,1.57384,2.04636,0,0.669679,11.1861,0,2.75627,0,2.31381,0.807806,2.60823,0,0,4,86.8277
hp-01352830-00117,benign,office_workload,1757548917,0,,0.0300146,1.80334,0.00337477,0.138525,12.5757,5.73659,1.84032,0.272242,0.358022,0,0.381085,3.05888,0,0,1.15487,3.02877,0.348862,0,0,0.87885,2,1677.23
hp-01352830-00118,benign,installer,1757548918,114688,,6.46535,1.21582,0.0118051,0.010134,8.68143,6.78614,0.563067,0.573042,3.59913,1.06645,0.184596,4.90223,1.16368,0.974775,0,0,0,2.16905,1.02699,0,2,97.3553
hp-01352830-00119,benign,sync_client,1757548919,0,,0.606914,1.52785,0.00518786,0.0834278,7.22759,4.67511,2.35447,0.297953,0.0441768,0,0.440048,1.29234,0,0,10.8772,4.56639,1.40299,1.07262,0,0,2,1695.83
hp-01352830-00120,benign,sync_client,1757548920,0,,0.533004,1.85685,0.00411118,0.148604,38.2205,7.0506,0.740318,0.83874,0.340335,0,0.3571,2.40995,1.1151,0,26.4033,3.49164,5.93926,0,0,1.08654,2,798.926
hp-01352830-00121,RW,low_and_slow,1757548921,0,,0.369074,1.45348,0.266827,0.477063,73.4395,6.2877,0.288045,4.13311,0.861982,5.13021,0.42751,0,0,2.32671,1.72354,5.05898,3.94251,0,0,0,4,392.641
hp-01352830-00122,benign,office_workload,1757548922,0,,0.0580537,3.03462,0.00515127,0.0134622,23.5053,4.39161,0.608128,0.325216,0.0650524,0.988398,0.187374,2.08003,0,0,0.959235,1.29985,1.69524,2.13275,0,1.80006,1,2492.4
hp-01352830-00123,benign,office_workload,1757548923,0,,0.0932083,4.84494,0.0540811,0.105103,134.99,2.24808,0.494606,0.878119,0.147573,0.923477,0.329817,2.01709,0.867111,0,2.17705,1.29169,0.0923234,0,0,0,2,266.988
hp-01352830-00124,benign,office_workload,1757548924,114688,,0.267724,2.73712,0.0163243,0.0156676,26.6761,4.44377,0.771904,0.859825,1.01006,0,0.512287,0,0,0,0,0,0,0,0,0,1,268.862
hp-01352830-00125,benign,cleanup_utility,1757548925,0,,7.81441,1.45046,0.553746,0.5137,31.4166,4.07219,1.0137,0.337579,0.255189,0,0.426595,0,0,0,1.06861,2.05635,2.26749,0,2.45977,7.47696,2,169.066
hp-01352830-00126,RW,wiper_like,1757548926,0,,31.9527,0.50313,53.3096,0.927236,55.3164,7.76014,0.368207,2.18314,3.07451,1.07306,0.325821,0,0,0,7.81794,2.40782,9.19718,0,1.87575,8.47353,4,40.6576
hp-01352830-00127,benign,installer,1757548927,0,,2.16005,0.5098,0.0191074,0.109048,56.6147,4.81892,0.748465,1.72966,7.99159,1.17304,0.53513,11.3015,1.01739,0.837244,0.932742,0.512356,2.07002,4.64374,0,0,4,61.3417
hp-01352830-00128,RW,fast_crypto,1757548928,0,,2.1543,0.538107,1.60856,0.627587,196.071,6.59783,0.382333,2.29619,21.017,6.50745,0.696499,1.03763,4.38266,1.12856,2.89015,4.54502,2.08352,1.876,1.83873,9.58806,4,57.9359
hp-01352830-00130,benign,ambiguous:crypto_bulk,1757548930,0,,6.2882,0.523034,0.384466,0.233543,44.2448,7.18239,0.178221,2.26094,4.93246,3.39332,0.898408,2.04063,0,0,6.12021,2.24968,1.72442,0,0,3.07734,4,112.577
hp-01352830-00131,benign,sync_client,1757548931,14336,,2.41397,1.11392,0.0192613,0.00698298,17.0013,3.67407,0.636423,1.29579,0.0257702,0,0.269382,0,0,0,8.86034,3.55269,5.65456,0,0,0,3,365.975
hp-01352830-00132,RW,double_extortion,1757548932,0,,3.58765,1.33685,0.262758,0.630138,100.502,7.22542,0.319596,2.0041,3.216,4.33747,0.737992,1.77754,1.05788,0.904842,27.3706,4.1377,3.92151,2.16901,2.83647,5.56038,4,277.619
hp-01352830-00133,RW,ambiguous:network_bulk,1757548933,0,,2.39811,1.62576,0.70113,0.061559,264.646,7.4178,0.200155,3.16057,4.84035,3.98483,0.410846,0,0,0,9.84515,3.77888,4.57408,0,0,6.34694,4,263.415
hp-01352830-00134,benign,installer,1757548934,0,,3.88855,6.1194,0.115402,0.0500936,29.6825,3.17619,0.599471,1.20336,3.17174,0.92038,0.318855,7.60349,0,2.83976,0,1.09876,2.17383,8.66329,0,0.944094,4,94.265
hp-01352830-00135,RW,wiper_like,1757548935,16128,,26.5193,2.20414,38.1165,0.743112,104.501,5.74987,0.14206,2.48236,0,0,0,0,0,0,4.19981,3.03715,3.36531,1.88787,3.96499,0.779334,4,33.1833
hp-01352830-00136,RW,ambiguous:network_bulk,1757548936,1792,,4.40252,1.81864,1.05496,0.536782,154.907,5.37457,1.07335,1.77039,0,0,0,2.02922,0,1.05516,19.9639,3.79537,4.51237,2.24001,1.30785,1.08209,4,158.676
hp-01352830-00137,RW,double_extortion,1757548937,0,,1.4165,2.07993,1.35511,0.0874458,242.615,6.01408,0.169077,1.81595,6.9112,4.46136,0.555134,7.2652,2.25742,0.842321,16.2776,3.36972,4.05282,1.01947,3.32922,7.75553,4,136.202
hp-01352830-00138,benign,sync_client,1757548938,917504,,1.06326,1.56957,0.0328798,0.0847954,1.31372,8,2.35012,0.551829,0.0694117,0,0.00975455,2.23339,0,0,22.6651,3.42337,7.3493,0,0,0,2,904.369
hp-01352830-00139,RW,double_extortion,1757548939,114688,,9.13121,2.98847,2.30298,0.568629,58.8004,6.47119,0.123097,4.27187,25.032,2.47055,0.503761,1.78744,0,0,0,0,0,0,7.02446,1.81036,4,82.6026
hp-01352830-00140,benign,sync_client,1757548940,0,,2.94329,0.781389,0.0778256,0.0802467,9.89528,4.33927,1.94687,0.166518,0.29595,1.76104,0.357768,5.51739,0,0,19.1602,3.19023,9.96405,1.08471,0,2.24215,3,506.311
hp-01352830-00141,RW,double_extortion,1757548941,0,,0.56116,1.73564,0.222453,0.475277,115.878,6.5955,0.752438,3.94656,2.54103,5.20764,0.780401,1.24052,2.52666,0,25.2456,3.88512,4.94736,0.788507,3.57773,2.2743,4,651.06
hp-01352830-00142,RW,fast_crypto,1757548942,0,,26.4867,1.04785,12.2111,0.49624,158.036,7.13754,0.143287,3.69069,84.1627,2.21491,0.816468,1.00331,4.22723,2.34939,3.99967,2.66402,2.21211,1.13763,3.0898,8.76676,4,15.0856
hp-01352830-00143,benign,disk_encryptor,1757548943,2016,,8.20178,1.07138,0.329995,0.265431,117.687,0,0,0,0,0,0,0,0,0.97647,1.80474,0.931949,1.89534,0,0,0.980076,1,148.077
hp-01352830-00144,RW,ambiguous:slow_bulk,1757548944,0,,4.96799,2.74701,0.0896114,0.306051,45.605,6.38054,1.01681,3.69022,1.94819,0.976217,0.374507,0,0.913965,0,1.06588,3.73883,1.10656,0.955417,0.948095,9.12983,4,710.133
hp-01352830-00145,RW,wiper_like,1757548945,0,,85.3602,0.639674,21.3167,0.767134,78.8882,6.8784,0.253201,2.34279,7.51098,0,0.526419,2.94121,0,2.25918,5.767,1.59652,0.409986,0.931582,2.10245,3.6561,1,20.3736
hp-01352830-00146,benign,ambiguous:crypto_bulk,1757548946,0,,10.7954,0.526368,3.60716,0.570161,66.4045,4.46481,0.520885,1.67596,31.2054,2.08609,0.572472,3.41631,0,0.760929,2.44942,2.3061,0.871209,0.88907,1.05556,2.79039,3,93.6715
hp-01352830-00147,benign,disk_encryptor,1757548947,114688,,4.12278,0.214589,0.93666,0.390152,139.325,5.21585,0.308268,1.24336,1.25759e+06,8.01343,0.514032,3.43495,0,0,0,0,0,0.923871,0,0,3,105.571
hp-01352830-00148,benign,ambiguous:slow_bulk,1757548948,0,,1.14942,0.529688,0.187177,0.598295,150.095,6.68886,0.761053,2.64934,1.40402,9.43331,0.126533,0,0,2.00267,1.91883,2.54684,3.0748,0,0,8.22772,3,491.563
hp-01352830-00149,benign,sync_client,1757548949,0,,1.24988,0.596691,0.0401191,0.118147,14.4195,3.25427,2.88271,0.406172,0.0335159,0.991521,0.114271,0,0,0,12.3597,2.85653,6.70977,0,0,0,1,781.19
hp-01352830-00150,RW,wiper_like,1757548950,917504,,17.1835,1.50103,16.0126,0.63101,188.408,6.08952,0.180828,4.73122,6.64745,0,0.507867,2.30528,1.28713,1.89965,1.80419,3.44092,2.4988,0,0,0,4,32.3026
hp-01352830-00151,benign,cleanup_utility,1757548951,0,,0.892707,3.65937,0.0377482,0.23512,34.7208,2.7676,0.381865,0.705355,0.223386,0,0.169773,1.87779,0,0,2.44126,0.413545,0.329051,1.08845,2.96979,6.62554,3,416.54
hp-01352830-00152,benign,ambiguous:slow_bulk,1757548952,114688,,1.07401,3.09659,0.121373,0.660607,100.372,5.92429,0.669015,1.53879,2.98732,1.88741,0.691745,2.25517,1.01575,0.7294,0,0,0,0,0,7.72821,4,549.646
hp-01352830-00153,benign,sync_client,1757548953,0,,0.349019,3.21613,0.000281289,0.033243,10.233,6.9411,1.23567,0.07592,0.0174011,0,0.322426,1.02956,1.22324,0,22.2982,3.08083,0.75123,1.80107,0,1.10771,2,4578.02
hp-01352830-00154,benign,sync_client,1757548954,1792,,0.39521,0.568302,0.010029,0.136567,8.19561,5.7204,0.65858,0.941,0,0,0,0,0,0,20.9434,2.72424,2.3142,0,0,0,2,1080.87
hp-01352830-00156,RW,ambiguous:slow_bulk,1757548956,0,,0.908991,1.62851,0.231982,0.443497,49.2914,6.94812,0.654499,2.20053,2.24188,5.10461,0.392958,1.86144,0,0.992666,0.910295,4.14019,1.04741,2.41472,0,8.02675,3,517.249
hp-01352830-00157,benign,ambiguous:network_bulk,1757548957,0,,1.09646,1.75312,0.421407,0.39611,144.687,6.50907,0.3967,0.51402,8.81863,2.75065,0.390424,3.3913,0,0,26.5979,3.57335,14.6788,0,0,1.01404,3,441.352
hp-01352830-00158,benign,ambiguous:network_bulk,1757548958,0,,2.3126,1.45876,0.974125,0.507988,30.2739,6.35852,1.27834,2.4433,10.5996,5.32637,0.358192,0.893638,0.888069,1.06761,17.2213,3.41213,1.90425,0,1.63093,2.12236,3,434.947
hp-01352830-00159,RW,wiper_like,1757548959,0,,124.631,2.05202,11.4949,0.738276,116.634,6.38797,0.252233,3.41546,1.93586,0,0.267093,1.86494,0.850854,0.902401,4.27589,2.93423,8.99138,0.843422,3.20606,5.90083,4,24.0035
hp-01352830-00160,RW,wiper_like,1757548960,224,,17.632,1.5093,10.5514,0.463528,72.139,0,0,0,1.88627,0,0.783836,2.82957,2.38987,0,3.23785,2.88827,1.24749,1.83306,2.06386,3.30054,3,48.9102
hp-01352830-00161,RW,wiper_like,1757548961,0,,49.696,0.815926,29.0873,0.808543,45.9274,6.99186,0.430294,2.73656,4.89495,2.70452,0.6731,0,0.90857,0,3.8408,2.59842,1.48672,4.40998,4.61469,5.28658,3,38.2271
hp-01352830-00162,benign,sync_client,1757548962,1792,,0.628859,1.16148,0.0154912,0.0521528,111.643,5.32201,1.14002,0.686398,0,0,0,2.30638,0,0,14.4957,3.64887,15.9079,0,0,0,2,422.431
hp-01352830-00163,benign,disk_encryptor,1757548963,1792,,8.7361,1.07869,0.158083,0.681327,103.541,8,0.218571,1.364,0,0,0,0,1.06912,0,4.20366,1.45037,0.91298,0,0,0.9803,3,244.329
hp-01352830-00164,benign,installer,1757548964,0,,5.96514,5.21408,0.0502458,0.00662493,35.6292,6.05511,0.721176,4.92497,18.784,0,0.308435,10.1482,0,0,1.36689,0.97362,0.556341,1.051,0,1.04635,3,42.9996
hp-01352830-00165,benign,ambiguous:slow_bulk,1757548965,0,,3.60275,0.851215,0.134621,0.393141,49.093,7.01647,0.799811,8,4.13119,2.10394,0.558077,4.65962,0,0,0.924795,3.20445,0.780855,0,0,6.30602,4,242.008
hp-01352830-00166,benign,ambiguous:slow_bulk,1757548966,0,,1.16429,6.60649,0.0724486,0.572318,181.963,6.79904,0.528605,2.74512,1.23114,2.75287,0.580492,1.92238,0.9658,0,1.24378,1.92942,5.11697,0.911946,0.902347,6.87157,4,1226.99
hp-01352830-00168,benign,cleanup_utility,1757548968,0,,3.98719,1.72274,0.473843,0.304121,31.4813,1.87636,1.23556,0.65534,1.21169,0.871855,0.227807,3.18654,0,0,0,1.23283,1.30084,0,1.89958,7.72247,3,131.174
hp-01352830-00169,benign,backup_agent,1757548969,0,,1.10577,1.05373,0.0113345,0.23729,74.7434,7.02212,0.688949,4.98614,0.897881,0.861808,0.340603,0,0.815816,0,1.21825,1.03231,0.484307,1.89141,0.849971,10.9684,3,1527.43
hp-01352830-00170,benign,ambiguous:crypto_bulk,1757548970,0,,5.32448,0.903387,2.63366,0.491392,73.5309,8,0.398316,4.68733,12.9392,3.89599,0.480688,0.924943,0,1.13593,7.04327,1.18215,7.68742,0,0.969714,4.78228,3,240.295
hp-01352830-00171,benign,office_workload,1757548971,114688,,0.314842,2.34841,0.0266008,0.0220707,3.74888,3.11475,1.08012,1.19512,0.269861,0,0.122383,4.45633,0,0,0,0,0,0,1.08361,0.889813,2,273.768
hp-01352830-00172,RW,low_and_slow,1757548972,114688,,1.51238,0.771798,0.042418,0.679419,162.666,8,0.240068,1.83743,0.93004,8.61303,0.481598,1.14397,0,0,0,0,0,1.68506,2.09404,5.76172,3,161.139
hp-01352830-00173,benign,office_workload,1757548973,0,,0.0788115,1.54253,0.00382559,0.166636,6.81752,3.17202,1.45544,0.870104,0.259757,0,0.143779,2.37388,0,0,0,2.01271,1.55298,1.03316,0,0,1,1393.48
hp-01352830-00174,RW,fast_crypto,1757548974,0,,16.2812,0.941934,16.568,0.241112,129.732,8,0.456284,2.52889,22.172,4.08947,0.640479,2.87917,1.0261,4.09396,4.4365,3.95901,0.524878,3.26776,5.96992,5.04866,4,63.6856
hp-01352830-00175,benign,backup_agent,1757548975,0,,3.30157,2.73317,1.63799,0.160439,169.262,8,0.858063,1.16853,0.505733,0,0.104364,1.06242,0,0,1.95868,2.13392,0.387082,0,0,6.47787,2,911.762
hp-01352830-00176,RW,ambiguous:crypto_bulk,1757548976,0,,75.5513,0.648848,19.9944,0.670035,154.903,7.16973,0.362987,2.52729,22.7724,5.72566,0.541919,0,0.804363,0,6.42066,2.8402,4.90659,0,1.00992,6.0136,4,38.1626
hp-01352830-00177,benign,ambiguous:crypto_bulk,1757548977,0,,7.35745,0.810779,1.13506,0.57691,251.779,5.97907,0.662862,3.4184,7.29431,6.06707,0.618505,0,0,0,2.62195,1.83552,1.73642,0,2.02022,0,4,108.899
hp-01352830-00178,RW,fast_crypto,1757548978,0,,15.6231,0.746122,5.55138,0.715498,206.91,7.15878,0.272207,2.83345,28.5137,8.91447,0.751683,4.81735,0,1.16121,5.46713,2.44148,2.50393,3.49157,0,6.49005,4,57.4
hp-01352830-00179,benign,sync_client,1757548979,114688,,4.87492,1.23025,0.0286094,0.0916315,4.02361,4.04444,1.67094,0.382856,2.64158,0,0.188422,2.22429,0,0,0,0,0,0,0,0.929057,2,193.293
hp-01352830-00180,benign,installer,1757548980,0,,1.47078,2.47316,0.0100349,0.111727,49.2406,4.91777,1.87722,0.878523,1.84037,0,0.621361,6.31625,0,2.71869,0.883342,1.02219,0.796498,5.47212,0,0,2,21.1936
hp-01352830-00181,RW,wiper_like,1757548981,0,,75.8575,0.494306,43.5277,0.691129,178.343,6.32307,0.142341,3.06811,4.75253,0,0.667329,0,0.824515,1.04676,8.91447,3.8194,8.56396,0.938593,1.62985,5.30353,4,24.1582
hp-01352830-00182,benign,ambiguous:slow_bulk,1757548982,0,,1.47881,2.30478,0.0743593,0.46553,98.3474,6.8446,0.263386,2.32151,1.51223,0,0.157313,3.01948,0,0,1.77882,3.12961,1.58424,0,0.986509,4.30597,4,568.818
hp-01352830-00183,RW,wiper_like,1757548983,0,,11.3136,0.887777,8.61098,0.223812,48.8862,5.86877,0.304687,2.20112,1.82634,0,0.71478,0.803253,1.07594,0,2.79382,2.87553,2.0938,1.11229,3.63204,4.0458,3,123.513
hp-01352830-00184,RW,low_and_slow,1757548984,0,,0.580076,0.828058,0.0502625,0.813679,184.038,5.05647,0.198116,1.28297,0.603243,4.93554,0.450622,2.01673,2.25721,0.6758,1.91053,4.54526,0.867032,2.63895,0,4.79865,4,1463.79
hp-01352830-00185,RW,wiper_like,1757548985,1823,,0,0,0,0,0,8,0.869748,2.0858,0,0,0,3.30514,2.87629,2.09329,8.94609,4.271,2.03803,5.40843,1.84671,0.883066,3,67.732
hp-01352830-00186,RW,ambiguous:crypto_bulk,1757548986,0,,4.68914,0.347809,0.276419,0.524078,184.845,7.02015,0.263499,2.95515,9.83178,6.13854,0.859964,2.4842,1.01389,0,4.65459,2.30443,0.599899,0,0,3.87981,4,192.711
hp-01352830-00187,RW,wiper_like,1757548987,0,,293.228,0.825566,63.6872,0.651298,124.931,7.63492,0.141436,2.15332,56.0376,0,0.492477,0.838725,3.17181,1.78227,2.98835,3.08034,0.497468,0,1.89166,3.99754,4,12.8376
hp-01352830-00188,benign,disk_encryptor,1757548988,0,,11.9659,1.60456,0.668046,0.429154,37.7491,8,0.529175,0.947494,66.4126,0,0.776088,1.009,0,0,1.12315,2.63912,0.290757,0,0,1.297,2,101.882
hp-01352830-00189,benign,sync_client,1757548989,0,,1.06564,2.04676,0.00650654,0.0907821,62.4142,3.82141,1.27087,0.321829,0.0415813,0,0.123951,1.69322,0,0,30.3354,3.08661,11.7036,0,0,0,3,362.739
hp-01352830-00190,RW,wiper_like,1757548990,0,,45.7689,0.247407,23.6488,0.926322,58.6746,8,0.323316,1.70842,13.2505,0,0.707068,0,4.75225,0,1.08191,2.75411,1.53439,3.03545,2.20502,5.67126,4,27.3612
hp-01352830-00191,RW,ambiguous:crypto_bulk,1757548991,0,,44.8191,0.62192,13.279,0.613954,161.681,8,0.376359,1.07706,50.2062,2.90344,0.689029,2.23573,0,0,4.79663,2.58586,0.510996,0,1.03859,4.11963,4,70.9201
hp-01352830-00192,benign,ambiguous:network_bulk,1757548992,114688,,2.30807,1.40307,1.29618,0.354694,166.587,5.357,0.547888,1.29662,3.15824,3.22152,0.16004,4.28018,1.01175,1.15672,0,0,0,1.05031,1.95856,2.22806,4,227.462
hp-01352830-00194,benign,cleanup_utility,1757548994,1032192,,5.76426,1.47194,0.693347,0.197254,171.03,6.23766,1.63395,1.3869,0.584171,0,0.0839166,1.96378,0,0,0,0,0,0,0,0,3,156.949
hp-01352830-00195,benign,backup_agent,1757548995,31,,0,0,0,0,0,3.94292,0.870018,3.75482,1.99032,0,0.0551825,1.07003,0,0,1.12012,1.64321,0.586122,0,1.09269,7.03597,3,621.001
hp-01352830-00196,RW,low_and_slow,1757548996,0,,2.41272,1.21855,0.358995,0.28542,58.9045,6.12936,0.254638,1.53988,6.00983,4.32955,0.654203,2.92494,1.82977,0,2.60215,3.30688,3.22288,0.676149,3.00598,1.53944,4,190.948
hp-01352830-00197,benign,disk_encryptor,1757548997,0,,5.8157,3.17905,1.87716,0.44411,65.1321,7.16545,0.356445,2.27063,5.85661,5.16417,0.752721,0,0,0,2.07618,2.74877,1.29335,0,0,0,2,168.986
hp-01352830-00198,benign,ambiguous:network_bulk,1757548998,14336,,1.27861,0.940786,0.293038,0.477204,18.1649,5.81081,0.2496,2.12819,4.72116,3.02155,0.482151,0,0,0,16.1747,4.53624,22.0911,2.07797,1.0577,1.88887,4,588.572
hp-01352830-00199,benign,installer,1757548999,0,,1.56822,2.7615,0.0352032,0.0111863,29.5243,3.94804,1.22693,4.1712,4.54382,0,0.4413,14.2761,1.10918,1.20415,2.79087,2.21837,0.685455,1.67056,1.15259,0,4,44.0052
hp-01352830-00200,RW,double_extortion,1757549000,917504,,6.7509,2.89598,2.11916,0.582719,114.146,7.27712,0.428356,0.645774,5.38092,8.98405,0.889144,1.80662,1.73824,0,25.6004,2.73014,12.2628,0,0,0,4,74.8372
hp-01352830-00201,RW,double_extortion,1757549001,114688,,1.76409,0.807037,0.716647,0.574672,384.939,7.5391,0.228264,1.74894,13.2727,5.94987,0.656967,0,0,0,0,0,0,3.28824,2.14358,3.74478,4,142.4
hp-01352830-00202,RW,double_extortion,1757549002,224,,2.52675,0.606505,0.451413,1,177.733,0,0,0,9.23166,8.09845,0.780458,0.939037,0,0,17.0544,3.4149,3.55072,0,2.04394,0,4,149.223
hp-01352830-00203,RW,fast_crypto,1757549003,0,,15.8863,0.825236,6.20324,0.795139,41.4687,6.44619,0.397069,1.79804,17.3187,1.81169,0.651702,2.24662,0.939754,0,4.83843,3.28863,1.29774,2.34479,0.810547,2.30709,4,50.9758
hp-01352830-00204,benign,installer,1757549004,114688,,20.7645,1.82892,0.0584875,0.0560078,5.09295,6.97991,1.08997,0.86377,42.1938,0,0.504226,3.80607,0,2.27304,0,0,0,6.97012,0,0,3,35.6257
hp-01352830-00205,benign,disk_encryptor,1757549005,0,,6.41306,1.68155,0.758906,0.242545,33.7046,6.06116,0.562808,2.06757,5.90909,2.10369,0.601962,1.65248,0,0,0.894265,0.968269,0.43786,0,0,0,3,101.596
hp-01352830-00206,RW,fast_crypto,1757549006,0,,5.48753,0.915763,0.31351,0.894364,147.617,7.03357,0.195338,2.89134,6.91742,12.5914,0.548087,1.9892,0,0,5.20017,2.06007,6.37399,0.885249,0,4.00744,4,218.106
hp-01352830-00207,benign,cleanup_utility,1757549007,0,,1.99025,4.39126,0.267624,0.0885016,165.639,4.09514,3.22316,1.91303,0.37193,0,0.183843,2.34869,0,0,0.776985,1.96601,0.908471,0,5.98439,7.36277,3,204.995
hp-01352830-00208,RW,low_and_slow,1757549008,0,,0.822356,2.08032,0.141766,0.458019,85.8614,7.70274,0.188451,2.13604,0.443358,9.79519,0.449135,1.21223,0.793616,0.832634,3.62183,3.34676,12.1178,0.865804,0,5.8793,4,492.388
hp-01352830-00209,RW,wiper_like,1757549009,0,,6.71979,0.680541,10.3444,0.606508,149.454,5.85457,0.175709,4.72238,4.44179,0,0.955823,7.68603,6.11255,1.21744,4.6683,4.67727,1.81556,1.07182,0.85996,5.70165,3,84.3074
hp-01352830-00210,RW,wiper_like,1757549010,0,,10.3993,0.492845,6.4939,0.835958,455.732,6.3024,0.273237,2.53106,2.28098,0,0.60202,3.83192,1.87685,2.02973,14.537,3.57272,2.22294,1.10975,0,2.92048,4,130.523
hp-01352830-00211,benign,installer,1757549011,0,,2.0102,3.79885,0.0798853,0.104589,5.84141,4.2667,0.727291,2.21211,0.390111,0.999492,0.0905219,8.68149,0,1.12089,0,1.28713,0.275161,2.51577,0,0,3,101.08
hp-01352830-00212,benign,installer,1757549012,1792,,4.05214,2.64157,0.0751808,0.0727938,11.2346,3.39629,5.13162,1.82822,0,0,0,6.30746,0,0.791345,1.29388,2.33896,1.4888,3.92563,0,0,2,83.6346
hp-01352830-00213,benign,ambiguous:slow_bulk,1757549013,0,,0.384613,4.01547,0.895962,0.402171,135.042,7.09646,0.712428,1.76863,0.850626,1.21133,0.392863,6.64995,0,0,4.71365,2.08538,2.63654,2.04742,3.10222,5.88563,4,700.807
hp-01352830-00214,benign,backup_agent,1757549014,224,,2.0716,4.05543,0.172291,0.21722,472.84,0,0,0,0.558879,0.869371,0.31721,2.46291,0,0,0.916823,1.84562,0.260124,0.90038,0,11.7031,4,685.008
hp-01352830-00215,RW,ambiguous:slow_bulk,1757549015,0,,2.84251,0.84374,0.331857,0.789145,106.256,5.16162,0.512514,1.96981,1.64361,1.77606,0.624022,1.87746,0,1.03215,1.02292,2.44326,0.513167,1.1833,0.87678,4.97905,4,385.261
hp-01352830-00216,benign,office_workload,1757549016,116480,,0.404033,4.87999,0.243204,0.0516124,5.49684,3.67085,1.17265,0.192118,0,0,0,1.89296,0,0,0,0,0,0,0,0,1,656.665
hp-01352830-00217,benign,installer,1757549017,14336,,14.1551,0.821267,0.248704,0.140417,9.71374,4.88109,1.20052,1.80183,2.99658,1.05558,0.207625,0,0,0,0.858744,2.09381,1.37834,5.5658,1.05953,0,4,7.77181
hp-01352830-00218,RW,low_and_slow,1757549018,0,,3.51885,1.0401,2.66188,0.660742,130.861,8,0.455045,3.4719,2.10126,9.09338,0.689378,1.01724,0,0.938051,5.26452,2.51184,1.4903,1.96364,1.81286,5.31484,4,226.178
hp-01352830-00219,RW,double_extortion,1757549019,919296,,1.43231,0.748141,1.00162,0.864767,79.502,6.99175,0.192834,1.24749,0,0,0,2.02973,0,0,19.1679,3.46328,2.91054,0,0,0,4,665.637
hp-01352830-00220,RW,wiper_like,1757549020,114688,,24.3344,1.22237,16.8206,0.540361,135.718,6.86492,0.158208,1.19136,1.33967,0,0.464629,0,3.43725,2.23456,0,0,0,1.07023,1.01052,5.28086,4,40.6262
hp-01352830-00221,benign,sync_client,1757549021,0,,0.839702,1.65796,0.00916301,0.104016,19.4607,3.9797,1.58974,0.164139,0.672262,0,0.602889,0.746572,1.00199,0,13.2016,2.99867,3.53938,0,1.05024,0,3,294.13
hp-01352830-00222,benign,sync_client,1757549022,14336,,1.36465,4.21034,0.00885575,0.12146,5.15469,7.54585,0.880055,0.184719,0.0651661,0,0.191275,0,0,0,14.5574,4.32933,1.83028,0.751062,0,0.921688,1,154.702
hp-01352830-00223,RW,double_extortion,1757549023,0,,2.07819,0.580646,1.37985,0.52246,92.1728,6.83029,0.81991,2.22096,14.1667,5.0227,0.717725,1.07433,2.02965,0,7.73971,3.43847,17.5429,1.02555,2.09412,2.01261,4,197.159
hp-01352830-00224,benign,installer,1757549024,1,,0,2.43112,0.0437786,0.150871,4.68261,5.23295,2.45762,2.31542,1.3112,0,0.143002,9.83286,0,2.15357,0.966212,1.60803,0.988569,3.31795,0,0,2,103.298
hp-01352830-00225,RW,wiper_like,1757549025,0,,51.752,0.467063,19.0114,0.727245,101.872,5.55931,0.517589,3.00404,16.2144,1.72472,0.70916,3.1314,0,1.40333,8.98684,3.659,4.24783,4.26928,1.90864,4.85838,4,16.2923
hp-01352830-00226,benign,disk_encryptor,1757549026,0,,10.1155,1.51199,1.05604,0.521934,89.5869,8,0.638033,2.20165,19.5701,4.01288,0.613832,0,0,0,0.843194,2.0743,0.861605,0,0,1.12089,3,55.6856
hp-01352830-00227,benign,cleanup_utility,1757549027,917504,,5.93605,1.24647,0.186717,0.544238,75.249,4.82535,2.11017,0.653243,0.195483,0,0.229858,0,0,0,3.53873,1.47269,1.31972,0,0,0,3,174.026
hp-01352830-00228,RW,fast_crypto,1757549028,114688,,24.7373,1.31769,4.68272,0.584459,365.649,6.58636,0.279697,1.38124,42.2002,3.41344,0.415117,2.0179,0,0,0,0,0,0.968605,2.61209,4.31175,4,27.4895
hp-01352830-00229,RW,wiper_like,1757549029,0,,56.9078,1.6817,18.4772,0.75663,208.26,6.51484,0.245303,1.18701,15.1273,0,0.408169,0.939269,0,3.75719,6.16506,3.58554,0.712876,2.05841,0,4.7976,4,25.8928
hp-01352830-00230,RW,fast_crypto,1757549030,1792,,30.418,0.550761,14.7008,0.690294,121.59,6.99677,0.262159,1.57959,0,0,0,0.998752,0.913461,0,6.69226,2.41926,0.441343,0,1.05933,2.29998,4,44.7243
hp-01352830-00231,RW,low_and_slow,1757549031,1792,,0.406712,0.669421,0.149889,0.220464,42.8444,7.19548,0.377867,1.3839,0,0,0,3.19672,2.62395,1.00325,2.44284,3.65997,2.16949,1.10357,0,0,3,433.057
hp-01352830-00232,benign,ambiguous:crypto_bulk,1757549032,0,,6.76354,1.20281,1.71257,0.452925,57.2604,8,0.290647,3.66339,23.3359,4.63249,0.393665,2.97311,0,0.789836,4.33814,3.45673,0.512308,0,0.837895,1.5536,4,90.9421
hp-01352830-00234,RW,low_and_slow,1757549034,1792,,1.998,1.19302,0.182204,0.277123,47.0973,6.84133,0.802527,3.38586,0,0,0,0,1.16369,0,3.35534,3.25229,1.50107,2.87673,0.872501,4.17282,4,417.96
hp-01352830-00235,benign,office_workload,1757549035,0,,0.0740365,1.96475,0.00450566,0.0115155,8.77491,8,2.01013,0.33354,0.0938048,0,0.374433,1.02969,0,0,3.29139,2.09908,0.419449,0.955987,0,2.4094,2,1576.18
hp-01352830-00236,benign,backup_agent,1757549036,0,,7.01258,1.58783,0.811846,0.425569,101.064,4.92258,1.22833,3.72829,3.81448,1.0537,0.215115,0.961106,0,0,0,3.01444,1.24957,1.35513,0,11.3909,2,275.699
hp-01352830-00237,RW,fast_crypto,1757549037,0,,9.9041,0.318768,32.5841,0.274104,129.851,7.93111,0.15668,2.67538,25.0985,4.73014,0.703628,0.854921,0,0,8.67405,3.28365,2.90915,0.991759,2.74507,4.00566,4,18.0871
hp-01352830-00238,RW,low_and_slow,1757549038,114688,,0.926421,0.383154,0.0668398,0.514113,168.774,8,0.316522,1.22887,0.330097,5.17831,0.810211,4.28844,2.01586,1.04611,0,0,0,1.59129,0,5.1886,4,635.162
hp-01352830-00239,RW,fast_crypto,1757549039,114688,,6.06636,1.50931,2.24666,0.558475,38.8347,6.05282,0.139805,1.56886,5.76928,6.38383,0.630834,1.70877,0,1.01715,0,0,0,1.96221,5.57379,6.02003,4,131.473
hp-01352830-00240,RW,ambiguous:network_bulk,1757549040,0,,0.60243,1.80783,0.0703096,0.523581,78.2063,7.59741,0.527607,3.19442,0.554492,3.64408,0.125382,2.98653,0.919559,0,20.3859,4.17565,8.5322,0.965624,0,2.67816,3,944.733
hp-01352830-00241,benign,ambiguous:network_bulk,1757549041,0,,1.83711,1.26574,0.606837,0.172919,663.234,7.38587,0.36795,1.77329,4.33779,2.96018,0.534033,0,0,1.12521,12.0026,3.51321,5.59994,0,0.862587,2.59391,4,320.715
hp-01352830-00242,RW,double_extortion,1757549042,0,,8.02809,2.02963,0.533017,0.671941,65.6239,6.39188,0.663677,1.86423,16.9233,9.42859,1,1.05521,1.10941,1.14277,13.258,4.05882,8.19945,2.49956,3.09052,8.77509,4,162.669
hp-01352830-00243,benign,office_workload,1757549043,0,,0.388787,3.15577,0.0105657,0.105844,40.6638,3.58912,0.933257,0.379564,0.220505,1.05132,0.0619424,1.22422,0,0,1.01964,1.74804,5.07872,0,0,0,2,251.403
hp-01352830-00244,RW,ambiguous:crypto_bulk,1757549044,0,,3.83049,0.619237,2.09305,0.417614,22.3549,7.67896,0.462551,2.3893,21.3278,3.30202,0.64339,3.23155,0,0,5.76689,2.13281,0.76192,0.916129,0,2.43745,4,70.4376
hp-01352830-00245,benign,ambiguous:network_bulk,1757549045,31,,0,0,0,0,0,5.33672,0.365552,2.35233,8.64296,3.00881,0.457,2.05198,1.13686,0,15.1937,5.48529,4.58415,1.24134,0,0.884659,3,303.468
hp-01352830-00246,benign,cleanup_utility,1757549046,0,,0.770559,2.82095,0.322107,0.349049,91.8213,2.64785,1.75477,0.544106,0.13031,0,0.0454127,1.82396,0,0,3.27729,3.47425,0.762973,0,2.05372,3.65081,3,226.013
hp-01352830-00247,benign,cleanup_utility,1757549047,14336,,1.35353,3.42355,0.399399,0.324326,115.216,4.40393,0.675667,0.702152,1.2835,0,0.349118,0,0,0,2.02361,3.40512,0.490607,0,1.88749,4.0499,4,62.1704
hp-01352830-00248,benign,ambiguous:slow_bulk,1757549048,0,,0.545412,2.74359,0.0727101,0.449401,228.112,6.45281,0.583079,5.2272,0.252531,4.03582,0.0866142,2.35842,0,0,4.19896,2.77609,0.816715,0,0.904046,5.44521,4,1016.37
hp-01352830-00249,benign,cleanup_utility,1757549049,0,,0.866139,5.47694,0.0538413,0.189468,35.8023,7.86828,1.78979,0.360062,0.335768,1.04422,0.110065,0,1.01871,0,0,2.65567,0.552426,0,3.10795,5.6901,4,180.361
hp-01352830-00250,RW,ambiguous:slow_bulk,1757549050,0,,3.87972,1.97619,1.04625,0.356465,133.531,8,0.247862,4.37022,3.75552,1.87199,0.569342,2.16143,0.941653,0,1.82519,2.1247,3.19544,0.936854,0,5.48837,3,335.862
hp-01352830-00251,benign,installer,1757549051,1792,,2.90953,0.913548,0.132923,0.103177,16.4875,7.65344,0.504272,2.04452,0,0,0,7.27708,1.02465,0.955787,2.09524,2.53812,0.519578,2.76155,0,0,3,74.6029
hp-01352830-00252,benign,cleanup_utility,1757549052,0,,10.2556,5.34727,0.641876,0.257402,134.297,1.90768,2.36409,1.29843,0.163703,0,0.266412,0.941164,0,0,0,1.72296,0.509611,0.951594,2.82462,4.13302,4,78.7956
hp-01352830-00253,RW,double_extortion,1757549053,0,,6.9028,1.36,2.04895,0.535721,126.524,8,0.258607,1.85616,10.4948,8.35916,0.368544,0.977153,2.01932,1.95775,11.4447,3.97882,5.55161,1.06698,2.61996,3.24684,4,97.441
hp-01352830-00254,RW,fast_crypto,1757549054,114688,,4.68539,0.915724,0.699613,0.681457,70.1281,5.67628,0.420056,0.946346,16.4869,5.59278,0.711024,3.55775,0.74313,1.11212,0,0,0,2.54689,3.22611,5.22056,4,51.048
hp-01352830-00255,benign,sync_client,1757549055,224,,2.83201,1.09018,0.0160343,0.187642,18.3352,0,0,0,0.183461,0,0.206223,1.05338,0,0,8.02799,4.27553,2.80032,1.12489,0,0,3,647.751
hp-01352830-00256,benign,cleanup_utility,1757549056,0,,1.26574,1.7921,0.145102,0.544771,54.6581,1.49547,0.936866,0.200958,0.145022,0,0.107252,1.99632,1.16707,0,3.3003,1.88828,0.907715,0,5.46032,4.36776,4,144.155
hp-01352830-00257,RW,fast_crypto,1757549057,224,,17.4715,1.04132,2.81696,0.437574,108.065,0,0,0,58.2649,8.45548,0.801517,3.18404,1.06624,1.01337,8.15432,3.81563,1.41669,0,2.32822,6.26676,4,59.9978
hp-01352830-00258,RW,fast_crypto,1757549058,0,,13.6813,0.302606,3.9557,0.505068,86.8528,5.78799,0.156599,1.25602,2.73759e+06,8.84928,0.815329,0,1.06976,0.796152,1.08076,2.46552,1.16342,3.4601,3.25297,9.53094,4,33.9187
hp-01352830-00259,RW,low_and_slow,1757549059,0,,0.408236,0.813371,0.227942,0.245892,156.395,8,0.288484,2.18314,0.707697,0.972651,0.525282,3.51936,0,1.02462,2.01194,3.21895,3.96203,0.923234,1.03592,2.90045,4,659.648
hp-01352830-00260,RW,wiper_like,1757549060,224,,20.4004,0.688932,13.4005,0.556603,96.6637,0,0,0,2.61872,0,0.454442,2.919,0.88796,0,8.5863,1.76397,1.60533,0.842125,1.93324,0.833806,3,68.4114
hp-01352830-00261,benign,installer,1757549061,1792,,4.3684,4.87227,0.02209,0.0163313,3.29783,5.47375,1.01133,3.54937,0,0,0,4.47328,0,0.813798,1.91898,0.837697,0.420188,2.12206,0,0,3,44.3573
hp-01352830-00262,RW,wiper_like,1757549062,0,,22.4961,0.446508,45.5939,0.422601,38.4585,7.6869,0.26437,2.09543,3.85702,0,0.45241,1.73109,0.756751,0.79225,8.66107,2.7691,0.507636,0,6.08832,6.89272,4,51.6846
hp-01352830-00263,RW,fast_crypto,1757549063,0,,13.3587,1.05457,8.83975,0.697412,81.9506,7.64644,0.395647,1.31898,17.4172,9.34402,0.491551,0.941931,3.25899,0,6.78763,3.55642,0.34207,0,1.91524,4.43977,4,40.6955
hp-01352830-00264,benign,disk_encryptor,1757549064,2016,,5.85085,2.475,1.63357,0.148644,46.3634,0,0,0,0,0,0,2.5289,0,0,0.932121,1.94185,0.399041,0,0,0,3,167.876
hp-01352830-00265,RW,low_and_slow,1757549065,31,,0,0,0,0,0,5.04201,0.341144,3.35296,0.58436,5.55046,0.723028,1.85522,1.75108,0,3.51356,2.0082,2.9476,1.14632,2.25768,5.53059,4,2168.96
hp-01352830-00266,RW,wiper_like,1757549066,0,,29.8012,1.49554,12.8796,1,99.733,6.5668,0.226174,8,3.56159,1.06894,0.506023,0.801718,0.948099,0,8.22365,4.26234,2.9182,1.03029,6.2098,3.62825,4,25.7781
hp-01352830-00267,benign,installer,1757549067,0,,2.73564,5.33016,0.0487222,0.0626152,10.027,4.03849,0.466743,0.999186,1.35796,0,0.301162,9.80403,1.67548,1.84404,3.55791,2.39229,0.518536,4.06435,0,0,2,183.44
hp-01352830-00268,RW,double_extortion,1757549068,0,,7.09649,1.60453,3.29215,0.467319,149.934,5.58053,0.225447,2.41241,7.04781,4.82042,0.323545,4.81717,0.974748,2.75911,17.6643,4.19035,4.64806,0,2.97756,4.32662,4,115.662
hp-01352830-00269,RW,low_and_slow,1757549069,1,,0,0.51571,1.19138,0.575042,325.782,7.44115,0.601097,3.0439,1.20206,4.7957,0.599104,1.08094,1.0395,0,3.10636,2.52208,1.43088,0,1.82603,5.44042,4,522.477
hp-01352830-00270,RW,ambiguous:network_bulk,1757549070,0,,1.73086,0.180094,0.872505,0.576248,31.4566,6.60716,0.671734,1.1053,19.5091,4.03699,0.438024,2.8001,0,0,12.7108,5.8661,3.35107,1.72979,1.70047,2.79161,4,146.063
hp-01352830-00271,benign,installer,1757549071,116480,,9.92032,3.72072,0.0761061,0.0941793,10.4645,3.59288,2.10019,1.79204,0,0,0,10.2921,2.02726,0,0,0,0,1.81975,0,0,3,50.6223
hp-01352830-00272,benign,installer,1757549072,0,,4.28117,2.25821,0.0775768,0.172572,13.8521,5.61072,0.357494,1.67139,5.72869,0,0.361784,6.21654,0,0,0,0.885902,0.546455,3.74695,0,1.75739,4,58.2716
hp-01352830-00273,benign,sync_client,1757549073,224,,3.2813,2.56221,0.0556262,0.165133,19.8742,0,0,0,0.3548,0,0.630808,0,0,0,11.9702,3.44149,4.18664,0,0,1.18172,2,285.354
hp-01352830-00274,RW,wiper_like,1757549074,224,,16.6031,0.657653,4.14755,0.440454,65.2343,0,0,0,1.82545,0.852658,0.681382,3.01,3.76238,3.2899,5.29845,3.27652,3.24601,0.986478,1.83447,8.8586,4,77.3651
hp-01352830-00275,benign,backup_agent,1757549075,1792,,3.1948,1.6317,0.152747,0.271772,90.4673,6.60644,0.290918,3.74958,0,0,0,0,0,0,0.854481,2.32733,0.276504,0,0,8.93846,3,1456.66
hp-01352830-00276,RW,low_and_slow,1757549076,14336,,0.321711,1.02892,0.0732883,0.508279,40.2005,8,0.395057,2.67866,0.975995,9.88867,0.838218,0,0,0,4.77674,2.85007,0.814889,0.882937,0.932221,9.25601,4,760.939
hp-01352830-00277,RW,low_and_slow,1757549077,0,,0.730977,0.741557,0.26132,0.439548,145.946,5.64586,0.244336,2.91056,1.22897,5.55625,0.937349,1.4211,1.16595,0,4.40819,3.00313,1.84503,0,1.94383,2.90314,4,585.801
hp-01352830-00278,benign,disk_encryptor,1757549078,917535,,0,0,0,0,0,5.92926,0.157532,0.789674,36.5274,5.45618,0.47728,0,0,0,1.98426,1.45092,1.89914,0,0,0,4,85.5067
hp-01352830-00279,benign,installer,1757549079,0,,1.62139,1.12536,0.0332171,0.04572,7.0973,4.85165,1.40163,4.04301,3.54071,1.09343,0.383892,7.39783,0,1.07925,0.976349,1.51169,0.994131,6.65118,0,0,2,74.3969
hp-01352830-00280,benign,disk_encryptor,1757549080,0,,11.1705,1.74246,0.611361,0.229648,92.1256,7.93983,0.251336,2.27918,1.56236e+06,5.17988,0.219451,2.34318,0,0,1.98229,1.42258,4.88298,1.01353,0,1.22103,2,56.884
hp-01352830-00281,benign,cleanup_utility,1757549081,1792,,1.204,2.56233,0.0199516,0.209798,106.953,1.50933,1.12147,0.614362,0,0,0,0,0,0,0,0.451876,0.963449,0.992055,4.5967,5.31331,3,445.439
hp-01352830-00282,RW,double_extortion,1757549082,14336,,3.23015,2.95597,0.475546,0.776122,126.543,8,0.223835,1.73372,3.3033,10.172,0.827384,0,0,0,18.6801,3.71574,1.82479,0,3.63081,5.40534,4,492.901
hp-01352830-00283,benign,cleanup_utility,1757549083,0,,7.98663,4.21102,0.153208,0.368989,176.973,5.62164,0.757504,0.0754348,0.257226,0.837628,0.208349,0,0,0,3.76867,1.907,0.260433,0.812312,5.35698,5.27749,4,106.611
hp-01352830-00284,benign,disk_encryptor,1757549084,0,,8.26417,3.345,0.471111,0.420171,79.9063,6.2132,0.192813,1.98966,39.916,4.61932,0.751269,0,0,0,3.1786,3.3301,0.7048,1.01114,0,0.894962,2,121.508
hp-01352830-00285,benign,sync_client,1757549085,0,,0.667584,1.42385,0.00205044,0.0469209,11.8111,5.51104,1.66887,0.13361,0.0331419,0,0.108836,1.05548,1.11695,0,21.4203,3.66268,5.75693,0,0,0,3,1411.56
hp-01352830-00286,RW,ambiguous:slow_bulk,1757549086,0,,1.62298,1.73892,0.0583047,0.171355,89.0846,7.08407,0.327542,0.74981,0.192915,3.11525,0.548283,1.10357,0.7734,0.74529,3.12513,3.52404,4.13908,1.01229,2.11947,7.08109,3,1215.04
hp-01352830-00287,RW,ambiguous:slow_bulk,1757549087,0,,2.17386,1.68368,0.518617,0.277608,190.764,5.63332,0.865153,1.20357,3.98,8.09712,0.573877,4.76284,0.963107,0,3.14598,2.79365,1.38508,0,0.92396,9.83959,4,190.928
hp-01352830-00288,benign,office_workload,1757549088,0,,0.757134,0.863229,0.0125022,0.0496176,13.5412,2.78091,1.35598,0.241818,0.410291,0,0.126781,1.09019,0.977844,0,1.99569,1.35685,0.940471,0.970772,0,0,2,175.2
hp-01352830-00289,RW,ambiguous:slow_bulk,1757549089,0,,0.330448,4.04444,0.41987,0.5441,157.931,7.03188,0.39674,2.73398,0.652992,3.08242,0.375279,2.24847,0,2.35995,1.92735,2.04451,3.53304,0,0.990969,4.62118,4,1152.73
hp-01352830-00290,RW,wiper_like,1757549090,224,,11.9439,5.60275,2.40917,0.467191,151.957,0,0,0,2.9168,0,0.698265,1.37283,0.96906,0,1.95915,2.84672,4.17487,0,4.35372,4.29261,4,78.2965
hp-01352830-00291,benign,ambiguous:slow_bulk,1757549091,1792,,0.841695,1.16724,0.0584942,0.182129,121.106,8,1.17394,3.69049,0,0,0,0,0,0,1.03546,3.30796,3.81547,1.03345,0.824805,9.92063,4,300.556
hp-01352830-00292,RW,fast_crypto,1757549092,0,,13.8868,0.881719,2.49843,0.226287,74.486,6.71716,0.0922458,3.58613,13.7627,5.32343,0.280604,2.68154,1.89824,0.974665,7.99065,3.18445,1.28919,2.86651,0.793599,2.71247,4,97.8608
hp-01352830-00293,RW,double_extortion,1757549093,0,,9.40263,0.937527,8.94669,0.717142,138.426,6.69891,0.376672,1.91215,34.4867,3.94959,0.684471,0.933552,0,0.90739,21.4038,4.7238,2.93015,3.85912,4.29941,8.25085,4,53.0216
hp-01352830-00294,benign,ambiguous:slow_bulk,1757549094,917504,,0.644155,0.62419,0.146064,0.555483,102.682,6.38734,0.549787,3.32652,2.93308,1.99356,0.174236,2.90511,3.19604,0.959215,5.5253,3.51797,5.76733,0,0,0,4,523.093
hp-01352830-00295,benign,sync_client,1757549095,0,,0.645708,1.68579,0.00920401,0.191519,24.508,4.67448,0.751431,0.33203,0.202927,0,0.126294,3.30995,0,0.922516,18.9301,3.91666,6.09755,0,0,0,1,867.525
hp-01352830-00296,RW,low_and_slow,1757549096,0,,0.124011,0.494836,0.00728135,0.546235,250.358,8,0.419457,2.52938,0.282477,2.60672,0.659144,2.11819,0,2.0579,2.25152,2.12722,2.51852,0.915765,1.88756,1.17575,4,2490.71
hp-01352830-00297,benign,cleanup_utility,1757549097,0,,4.1769,4.34222,0.191447,0.42408,62.5309,3.60694,1.07436,0.490951,0.511323,0,0.355458,0,0,0,1.17794,0.872024,1.27238,0,3.86487,3.302,3,161.948
hp-01352830-00298,RW,double_extortion,1757549098,114719,,0,0,0,0,0,3.68048,0.180629,5.70917,12.2224,6.76786,1,2.88777,0.888569,1.16487,0,0,0,1.06129,2.79661,2.54144,4,92.0669
hp-01352830-00299,RW,fast_crypto,1757549099,1823,,0,0,0,0,0,8,0.292201,4.88462,0,0,0,0.832593,1.03272,0,8.19346,3.58094,4.21166,2.9758,5.78921,2.07436,4,143.989
hp-01352830-00300,RW,low_and_slow,1757549100,0,,0.504882,0.707512,0.21199,0.431797,72.4425,8,0.356685,2.60586,0.503011,2.57681,0.736373,3.54286,1.00306,2.84387,1.1521,4.37525,3.37367,1.55075,1.08681,0.964545,4,803.193
hp-01352830-00301,RW,low_and_slow,1757549101,0,,1.23357,0.550288,0.144117,0.632649,67.9208,8,0.21443,2.68271,2.44953,6.32918,0.652877,0.959064,0.933199,0,3.02356,2.15599,2.33691,3.00162,0.867572,0,4,377.521
hp-01352830-00302,benign,office_workload,1757549102,224,,0.1178,1.65462,0.0237469,0.214159,2.98224,0,0,0,0.11513,0.884765,0.0891557,3.06331,0,0,1.01921,0.748723,2.25396,1.10777,0,0,2,255.726
hp-01352830-00303,RW,low_and_slow,1757549103,0,,1.82258,0.399281,0.16139,0.606847,318.951,8,0.652242,2.55619,2.11983,7.74297,0.539942,2.98395,1.51309,0,2.8629,3.0599,0.937076,0,0.977413,3.10514,4,511.729
hp-01352830-00304,benign,installer,1757549104,0,,3.09583,2.13615,0.110739,0.126426,23.7468,5.18126,1.01389,0.750955,9.19378,0,0.391523,8.55417,0,0,1.05744,2.11969,0.716851,5.51782,0,0,3,93.7389
hp-01352830-00305,RW,double_extortion,1757549105,114688,,1.67932,0.601865,0.658812,0.723213,394.164,5.76992,0.700982,2.80458,3.5962,2.99631,0.724973,2.2832,2.0422,1.15804,0,0,0,0,4.55505,2.1556,4,330.626
hp-01352830-00306,benign,ambiguous:slow_bulk,1757549106,114688,,1.22462,0.49277,0.355529,0.332866,452.2,4.94014,0.869148,0.915335,1.44488,3.35803,0.191928,0.95147,2.22503,1.00912,0,0,0,1.81389,1.03729,7.90206,4,406.236
hp-01352830-00307,benign,ambiguous:crypto_bulk,1757549107,224,,10.6943,1.26132,1.58167,0.532239,199.997,0,0,0,26.2724,5.29948,0.660911,0,0.933913,0,2.03289,1.86592,1.39328,1.99075,0,2.81527,4,65.3143
hp-01352830-00308,benign,cleanup_utility,1757549108,31,,0,0,0,0,0,4.42641,0.383409,0.999525,0.0389559,1.19345,0.448817,2.00364,0,0,0.845591,1.9058,2.04168,0,4.81332,5.44584,3,448.343
hp-01352830-00309,RW,wiper_like,1757549109,114688,,86.8895,0.338551,41.6563,0.822988,156.974,7.76847,0.217785,5.24952,6.57856,0,0.806504,2.73227,0.997055,1.02046,0,0,0,0,1.83194,2.71268,4,15.2841
hp-01352830-00310,RW,ambiguous:crypto_bulk,1757549110,0,,4.44887,0.563789,0.848901,0.769489,106.044,8,0.434941,2.77283,10.1697,3.11462,0.674026,2.29235,0,0,6.78171,2.1096,0.759306,0.870166,2.5516,0.83739,3,87.9918
hp-01352830-00311,RW,double_extortion,1757549111,114688,,4.10023,1.4497,0.576917,0.580851,345.158,5.52943,0.172507,2.83375,11.3735,4.72159,0.814902,1.76165,1.18628,0,0,0,0,0.998079,5.20264,5.40159,4,244.794
hp-01352830-00312,RW,wiper_like,1757549112,0,,34.9494,1.12662,15.2357,0.357333,59.4432,8,0.239335,4.08936,9.16303,5.04744,0.785008,1.89073,1.04923,0,3.58763,2.06851,4.35672,3.10732,1.16366,3.96065,4,48.8688
hp-01352830-00313,benign,disk_encryptor,1757549113,114688,,7.80626,1.0151,0.440919,0.479586,70.4169,6.44795,0.279014,1.17267,19.8641,5.59735,0.603669,1.0309,0,0,0,0,0,0,1.20977,0.901164,3,68.6288
hp-01352830-00314,benign,installer,1757549114,917504,,0.796761,2.44897,0.00913728,0.085193,22.3434,8,0.271442,0.999871,0.559123,0,0.129325,11.089,1.14792,0.821888,0,3.44763,0.26476,0,0,0,4,150.715
hp-01352830-00315,benign,ambiguous:network_bulk,1757549115,0,,3.50871,1.57504,1.06951,0.22627,40.6837,7.88518,0.798109,1.62704,3.34103,2.14309,0.804095,3.25259,0,0,18.7021,3.97902,12.6245,0.812948,0,3.3232,4,195.025
hp-01352830-00316,benign,cleanup_utility,1757549116,0,,1.1887,4.1348,0.237466,0.198273,188.14,4.46383,0.235601,0.656719,0.416048,0.993054,0.0645703,0,0,0,1.82694,1.62496,0.411511,0,2.13358,6.41826,2,372.675
hp-01352830-00317,benign,installer,1757549117,917505,,0,1.38019,0.152159,0.0552112,21.8892,4.79548,0.801071,0.984184,3.73428,0,0.0815616,14.5073,1.00916,0.837241,3.51455,2.68683,0.52346,0,0,0,1,36.7471
hp-01352830-00318,benign,cleanup_utility,1757549118,224,,11.9902,1.44104,1.48249,0.0597278,42.3643,0,0,0,1.21256,0.940874,0.476248,1.76028,0,0,2.1355,1.99421,0.653998,0,0.992476,4.06319,3,68.6097
hp-01352830-00319,benign,office_workload,1757549119,0,,0.672782,1.6228,0.0510231,0.236113,3.27127,5.21452,1.11004,0.68955,0.68322,0,0.0980144,1.60327,0,0,1.09006,1.58945,0.150378,0,0,0,2,223.935
hp-01352830-00320,benign,installer,1757549120,0,,1.29245,2.16164,0.0208086,0.378936,9.97817,8,1.81589,0.602059,2.91728,0,0.244061,8.99962,0,2.31831,1.90385,3.57121,0.815065,8.37897,0,0,1,80.3112
hp-01352830-00321,RW,ambiguous:crypto_bulk,1757549121,224,,20.2421,0.514797,0.868147,0.364504,83.3525,0,0,0,18.0514,0.874868,0.369447,0,1.73639,1.0297,5.19814,1.57025,1.33062,2.1438,0,0,4,101.883
hp-01352830-00322,benign,ambiguous:network_bulk,1757549122,1792,,3.68746,3.10133,0.354735,0.51514,56.6657,5.70868,1.47148,2.82553,0,0,0,1.86404,1.24372,0,17.3639,4.90332,5.52857,1.75548,0,5.25531,3,466.557
hp-01352830-00323,RW,wiper_like,1757549123,0,,44.8896,0.337636,34.7,0.687781,77.246,8,0.224837,2.08356,16.8045,1.32637,0.81417,2.87925,0,1.03371,5.40589,2.48836,3.85073,0,0,1.0879,4,15.1966
hp-01352830-00324,RW,ambiguous:crypto_bulk,1757549124,0,,6.20909,0.830774,1.41311,0.430752,64.5917,6.942,0.138498,2.44168,41.084,3.46493,0.795799,1.75508,0.853362,0,4.23436,1.52327,0.578669,0.957855,0,2.49298,4,127.561
hp-01352830-00325,benign,disk_encryptor,1757549125,14336,,7.64819,1.64871,1.05444,0.699796,283.356,6.15707,0.845515,3.34555,18.8743,2.58493,0.510727,0,0,0,2.10383,1.51552,0.495859,1.13124,0,3.4067,3,60.5296
hp-01352830-00326,benign,cleanup_utility,1757549126,0,,1.17857,3.57192,0.267372,0.159116,108.431,8,1.10658,0.725983,0.18214,1.15621,0.392675,3.20893,0,0,1.0733,3.49704,1.2039,0,5.90759,3.48564,2,97.7804
hp-01352830-00327,RW,double_extortion,1757549127,0,,0.270335,2.40117,0.175916,0.382027,49.0991,7.17442,0.250514,2.21127,1.96272,5.72642,0.577194,1.02428,0.971378,0.926321,21.6462,4.1003,4.27989,2.43858,2.43164,2.14167,4,649.119
hp-01352830-00328,RW,low_and_slow,1757549128,919296,,3.4346,0.392394,0.537052,0.284739,52.606,6.24366,0.197764,2.88845,0,0,0,1.89084,2.87631,2.26424,4.45557,2.27134,1.60693,0,0,0,4,207.813
hp-01352830-00329,benign,cleanup_utility,1757549129,0,,1.44162,0.859541,0.0785673,0.168648,136.145,3.83817,3.25056,1.12217,221115,0.913316,0.326386,2.73951,0,0.947172,0,1.85582,2.10246,0,1.81639,8.43568,3,238.458
hp-01352830-00330,benign,sync_client,1757549130,0,,0.683435,1.40753,0.00314835,0.131224,11.1272,5.17289,0.768007,0.581819,0.0915772,0,0.199218,2.17413,0,0,19.7656,2.7753,3.63728,0,0,2.04254,1,2090.46
hp-01352830-00331,benign,ambiguous:slow_bulk,1757549131,0,,1.23879,0.767151,0.052002,0.500911,208.261,5.87773,1.38725,5.09258,0.421192,3.16727,0.205539,0,0,3.40867,3.91009,2.53611,0.698354,3.18437,0,8.90403,4,1349.7
hp-01352830-00332,RW,double_extortion,1757549132,224,,2.03828,0.691394,1.12087,0.505231,52.8663,0,0,0,13.6736,2.87975,0.520698,0.976956,0,1.91469,20.1671,5.16979,4.17469,2.15613,5.17153,2.82375,4,77.7141
hp-01352830-00333,benign,disk_encryptor,1757549133,1792,,4.42786,1.17541,1.27183,0.237329,44.4825,7.81165,0.404997,3.483,0,0,0,0.868331,0,0,3.2124,2.37729,0.385956,0,0,0.753963,2,192.716
hp-01352830-00335,RW,low_and_slow,1757549135,917504,,0.483048,1.72765,0.0480982,0.812655,87.5481,7.23652,0.151603,2.83318,1.19114,3.7202,0.332035,3.96608,0,0,0.919863,4.6361,0.745863,0,0,0,4,1267.13
hp-01352830-00336,RW,ambiguous:crypto_bulk,1757549136,114688,,3.6938,0.323382,6.02422,0.343708,99.0037,8,0.355173,0.742125,15.3993,5.55011,0.761912,1.07163,0,0,0,0,0,0.992953,1.87386,0,4,115.026
hp-01352830-00337,benign,ambiguous:crypto_bulk,1757549137,0,,7.19178,0.580093,1.23187,0.464885,49.3897,8,0.297521,3.61019,27.4932,8.40624,0.663536,3.165,1.04886,0,4.26324,1.95274,7.33527,0.963268,2.39529,2.81803,4,215.456
hp-01352830-00339,RW,ambiguous:crypto_bulk,1757549139,1792,,2.71565,0.367336,1.42474,0.665492,55.9751,5.73076,0.540754,2.06736,0,0,0,0.930656,1.0348,1.26391,3.59462,3.44741,3.716,0.735946,0,4.2732,4,229.55
hp-01352830-00340,benign,ambiguous:network_bulk,1757549140,0,,10.159,5.98411,0.308528,0.102606,76.2185,7.74656,0.151149,0.80996,5.04967,2.80105,0.574674,5.32032,0.87055,1.18889,13.8168,5.58559,2.00932,1.74824,1.03695,2.24375,3,286.299
hp-01352830-00341,benign,disk_encryptor,1757549141,931840,,14.5701,0.623988,1.92087,0.336395,104.071,6.64332,0.407701,2.21786,28.0358,4.5351,0.128662,0,0,0,3.01443,2.32046,0.215417,0,0,0,3,72.8635
hp-01352830-00342,benign,office_workload,1757549142,14336,,0.939862,4.99458,0.00934514,0.0163541,18.5934,6.89708,0.472622,0.522488,0.244466,0,0.346292,0,0,0,2.15167,0.687988,1.08781,0,0,0,2,484.917
hp-01352830-00343,RW,fast_crypto,1757549143,0,,30.3584,1.0507,20.5149,0.167662,117.963,7.78366,0.298535,3.59002,63.2296,6.89948,0.406499,1.03308,2.78456,0,7.74411,3.51009,4.61292,0,0.888276,5.48315,4,33.7126
hp-01352830-00344,benign,sync_client,1757549144,0,,1.57885,1.22198,0.0206891,0.209878,17.4606,5.95109,1.03683,0.196872,0.142508,0,0.0614646,2.31883,0,0,14.3788,4.68737,4.94971,0,0,0.968259,3,286.857
hp-01352830-00345,RW,low_and_slow,1757549145,0,,0.363299,0.590506,0.176799,0.427331,298.864,8,0.253025,1.95991,1.59272,3.72704,0.771256,3.40042,1.60208,1.91797,0,2.6809,10.0885,0.99675,1.6284,0.91996,4,524.555
hp-01352830-00346,RW,wiper_like,1757549146,0,,19.5203,1.20811,2.38401,0.606529,86.0972,8,0.51651,2.1216,13.6271,0.993373,0.397726,0.980541,1.04727,0.937899,6.682,3.54777,2.66593,2.67194,0.967779,2.91177,4,22.6421
hp-01352830-00347,RW,fast_crypto,1757549147,1792,,49.8603,0.751555,19.4876,0.815796,65.2088,8,0.203385,4.902,0,0,0,1.91085,0.893326,0,7.40743,4.1002,1.08302,1.80719,2.79919,5.09902,4,24.0695
hp-01352830-00348,RW,wiper_like,1757549148,0,,17.4393,0.426432,9.45977,0.678232,45.8473,6.21727,0.343238,2.79971,1.8534,0,0.583208,1.86442,0,1.00979,3.53553,1.47445,2.98985,1.82646,0,0.987503,4,82.5594
hp-01352830-00349,benign,backup_agent,1757549149,0,,7.75195,1.73385,0.212496,0.265229,138.812,6.28974,0.737277,0.673352,7.82907,0,0.204871,2.45557,0,0,0,1.47133,0.654442,0,0,9.2548,2,489.652
hp-01352830-00350,RW,wiper_like,1757549150,0,,19.4888,1.16382,8.40548,0.525254,81.0098,6.2071,0.156355,1.50297,7.37342,0,0.745762,3.44765,1.75569,0,9.97421,2.64991,4.24972,0.999378,2.0532,0,4,29.1193
hp-01352830-00351,RW,wiper_like,1757549151,0,,43.3121,0.5841,7.36167,0.518036,105.264,7.90063,0.489229,0.83429,2.64191,0,0.495339,2.95206,1.01401,1.19063,6.3049,3.12831,2.45006,0.886831,4.7457,3.18827,4,59.8388
hp-01352830-00352,benign,ambiguous:slow_bulk,1757549152,224,,1.19364,2.02252,0.628483,0.408178,58.4507,0,0,0,2.33928,1.03799,0.625525,0,0,1.07236,2.05819,1.33713,0.815872,0,1.03716,4.32951,4,361.96
hp-01352830-00353,benign,cleanup_utility,1757549153,0,,1.8129,2.92637,0.135921,0.263676,97.4661,1.71989,1.14794,0.413329,0.595944,0,0.22729,1.21132,0,0,4.00317,2.18553,1.59759,0,3.37982,6.12293,4,167.978
hp-01352830-00354,benign,disk_encryptor,1757549154,0,,18.5509,1.93346,1.47235,0.387575,66.0733,7.67188,0.322871,3.95932,26.2438,5.44398,0.26089,2.20255,0,0,0,1.7668,0.270647,0,0,0,2,32.6179
hp-01352830-00355,RW,low_and_slow,1757549155,0,,0.630573,0.510032,0.453885,0.462081,187.689,7.03598,0.728506,2.67732,1.92691,9.79046,0.371648,4.38687,1.02222,0,4.64008,2.53141,2.54583,0,0,9.14402,4,530.354
hp-01352830-00356,RW,double_extortion,1757549156,31,,0,0,0,0,0,5.09673,0.200661,3.60319,3.52918,11.6871,0.894147,0,1.05563,0,19.3834,3.23556,3.14605,0,0,2.07312,4,599.108
hp-01352830-00357,benign,installer,1757549157,1792,,5.30378,4.22847,0.0027112,0.0711501,36.3596,6.0732,0.994833,0.624512,0,0,0,10.3932,0.97923,1.08989,0,2.85519,2.47192,4.63117,0,1.01023,3,188.464
hp-01352830-00358,RW,wiper_like,1757549158,14336,,195.261,0.927422,64.1671,0.645465,66.4105,6.11019,0.18381,2.87196,21.7048,0.907651,0.747698,0,0,0,3.57089,3.22938,3.19359,0.878463,2.80778,5.93229,3,19.8285
hp-01352830-00359,RW,low_and_slow,1757549159,0,,0.637946,0.764427,0.0634599,0.375595,151.599,3.74558,0.179698,4.85838,1.03107,8.15876,0.703089,1.13807,0,0,0.828052,2.97299,1.49405,2.25188,1.22413,4.4494,4,604.843
hp-01352830-00360,benign,ambiguous:slow_bulk,1757549160,0,,3.78578,0.858537,0.169268,0.12174,148.888,5.41983,0.600635,2.95212,0.628517,4.09801,0.210588,2.90806,0,0,0.999521,2.7553,0.932056,1.02826,0,8.91515,4,606.273
hp-01352830-00361,RW,ambiguous:network_bulk,1757549161,0,,2.00366,0.696733,0.417411,0.118181,36.2605,8,0.715517,1.45773,0.408706,3.38127,0.398456,1.70171,0,0,20.286,4.85966,10.8873,3.89939,1.55482,5.09688,4,853.853
hp-01352830-00362,benign,ambiguous:slow_bulk,1757549162,0,,13.4946,1.18473,0.820538,0.468959,162.529,7.15705,0.821104,8,2.00721,1.76506,0.391657,1.01531,0,0,6.32733,2.18212,0.272532,1.00594,0.779029,2.77827,3,351.983
hp-01352830-00363,RW,low_and_slow,1757549163,917504,,0.71011,1.572,0.138232,0.529194,181.881,6.88327,0.0833175,1.62086,1.97426,5.81803,0.645242,5.85241,2.09777,1.00293,1.10801,2.21018,1.70539,0,0,0,4,664.124
hp-01352830-00365,benign,ambiguous:network_bulk,1757549165,14336,,3.35731,1.03954,0.464142,0.347081,116.054,5.41145,0.39662,0.876491,5.01466,1.71023,0.30331,0,0,0,15.094,4.13812,3.175,0,0,1.45303,4,220.842
hp-01352830-00366,benign,ambiguous:slow_bulk,1757549166,0,,1.54273,1.1721,0.0814884,0.428658,169.599,6.13524,0.288579,4.18919,0.41867,4.68681,0.397097,3.51604,0,0,2.82327,2.25757,1.08423,1.76245,0,6.19494,4,1383.75
hp-01352830-00367,benign,office_workload,1757549167,224,,0.0285946,0.64594,0.0277618,0.0990548,8.24443,0,0,0,0.793183,0,0.208376,3.50657,0,0,2.95816,1.77351,0.135448,0,0,0,2,190.68
hp-01352830-00368,benign,ambiguous:crypto_bulk,1757549168,116480,,57.6818,0.297282,1.83725,0.425369,56.9836,7.39757,0.332775,3.56455,0,0,0,2.02983,0,0,0,0,0,0,1.03239,6.69637,2,60.3547
hp-01352830-00369,benign,office_workload,1757549169,224,,0.0423015,3.08567,0.0036676,0.0148183,2.82618,0,0,0,0.100149,0,0.229579,1.99019,0,0,0,1.14623,0.405545,0,0,0.921408,1,3810.98
hp-01352830-00370,RW,ambiguous:network_bulk,1757549170,114688,,1.1236,1.54845,0.144107,0.256701,62.236,4.05077,0.799047,5.08713,3.53224,1.94225,0.312085,3.09813,2.09124,0,0,0,0,1.00614,2.71438,2.93083,3,606.171
hp-01352830-00371,benign,ambiguous:slow_bulk,1757549171,1,,0,0.858191,2.37115,0.698744,94.3599,6.47912,0.314343,1.35417,0.666896,4.64249,0.614887,0,0,0,1.98703,2.27881,14.4964,0,0,11.0885,4,279.625
hp-01352830-00372,RW,double_extortion,1757549172,0,,1.50814,1.65334,1.50584,0.404531,169.57,6.82212,0.430376,1.44559,4.87742,10.0345,0.207086,1.64229,2.08144,1.10734,15.9669,4.44688,5.03942,0.940673,1.80058,4.16219,4,100.76
hp-01352830-00373,RW,wiper_like,1757549173,1,,0,1.68279,27.5487,0.685549,126.684,7.06477,0.278359,3.56241,14.1669,2.14816,0.802817,2.84386,0,0,3.70743,3.1388,1.31831,1.97219,3.79149,4.38034,4,25.7233
hp-01352830-00374,benign,installer,1757549174,0,,6.66528,1.62361,0.36484,0.201889,1.40675,3.5852,0.852401,1.03115,3.99739,0,0.180372,7.87661,0,0.965924,0,1.18169,0.334108,3.35806,1.04538,0,3,104.258
hp-01352830-00375,benign,sync_client,1757549175,0,,0.254211,2.41853,0.11096,0.0790747,3.86744,5.40647,1.29045,1.73449,0.2772,0,0.250165,1.03502,0,0,20.2803,3.56303,2.58484,0,0,1.02248,4,350.252
hp-01352830-00377,RW,double_extortion,1757549177,0,,3.69735,3.58431,0.926029,0.541563,58.1893,8,0.307302,2.37741,3.58237,3.76387,0.757939,2.11644,0,4.02886,13.9758,4.94405,2.5378,0,4.74756,6.33503,4,233.187
hp-01352830-00378,RW,wiper_like,1757549178,1792,,102.02,0.392425,23.8624,1,75.5731,6.92356,0.304452,2.30177,0,0,0,1.81968,2.20309,0,2.84207,4.59795,9.08214,2.65422,5.74138,2.52957,4,29.6615
hp-01352830-00379,benign,installer,1757549179,14336,,1.78738,1.63656,0.144008,0.0703941,9.83636,6.38971,1.7119,2.20544,1.66665,0,0.258126,0,0,0,0,2.31769,0.636821,1.97067,0,1.03832,3,168.912
hp-01352830-00380,RW,wiper_like,1757549180,0,,23.5767,0.879712,28.9365,0.446252,76.7785,7.51971,0.127246,4.12285,7.39043,0,0.517163,0,1.03412,2.72819,10.3839,3.74986,2.68705,3.78281,3.497,13.4843,4,37.5213
hp-01352830-00381,RW,wiper_like,1757549181,1792,,16.439,0.279352,4.17584,0.416973,62.1502,8,0.438039,2.84414,0,0,0,1.81392,3.99179,1.05802,3.79195,3.42713,1.09515,3.76908,2.34961,4.86804,4,58.5571
hp-01352830-00382,RW,fast_crypto,1757549182,14336,,7.30454,0.835675,3.94077,0.724749,121.676,8,0.155756,2.55254,49.9062,6.47335,0.637123,0,0,0,3.69431,1.70195,2.18461,0.943394,2.11441,3.64335,4,44.9916
hp-01352830-00383,benign,disk_encryptor,1757549183,0,,23.2048,1.39275,0.235187,0.137616,42.5371,7.2653,0.493867,4.41467,24.665,7.46708,0.557014,0.839854,0,0,4.93287,1.91392,0.298119,0,0,1.10399,3,108.931
hp-01352830-00384,RW,ambiguous:crypto_bulk,1757549184,0,,12.7787,0.637868,4.50997,0.397331,47.7328,7.09401,0.419181,0.934919,73.2131,9.19938,0.548301,3.07295,0.920168,0,4.78384,2.8962,1.86151,2.28195,0,1.85399,4,54.6735
hp-01352830-00385,benign,ambiguous:crypto_bulk,1757549185,0,,1.66605,2.225,1.57081,0.801059,97.673,6.83583,0.381115,4.42461,21.039,7.2326,0.281397,0,1.62008,0,1.87412,1.71092,2.31669,0.874971,1.8501,3.06492,4,128.743
hp-01352830-00386,RW,fast_crypto,1757549186,0,,24.1205,0.489072,3.85333,0.852903,97.2386,6.55872,0.222498,3.04981,30.8895,2.9408,0.691889,4.4205,1.11408,2.09474,7.68724,3.8425,4.04114,2.31369,0,2.97505,4,21.7299
hp-01352830-00387,benign,office_workload,1757549187,0,,0.0820235,14.0546,0.0418277,0.0018802,8.52644,2.64732,0.490556,0.528349,0.0968046,1.07779,0.0803928,0.978144,0,0,1.72177,1.26025,0.402024,0,0,0.887498,2,435.705
hp-01352830-00388,benign,ambiguous:crypto_bulk,1757549188,0,,4.34426,2.41755,2.0635,0.818995,52.6189,8,0.160188,2.12147,7.7891,3.09304,0.628892,0.904197,1.12366,0,3.8963,3.62313,1.55578,0,1.26781,2.12376,3,91.3105
hp-01352830-00389,benign,ambiguous:network_bulk,1757549189,224,,1.25641,0.867153,0.163073,0.595689,24.8484,0,0,0,5.57251,1.91235,0.419969,0,1.14417,0,21.9292,4.2281,9.114,0,1.17186,3.31773,1,815.37
hp-01352830-00390,benign,cleanup_utility,1757549190,0,,10.7088,5.18547,0.923901,0.259056,67.9297,2.62675,1.13373,0.0861314,0.323331,0,0.248552,2.34971,0,0,1.95244,4.24864,1.81194,0,3.93745,10.9176,4,125.431
hp-01352830-00391,RW,low_and_slow,1757549191,0,,0.500981,2.08686,0.0484047,0.422351,95.8837,6.55535,0.19455,3.43599,0.316674,8.63731,0.497642,0.907479,2.02453,0,4.3819,3.31692,4.07583,2.87711,0,4.45821,4,1261.16
hp-01352830-00392,RW,fast_crypto,1757549192,0,,10.1794,1.45947,2.03841,0.654359,68.8682,6.18272,0.59071,2.20045,12.3761,6.98944,0.592247,3.14796,0.944177,1.97422,11.2186,1.49426,2.26205,2.26661,4.44687,1.04643,4,59.7412
hp-01352830-00393,benign,ambiguous:crypto_bulk,1757549193,1792,,17.0536,1.7177,2.24889,0.585301,55.7022,7.06515,0.166783,2.07714,0,0,0,0.966787,0,0,4.12364,2.51598,1.25223,0.967537,0,2.10689,4,41.6376
hp-01352830-00394,RW,double_extortion,1757549194,917504,,8.04531,3.20442,0.643993,0.559165,120.898,5.93321,0.227024,2.9812,6.48356,7.02674,0.551702,4.47764,1.14083,0.923363,13.0349,5.429,5.33659,0,0,0,4,123.848
hp-01352830-00395,RW,ambiguous:network_bulk,1757549195,114688,,2.14732,0.78889,0.123874,0.454847,50.5275,5.69391,0.691123,3.64281,5.29894,3.39941,0.370785,5.71838,0.98588,1.98977,0,0,0,0,1.84429,4.15428,3,325.166
hp-01352830-00396,benign,ambiguous:slow_bulk,1757549196,0,,6.08916,2.75139,0.575777,0.459558,97.0885,6.83013,0.502842,1.14896,456769,9.66046,0.131602,1.86377,0,0.746261,0,1.10482,1.86417,0,0,8.53079,4,312.966
hp-01352830-00397,RW,double_extortion,1757549197,114688,,6.22326,0.786272,2.08134,0.362141,128.477,5.40927,0.708397,3.22492,12.7917,5.57544,0.440914,0.861661,0,3.34676,0,0,0,5.3222,4.16798,1.08026,4,77.3826
hp-01352830-00398,benign,installer,1757549198,1032192,,4.48801,2.55106,0.0133666,0.204853,23.8251,4.89207,2.91729,0.701189,1.13298,0.913643,0.541039,5.28784,0.796065,0.949195,0,0,0,0,0,0,4,71.8459
hp-01352830-00399,RW,double_extortion,1757549199,14336,,1.51243,0.515605,1.25507,0.276549,55.6628,8,0.356751,3.7045,2.36733,6.58668,0.472768,0,0,0,21.4624,3.9251,5.08801,0,3.93505,4.22705,4,279.153
hp-01352830-00400,benign,sync_client,1757549200,0,,1.51221,3.39687,0.00219605,0.0935246,6.36613,5.81753,1.52041,0.14368,0.697475,0,0.20992,2.55032,0,0,21.8199,3.81785,3.05832,1.07773,0,1.22328,2,486.967
hp-01352830-00401,RW,double_extortion,1757549201,0,,1.95147,1.153,1.24303,0.971097,116.081,7.16286,0.352015,2.79787,17.4725,9.01514,0.355051,0.968099,1.27945,2.23055,15.4084,4.04545,4.91737,1.11732,1.78434,3.90632,4,267.38
hp-01352830-00403,RW,wiper_like,1757549203,255,,0,0,0,0,0,0,0,0,7.53699,0,0.864025,0.946794,0.791977,1.8033,3.60217,2.96434,4.55934,0.995848,1.89506,4.29822,2,47.4674
hp-01352830-00404,RW,wiper_like,1757549204,31,,0,0,0,0,0,8,0.226871,4.83092,2.25825,2.08685,0.762913,3.64507,0.911109,0.877467,4.05335,3.22656,2.84452,3.14214,0,2.61627,4,31.1298
hp-01352830-00405,benign,sync_client,1757549205,917504,,1.61504,1.67406,0.00455932,0.251908,13.0466,6.10045,1.1385,0.5579,0.073984,1.01702,0.269069,1.1847,0,0,22.1234,2.76093,14.4948,0,0,0,1,313.631
hp-01352830-00406,benign,backup_agent,1757549206,0,,1.99219,2.13631,0.41693,0.107417,66.8136,4.55332,0.364251,4.80062,0.584409,0,0.413225,0,0,0,2.0155,0.967113,2.01177,0,2.20152,13.5818,3,760.979
hp-01352830-00407,benign,office_workload,1757549207,0,,0.04335,0.501414,0.00764055,0.0526924,15.3324,7.03816,1.12825,0.379289,0.712359,1.96204,0.317409,1.08665,0,0,0,3.06995,0.635333,0,1.00469,2.95954,1,920.748
hp-01352830-00408,RW,low_and_slow,1757549208,16128,,0.878783,0.965883,0.272676,0.368688,415.908,8,0.205158,5.102,0,0,0,0,0,0,6.5398,3.35632,5.9502,2.82556,0.90407,0.982686,4,444.288
hp-01352830-00409,benign,cleanup_utility,1757549209,917504,,0.725868,3.30782,0.156785,0.0619873,114.037,3.3235,1.31826,2.08527,0.291019,0,0.24137,3.54437,0,0,0,2.15967,0.993599,0,0,0,3,160.696
hp-01352830-00410,RW,low_and_slow,1757549210,917504,,0.642286,0.451284,0.160221,0.579776,354.639,7.56337,0.784491,1.73939,0.870648,3.20226,0.82378,0,1.9841,0.862304,6.6392,2.91083,2.07172,0,0,0,3,596.393
hp-01352830-00411,benign,cleanup_utility,1757549211,0,,1.9792,1.33552,0.0393353,0.0875716,39.6156,3.7856,1.37531,0.768102,0.0376067,0,0.724834,1.84309,0,0,0,0.618164,0.861108,0,4.43254,9.03018,4,261.054
hp-01352830-00412,RW,fast_crypto,1757549212,0,,23.0313,0.770787,5.74437,0.548442,35.2479,7.12502,0.626062,2.35153,16.7718,5.1877,0.724143,0.860523,0.975474,2.10763,0.853609,3.82861,1.6406,0.963806,1.71088,3.66417,4,102.576
hp-01352830-00413,benign,cleanup_utility,1757549213,0,,2.65182,0.994468,1.04292,0.031452,14.5441,6.81679,0.585517,0.590766,0.174178,0,0.294626,3.02163,0,0,2.40174,1.55835,1.40998,0,4.20518,7.14134,4,58.0267
hp-01352830-00414,benign,backup_agent,1757549214,14336,,4.04196,4.53361,0.182592,0.243372,492.25,6.38879,0.741781,1.51495,0.544123,0,0.0363625,0,0,0,0,2.0136,1.54689,0,2.64818,8.47691,4,235.731
hp-01352830-00415,RW,low_and_slow,1757549215,917504,,0.418797,1.12291,0.460797,0.396352,142.267,8,0.214685,1.3234,4.69284,4.37411,0.352201,2.16648,1.12391,0.970991,6.44285,3.47833,4.21834,0,0,0,4,321.474
hp-01352830-00416,benign,installer,1757549216,255,,0,0,0,0,0,0,0,0,22.5822,0,0.0899494,12.7311,0,4.8753,1.03142,3.01258,0.442815,2.95006,0,0,2,21.5278
hp-01352830-00417,RW,double_extortion,1757549217,0,,3.92319,0.674342,2.69882,0.642908,109.477,7.85256,0.158384,2.58873,9.98079,3.99594,0.710288,0.941653,0.889048,0,16.4665,5.50173,13.1651,0.992042,0.975855,5.38445,4,236.005
hp-01352830-00418,benign,office_workload,1757549218,0,,0.0699456,1.769,0.0219573,0.00359778,13.0809,3.78053,1.10551,0.201999,0.282561,0,0.219482,1.10338,0,0,5.32533,2.42967,0.207984,1.88045,0,0.945772,2,199.225
hp-01352830-00419,RW,low_and_slow,1757549219,0,,0.850265,1.13228,1.32236,0.59615,63.4736,7.98412,0.14148,3.7602,1.20527,3.24789,0.63597,2.2055,0.928088,0,1.91688,4.83937,1.00716,0,2.00566,3.75789,2,777.524
hp-01352830-00420,benign,office_workload,1757549220,114688,,0.269484,1.94039,0.00658657,0.0525729,11.5525,4.98702,0.500252,0.566165,0.147241,0.924144,0.31523,2.19311,0,0,0,0,0,0,0,2.27533,1,656.251
hp-01352830-00421,RW,fast_crypto,1757549221,0,,15.0141,1.29336,2.94273,0.711739,292.001,6.62909,0.206499,3.4863,9.70153,5.63443,0.627793,1.23749,4.58548,3.65613,4.16711,2.61081,3.17651,3.14521,1.6727,9.09358,4,105.527
hp-01352830-00422,RW,ambiguous:slow_bulk,1757549222,0,,2.14866,0.815823,0.0269797,0.433412,372.745,6.23114,0.332723,2.39787,0.484456,2.95586,0.526692,2.53106,1.07474,0,4.0515,2.47056,1.10315,0.873066,0.996823,4.23658,4,833.754
hp-01352830-00423,benign,sync_client,1757549223,0,,0.772633,1.7246,0.00757754,0.0233212,24.1702,7.49772,0.299853,0.680514,0.0716742,0,0.177111,4.13281,0,0,14.0094,3.73987,6.55933,0,0,0.821104,3,1043.76
hp-01352830-00424,benign,installer,1757549224,1,,0,1.51914,0.0439597,0.308129,2.39151,5.43381,2.34036,1.61035,8.52785,0.896353,0.141122,9.75601,1.13748,1.11612,5.14694,1.97925,0.28153,3.8692,1.09001,0.819337,4,35.1459
hp-01352830-00425,RW,ambiguous:crypto_bulk,1757549225,0,,15.0233,0.428603,6.87578,0.635468,59.7607,6.67399,0.411777,2.10481,80.1961,6.70789,0.321148,0.995161,0.972219,0,5.73914,0.739825,0.997919,0.931011,1.05374,3.73679,4,27.6571
hp-01352830-00426,RW,ambiguous:slow_bulk,1757549226,0,,0.899716,1.19063,0.178251,0.671183,89.7587,6.56023,0.589314,0.892723,1.15493,1.05461,0.126238,0,0,1.02916,1.10443,2.87392,1.51011,1.10653,0,2.79964,3,788.159
hp-01352830-00427,RW,ambiguous:crypto_bulk,1757549227,1792,,12.1939,0.678574,6.09843,0.520039,154.844,6.236,0.291204,8,0,0,0,4.10695,0,0,5.81412,2.67692,2.4817,0.879503,1.93256,2.97858,4,67.5343
hp-01352830-00428,benign,cleanup_utility,1757549228,0,,6.61777,0.760762,0.770882,0.251636,78.2457,2.37358,0.429016,0.600259,1.25199e+06,1.07659,0.466289,1.114,0,0,0.979955,1.75076,1.05052,0,1.86093,3.7583,4,110.824
hp-01352830-00429,RW,low_and_slow,1757549229,0,,0.378823,0.473926,0.070605,0.607851,35.5176,7.83924,0.147109,7.41633,0.27143,7.30023,0.71338,3.36486,1.53472,2.06295,1.92764,3.29991,2.81628,0,0.807417,6.98318,4,1568.73
hp-01352830-00430,RW,double_extortion,1757549230,114688,,3.15388,0.940277,0.63066,0.529841,128.661,6.65234,0.50556,3.76749,14.0624,4.82111,0.615339,0,2.17082,0.942,0,0,0,3.95254,3.99664,6.19094,4,137.285
hp-01352830-00431,benign,cleanup_utility,1757549231,0,,0.751254,4.57104,0.0236684,0.320143,38.4307,3.15901,1.40734,0.168411,0.128656,0,0.322061,3.01116,0,0.926797,2.25938,2.56312,1.41262,0,3.8133,4.09958,2,622.052
hp-01352830-00432,benign,cleanup_utility,1757549232,114688,,5.35011,3.42114,0.383578,0.287165,148.343,3.21174,0.692323,0.354201,0.180117,0,0.537484,3.40938,0,0,0,0,0,0,2.2228,6.62485,4,153.853
hp-01352830-00433,benign,backup_agent,1757549233,0,,1.38524,1.20842,0.0634111,0.149364,105.377,4.13661,0.811637,1.60182,0.7559,0,0.540174,1.29377,0,0,2.8457,2.61698,1.29726,0,0,10.4594,1,2140.48
hp-01352830-00434,RW,low_and_slow,1757549234,0,,0.947869,1.43962,0.268065,0.188814,74.9012,8,0.203025,1.69658,2.00426,4.80236,0.31702,5.77929,0,0.986298,1.62715,2.2933,1.78445,2.00747,2.13908,4.12757,4,741.912
hp-01352830-00435,RW,double_extortion,1757549235,919296,,6.51415,0.907346,5.29733,0.905551,97.9504,8,0.340187,1.51804,0,0,0,0,0.872186,0.970052,16.4712,4.4362,3.16654,0,0,0,4,111.14
hp-01352830-00436,benign,backup_agent,1757549236,0,,4.85899,1.65844,0.0881009,0.362849,188.331,5.08651,1.34784,0.97621,0.084566,0.958835,0.392421,0.926753,0,0,0.811935,0.666212,0.654674,0.84117,4.15892,13.462,3,1013.51
hp-01352830-00437,benign,office_workload,1757549237,1792,,0.140818,1.93858,0.00580507,0.0445444,4.83652,3.87466,0.835168,2.12712,0,0,0,1.96607,0,0,2.68456,1.91155,2.64451,0,0,0,1,791.693
hp-01352830-00438,RW,ambiguous:network_bulk,1757549238,14336,,2.57417,0.751644,0.462195,0.135707,273.689,5.15587,0.994424,1.35084,3.60959,0.946073,0.327701,0,0,0,25.0306,4.0075,11.3201,0,1.11427,0,3,277.609
hp-01352830-00439,benign,cleanup_utility,1757549239,114688,,2.36823,4.2687,0.712197,0.262265,36.2935,4.59077,1.3964,0.441519,0.36383,0.815094,0.255758,2.01754,0,0,0,0,0,0,2.98702,3.28488,2,129.198
hp-01352830-00440,benign,installer,1757549240,14336,,6.53073,3.58293,0.0633756,0.266439,19.6938,6.80734,0.839095,1.37193,9.45745,2.00372,0.376629,0,0,0,1.66873,1.46615,0.27174,2.82045,0,0,3,51.4545
hp-01352830-00441,RW,ambiguous:network_bulk,1757549241,1792,,0.597604,1.49433,0.287089,0.142507,225.996,6.42613,0.796574,4.22451,0,0,0,3.67448,0,0,12.2267,4.11895,5.3862,0.987292,0.985589,1.9297,4,570.269
hp-01352830-00442,RW,double_extortion,1757549242,0,,2.64789,0.367946,1.84344,0.273344,191.921,7.36115,0.150583,3.48124,199431,4.90699,0.567516,0,0,3.38189,27.5131,4.1466,20.5913,0.734683,4.21286,2.62109,4,117.264
hp-01352830-00443,RW,fast_crypto,1757549243,917504,,63.4403,1.38947,7.82349,0.759547,57.3018,7.41191,0.190029,1.70832,66.8447,5.84586,0.423856,2.72444,0,0.898349,5.89515,2.54401,1.11021,0,0,0,4,42.2825
hp-01352830-00444,RW,ambiguous:network_bulk,1757549244,0,,1.09973,0.24247,0.232314,0.308437,57.8625,8,0.512163,8,4.45675,3.47243,0.343855,0,0,0.840052,18.462,4.43599,8.00682,1.68409,2.23656,4.99071,4,391.554
hp-01352830-00445,RW,wiper_like,1757549245,917504,,56.3853,1.52693,55.476,0.609956,117.814,6.99863,0.143315,2.08659,32.5102,0,0.454899,2.53542,0,2.87119,8.19151,3.39241,1.47429,0,0,0,4,8.76498
hp-01352830-00446,RW,low_and_slow,1757549246,0,,0.208793,0.546123,0.0593592,0.655975,48.5207,7.66033,0.636643,5.39245,0.705915,7.25919,0.865424,0.842739,0,0,3.46915,3.61183,0.896675,0,2.00201,8.9937,4,981.703
hp-01352830-00447,benign,ambiguous:network_bulk,1757549247,0,,0.762189,1.14486,0.354651,0.16971,254.157,7.12947,0.711778,1.42465,612857,1.8376,0.235306,0,1.0431,0,17.1274,3.85687,7.37779,1.99346,0.930726,4.38625,3,451.538
hp-01352830-00448,benign,ambiguous:slow_bulk,1757549248,0,,1.15747,0.713227,0.124294,0.176038,170.843,6.87628,2.33571,1.77129,0.577137,6.18736,0.514327,1.03849,3.03591,0,2.11726,2.36711,1.34572,0,1.1638,5.50767,3,943.455
hp-01352830-00449,RW,ambiguous:crypto_bulk,1757549249,0,,16.1382,0.462317,2.09618,0.621864,54.7699,6.79538,0.584078,2.3705,14.1481,5.62318,0.467769,1.62765,0,0,4.17967,1.1963,0.402496,0,2.95229,1.08352,4,83.9598
hp-01352830-00451,RW,ambiguous:network_bulk,1757549251,917504,,3.30222,1.69544,0.577985,0.489019,31.1863,6.0054,0.315358,1.00705,4.06785,3.03436,0.21117,2.13897,0.993874,0.906811,21.7431,1.45048,14.1594,0,0,0,4,215.359
hp-01352830-00452,benign,disk_encryptor,1757549252,0,,2.12955,0.67787,0.111466,0.638179,34.5939,8,0.570501,2.58069,4.1946,6.19165,0.274686,0.683463,0.941169,0,3.34829,2.49307,3.63689,1.16576,0,0,4,161.093
hp-01352830-00453,benign,backup_agent,1757549253,14336,,0.609251,2.08302,0.0473334,0.288871,67.0795,6.04026,1.11546,0.892956,0.905609,0,0.0586861,0,0,0,0.906369,2.60078,1.23298,0,0,11.5788,3,901.505
hp-01352830-00454,benign,backup_agent,1757549254,0,,3.16588,3.31886,0.0238651,0.236888,135.653,5.18131,1.06696,2.57434,1.41744,0,0.229528,1.98828,0,0,1.99483,3.26785,0.0864095,0,0,12.2008,4,292.304
hp-01352830-00455,benign,ambiguous:slow_bulk,1757549255,0,,3.23728,1.11755,0.134188,0.387194,48.7183,3.84673,0.595745,3.48121,0.483888,3.41122,1,1.07184,1.0604,0,4.91489,2.8513,9.01493,0,0.90233,4.91303,4,324.186
hp-01352830-00456,benign,installer,1757549256,130816,,16.1412,2.76825,0.173474,0.15567,19.1052,5.54828,0.550503,1.33179,0,0,0,0,0,0,0,0,0,3.0486,0.939521,3.40791,2,119.654
hp-01352830-00457,RW,ambiguous:network_bulk,1757549257,114688,,3.47801,0.839016,1.09136,0.514087,64.999,5.39219,0.846452,3.56741,22.0017,2.51326,0.564847,0,0,1.45048,0,0,0,0,0.84541,0,3,294.636
hp-01352830-00458,RW,wiper_like,1757549258,0,,53.8367,0.566818,8.74803,0.440721,32.5387,6.38712,0.620134,1.54098,5.74757,0,0.619314,0,0,1.00177,9.74801,2.60231,1.94295,2.17242,0,3.13572,4,47.1653
hp-01352830-00459,RW,wiper_like,1757549259,16128,,20.287,0.597234,2.09463,0.46037,161.03,7.18587,0.210151,8,0,0,0,0,0,0,6.97266,4.50411,3.4061,1.97322,0.869446,5.81215,4,62.7452
hp-01352830-00460,RW,double_extortion,1757549260,0,,0.912418,2.65121,1.17109,0.407764,115.452,8,0.292688,3.20756,2.70749,8.04996,0.825186,1.94591,2.0867,1.19452,19.9007,3.97957,3.53561,1.89849,1.00812,4.55548,4,418.263
hp-01352830-00461,RW,fast_crypto,1757549261,0,,30.1068,2.68281,8.08066,0.512633,144.447,6.72841,0.214159,1.9264,6.96559,4.54512,0.501999,5.05092,0,1.0491,6.06334,1.7731,3.20908,2.80839,2.50662,8.32311,4,42.7607
hp-01352830-00462,benign,sync_client,1757549262,0,,0.240127,1.54969,0.00220549,0.0886613,12.5149,5.87145,1.15258,0.559638,0.0906404,1.74674,0.0984472,2.03181,0.915205,0,9.58298,4.02336,5.47237,0,0,1.86483,2,1467.93
hp-01352830-00463,benign,ambiguous:network_bulk,1757549263,224,,5.49371,1.36361,0.871905,0.174085,83.0501,0,0,0,8.90376,4.60699,0.333019,4.58267,0,2.35557,20.6323,4.63261,3.46608,0,0,2.65825,4,101.453
hp-01352830-00464,benign,ambiguous:slow_bulk,1757549264,0,,2.03494,1.36048,0.0625926,0.442599,238.206,6.1252,0.542335,2.46677,0.857155,6.70522,0.696218,1.91602,2.16896,2.9235,2.38098,1.64652,1.53234,1.13314,0,8.41561,3,1039.74
hp-01352830-00465,RW,ambiguous:crypto_bulk,1757549265,0,,13.5308,2.50292,4.53552,0.380472,132.208,6.43071,0.207224,1.30104,3.56957,1.01285,0.681284,2.696,0,2.01121,3.81107,3.64407,1.06659,1.04637,0.890842,6.15541,4,101.259
hp-01352830-00466,RW,low_and_slow,1757549266,0,,0.414705,0.334957,0.163157,0.401991,163.683,6.2868,0.242931,1.82245,3.7058,2.13003,0.390971,0.868695,0,2.60798,1.2097,3.55826,4.60149,1.88215,0,4.20937,4,408.511
hp-01352830-00467,benign,office_workload,1757549267,114719,,0,0,0,0,0,4.20627,0.528465,0.615494,1.08507,1.00339,0.155258,0.926365,0,1.0013,0,0,0,0,0,0.998512,2,224.491
hp-01352830-00468,RW,wiper_like,1757549268,224,,13.6293,0.763285,17.586,0.469289,88.2804,0,0,0,3.1448,0,0.295788,0.920544,1.08234,0,7.88569,2.78736,4.31358,0.946127,6.59108,3.50613,4,50.6619
hp-01352830-00469,RW,fast_crypto,1757549269,114912,,17.0953,0.738128,7.68004,0.438305,46.1834,0,0,0,17.5501,4.92647,0.611581,3.36507,1.959,1.01689,0,0,0,1.13451,3.00487,2.01525,4,21.711
hp-01352830-00470,benign,ambiguous:crypto_bulk,1757549270,0,,23.0306,1.96788,0.957748,0.782074,264.171,4.95981,0.316918,1.53628,20.2741,9.74986,0.558576,0.937716,1.30649,0.977565,5.06896,2.92589,1.51484,2.15517,1.02118,0.859366,4,69.2883
hp-01352830-00471,RW,ambiguous:slow_bulk,1757549271,224,,3.9362,2.23623,0.230723,0.502657,90.3537,0,0,0,6.71035,3.61078,0.213064,0,0.891881,0,2.32398,3.27764,0.845008,0,1.08881,10.3083,4,166.9
hp-01352830-00472,RW,ambiguous:slow_bulk,1757549272,114688,,0.489801,1.24639,0.329487,0.439959,125.108,5.04933,0.374946,3.49851,0.910999,2.40406,0.714796,1.08183,1.04362,0.929142,0,0,0,1.93082,1.96203,6.73573,4,798.528
hp-01352830-00473,benign,sync_client,1757549273,1,,0,4.70018,0.00142163,0.150571,8.64838,6.29783,1.00269,0.386838,0.0725566,0,0.12891,0,1.51264,0,17.1094,3.76318,6.22863,0,0,0,2,1224.8
hp-01352830-00474,RW,ambiguous:slow_bulk,1757549274,917504,,2.22195,1.11173,0.337492,0.210361,95.1334,5.1996,0.566253,3.40924,1.28918,4.09829,0.527047,0.997417,0,1.78849,0,2.71857,1.13618,0,0,0,4,519.552
hp-01352830-00475,benign,cleanup_utility,1757549275,0,,1.02494,3.06279,0.397711,0.174844,83.4549,4.30578,0.485482,2.51716,257889,1.06341,0.303799,0.909448,0,0,0,1.71762,1.23813,0.966763,2.31032,3.71579,3,404.297
hp-01352830-00476,benign,sync_client,1757549276,0,,0.245867,2.79713,0.0113916,0.0497893,22.4105,6.98949,1.04484,1.07445,0.651683,0,0.330682,1.7944,0,0,14.4867,4.22053,11.5737,0,0,1.10167,2,1496.24
hp-01352830-00477,RW,fast_crypto,1757549277,0,,15.6862,0.549676,6.26548,0.715644,67.6657,7.56315,0.250822,2.05451,53.9755,7.4964,0.502517,2.10663,0,0,11.4629,2.9094,1.25717,0,0.798793,0.947005,4,15.3881
hp-01352830-00478,RW,double_extortion,1757549278,0,,4.92579,1.09857,9.35272,0.92471,31.4922,5.87857,0.416855,1.83479,9.46045,8.96693,0.357322,3.58396,0,2.22921,8.47913,4.31573,5.40913,0,1.24128,7.03926,4,76.7679
hp-01352830-00479,RW,fast_crypto,1757549279,1792,,11.4726,0.787842,0.585919,0.458858,141.7,7.69392,0.470823,2.39503,0,0,0,0.812046,2.28578,1.08149,1.01957,2.79948,2.03588,2.64053,4.07164,4.23749,4,138.788
hp-01352830-00480,benign,disk_encryptor,1757549280,0,,9.34906,4.04443,1.58238,0.26343,35.1595,3.3519,0.369064,2.73781,49.4069,6.13044,0.294664,0.977169,0.845718,0,1.92462,1.14355,1.46231,0,0,1.02104,2,125.078
hp-01352830-00481,benign,installer,1757549281,0,,1.98056,4.72925,0.0601341,0.1755,5.5508,6.23186,0.904696,1.25325,32.0814,0,0.277081,10.7758,0,2.28236,2.40534,2.87581,0.947941,3.16897,0,0,3,73.3875
hp-01352830-00482,RW,ambiguous:network_bulk,1757549282,1792,,0.399589,0.498406,0.795098,0.40165,78.1716,8,0.637543,1.03769,0,0,0,0,0,0,24.3233,4.82692,4.65397,3.28964,0,2.83168,4,476.714
hp-01352830-00483,benign,installer,1757549283,224,,0.668429,2.30886,0.0238029,0.00730443,14.5049,0,0,0,1.48347e+06,0,0.292392,10.055,0,1.00684,2.82972,2.34521,0.179728,4.14801,0,0,4,70.6013
hp-01352830-00484,benign,ambiguous:crypto_bulk,1757549284,14336,,1.55007,0.662578,0.288777,0.505099,164.514,7.08723,0.472268,1.33271,6.87638,1.56465,0.564196,0,0,0,4.56811,2.81646,2.18954,0.89838,0,1.09653,4,477.356
hp-01352830-00485,benign,backup_agent,1757549285,0,,2.67664,0.868581,0.146525,0.396775,215.395,5.39427,0.535522,1.04166,2.9658,1.92755,0.443817,0.984024,1.16194,0.959394,0.91471,1.97114,1.11845,1.73207,0,10.0753,1,232.1
hp-01352830-00486,RW,low_and_slow,1757549286,14336,,2.47042,1.79104,0.0549604,0.694226,180.639,8,0.163077,2.15359,0.767271,2.81316,0.505475,0,0,0,3.02279,1.75034,1.7988,1.2291,0,1.08034,4,308.108
hp-01352830-00487,benign,installer,1757549287,0,,12.531,2.79715,0.0396864,0.222507,7.74472,6.90487,0.938504,2.4626,1.59182,0,0.274937,9.39798,0,6.62967,1.92708,1.90221,2.81593,4.43868,0,0,3,63.3469
hp-01352830-00488,benign,installer,1757549288,14336,,1.43822,2.00041,0.0283467,0.000785996,15.22,8,1.31011,1.7705,6.99981,0,0.455577,0,0,0,0.908644,1.66292,0.187877,0,0,0.896088,3,105.218
hp-01352830-00489,benign,installer,1757549289,917504,,7.29619,2.00567,0.258253,0.123959,11.6466,4.80656,0.925324,0.835714,4.16569,0,0.421135,15.9778,1.03042,0.885572,0,1.83401,1.26057,0,0,0,3,35.0816
hp-01352830-00490,benign,office_workload,1757549290,129024,,0.305202,2.24757,0.0159165,0.00644111,19.8817,6.33828,0.750266,1.01954,0.922841,0,0.145872,0,0,0,0,0,0,0,0,0,2,233.053
hp-01352830-00491,benign,ambiguous:network_bulk,1757549291,917728,,2.2704,0.993997,0.564953,0.411204,46.4689,0,0,0,2.7323,3.98929,0.547076,1.10729,0.993607,0,11.9956,2.50614,16.474,0,0,0,4,374.709
hp-01352830-00492,benign,office_workload,1757549292,114688,,0.103293,5.2534,0.00298671,0.00982985,23.6805,3.87058,0.627784,0.193178,0.219304,0,0.333411,1.93016,0,0,0,0,0,1.04941,0,0,3,359.578
hp-01352830-00493,RW,low_and_slow,1757549293,31,,0,0,0,0,0,8,0.176571,2.37706,0.5537,3.53171,0.689165,1.75152,3.05497,0.879948,4.13325,2.55975,1.09694,0,1.01545,6.42483,4,621.802
hp-01352830-00494,RW,wiper_like,1757549294,0,,22.5814,0.502442,9.12275,0.848801,167.838,6.60738,0.129243,3.01658,9.01183,0,0.559907,1.16465,0.990173,0,8.83297,2.35883,5.01638,0.935138,1.81023,4.58458,4,57.1253
hp-01352830-00495,RW,fast_crypto,1757549295,1792,,12.1594,1.06663,7.30289,1,117.325,8,0.545079,2.21402,0,0,0,2.31864,1.12449,2.64915,8.31083,4.5534,1.47989,1.70102,1.79664,5.5251,4,52.921
hp-01352830-00496,benign,office_workload,1757549296,0,,0.0671031,2.73241,0.0305756,0.141295,48.5939,7.5538,1.3815,0.392876,0.0783117,0,0.353493,3.55824,0,0,3.91488,1.3214,0.754232,0,0,0.992398,1,2134.67
hp-01352830-00497,benign,cleanup_utility,1757549297,0,,3.45537,2.93964,0.281599,0.202549,216.319,4.9084,0.841139,0.714688,0.199788,0,0.472763,0,0,0,0,2.22816,0.409426,0,1.14479,7.52162,4,237.771
hp-01352830-00498,benign,disk_encryptor,1757549298,0,,4.80859,2.165,0.891009,0.406823,77.0317,5.71078,0.316172,1.53659,32.0028,5.97368,0.781166,0.80248,0,0,0.972788,3.12734,1.11867,0,0,1.09966,3,188.345
hp-01352830-00499,benign,ambiguous:slow_bulk,1757549299,0,,0.238245,2.47252,0.037441,0.495361,219.765,8,0.625902,2.30809,0.672378,5.87021,0.416896,3.04523,1.12109,0,2.17206,4.0605,2.0854,0,1.12557,6.99946,4,608.141
hp-01352830-00500,RW,wiper_like,1757549300,0,,31.2771,0.865697,8.8708,0.730158,56.1625,8,0.372465,4.60784,5.5426,0.664024,0.745438,1.997,1.81501,2.04572,6.59139,2.42795,1.97099,2.92037,0.964248,6.1078,4,105.307
hp-01352830-00501,benign,backup_agent,1757549301,129024,,1.67123,8.20104,0.0331557,0.324274,166.549,6.3578,1.8135,2.33193,0.122363,1.1441,0.24252,0,0,0,0,0,0,2.40359,0,7.03415,3,1366.03
hp-01352830-00502,benign,backup_agent,1757549302,0,,1.46176,14.0593,0.0689999,0.0858652,105.705,5.20762,1.31213,2.14488,0.557287,0,0.0752116,2.09096,0,0,3.52607,0.867793,0.376359,0,0.962892,14.2729,2,2089.27
hp-01352830-00503,RW,low_and_slow,1757549303,1792,,0.363209,2.24097,0.160097,0.704239,240.003,5.52842,0.173278,3.01424,0,0,0,1.25236,1.67454,0,4.31365,1.11937,3.12775,0.891287,0.961294,1.79258,4,902.699
hp-01352830-00504,RW,ambiguous:crypto_bulk,1757549304,0,,7.15746,0.785566,1.46133,0.344517,95.4812,6.74366,0.846155,3.62683,20.3942,4.34458,0.144616,0,1.07144,0,5.51534,3.81921,3.77013,1.95814,2.88629,3.07519,3,116.296
hp-01352830-00505,benign,backup_agent,1757549305,0,,2.91186,4.90401,0.360182,0.639206,416.705,6.9534,0.675314,1.36686,0.735107,0,0.197511,2.05544,0,0,1.04308,1.97502,0.670102,0,1.08066,7.3627,2,412.303
hp-01352830-00506,benign,ambiguous:slow_bulk,1757549306,0,,0.815942,1.88726,0.334411,0.598902,197.586,6.0047,0.303467,1.46288,0.521156,2.1438,0.438426,0.848303,1.04247,0.991681,0,3.70084,2.36133,1.73722,1.13628,9.31994,4,1262.77
hp-01352830-00507,RW,low_and_slow,1757549307,0,,1.55025,2.6733,0.157115,0.241189,94.8017,6.59769,0.229534,4.06042,0.380116,6.78182,0.90372,0,2.25582,2.69955,2.12436,3.12771,4.56829,1.2257,3.24893,1.74476,4,715.415
hp-01352830-00508,benign,installer,1757549308,1792,,2.24858,0.999737,0.248074,0.108701,18.9495,5.40343,1.02774,0.585794,0,0,0,9.84246,0,1.07728,3.88451,1.89688,1.71181,2.18326,0,0,4,63.8506
hp-01352830-00509,benign,ambiguous:network_bulk,1757549309,0,,1.68241,1.47876,0.157769,0.398254,63.8405,6.08641,0.604598,1.70956,19.2136,2.95383,0.429733,1.09771,0,1.00331,11.2728,5.9054,3.29991,0.880913,2.21427,0,4,133.634
hp-01352830-00510,RW,ambiguous:crypto_bulk,1757549310,0,,21.9203,3.91567,9.50449,0.702295,46.4849,7.08376,0.610494,2.1313,48.8019,3.35178,0.566965,1.85633,0,0,1.93165,1.86354,2.82904,1.88717,2.31676,4.69252,4,73.3837
hp-01352830-00511,RW,double_extortion,1757549311,0,,2.22324,1.89545,1.63401,0.912324,42.8616,7.2339,0.239563,1.4832,6.60142,8.831,0.535758,0,2.17376,3.15484,22.4401,4.49853,7.90598,0.944036,4.94886,2.01807,4,264.111
hp-01352830-00512,RW,low_and_slow,1757549312,0,,0.408323,0.775024,0.419213,0.419251,45.0181,6.85816,0.280558,1.66579,0.656673,3.20724,0.533988,0,0,1.78595,4.05119,3.93583,1.84038,3.61005,0.778108,5.37928,4,940.23
hp-01352830-00513,benign,office_workload,1757549313,224,,0.0854615,2.03859,0.0237483,0.233874,12.0727,0,0,0,1.43138,1.19204,0.448721,2.00781,0,0.849833,0.998519,2.39325,0.714521,0,0,0,1,750.322
hp-01352830-00514,RW,ambiguous:slow_bulk,1757549314,0,,0.911434,0.634725,0.0515799,0.416477,140.628,8,0.768827,1.47405,0.303918,2.1013,0.649132,2.72979,0,0.984127,0.988029,2.87113,2.78966,0,1.04204,7.69632,3,769.972
hp-01352830-00515,benign,backup_agent,1757549315,224,,3.37606,0.859447,0.102119,0.176246,302.4,0,0,0,1.14131,1.7554,0.286713,4.38163,0,0,2.89364,2.63668,0.602397,0,0,9.03289,2,286.017
hp-01352830-00516,benign,office_workload,1757549316,0,,0.0846117,2.79979,0.00327949,0.102898,8.68264,4.0987,0.684982,0.229446,0.308117,0,0.332209,1.16828,0,0,1.18373,2.18538,3.26994,0,0,1.31872,2,210.92
hp-01352830-00517,RW,wiper_like,1757549317,14336,,36.1604,1.91146,23.0814,0.726599,90.5749,6.77315,0.328265,3.37359,12.1606,1.89603,0.528238,0,0,0,5.73855,1.86495,0.8836,0.700835,0,5.26121,4,19.8012
hp-01352830-00518,benign,office_workload,1757549318,1033984,,0.109313,3.30935,0.00697623,0.032907,16.0457,2.70041,1.64327,0.152207,0,0,0,0.859707,0,0,0,0,0,0,0,0,1,821.329
hp-01352830-00519,RW,double_extortion,1757549319,0,,2.56231,2.46225,2.54446,0.722686,25.3026,6.31219,0.341823,2.24982,36.1027,9.83925,0.516307,3.14211,0,0,20.1219,3.88089,28.3049,0,8.69341,5.49024,4,89.0022
hp-01352830-00520,RW,ambiguous:network_bulk,1757549320,224,,9.77735,1.38534,1.2738,0.434716,114.957,0,0,0,12.8317,4.82362,0.682672,0,0,0,23.7863,4.89314,5.83043,1.95471,0.921925,1.95711,4,110.693
hp-01352830-00521,benign,ambiguous:slow_bulk,1757549321,0,,2.21854,2.89294,0.110803,0.206471,77.2505,7.12814,0.218636,0.771459,2.26945,2.14208,0.552618,2.35601,0,0,4.53384,3.40151,0.549092,1.14224,0,3.63952,4,216.27
hp-01352830-00522,RW,ambiguous:network_bulk,1757549322,0,,3.03894,0.32612,1.52585,0.34804,99.73,3.47407,0.363603,0.978369,7.84547,1.94437,0.386139,0.984916,1.29148,2.11445,14.1825,3.64544,6.85644,1.23785,1.60775,0,4,211.508
hp-01352830-00523,RW,double_extortion,1757549323,0,,7.66731,2.21488,1.94752,0.62907,79.8981,5.27392,0.47363,3.34525,59.0206,6.10088,0.56625,1.77133,0,2.83667,14.7177,5.96648,4.42422,0.944886,3.33318,4.5745,4,104.787
hp-01352830-00524,benign,ambiguous:slow_bulk,1757549324,0,,4.44076,5.01144,0.268798,0.500501,121.248,7.42186,0.375623,2.1993,0.427458,3.17889,0.595834,0,0,0.970435,0.934813,1.15808,1.03804,0,0.900506,2.74966,4,337.039
hp-01352830-00525,RW,ambiguous:slow_bulk,1757549325,0,,1.00371,3.52351,0.0557818,0.481507,142.348,6.62415,0.521409,1.57007,0.401165,2.90707,0.468264,0,0.934584,1.07525,2.82459,3.08172,3.29958,1.05635,1.04626,6.89931,4,751.98
hp-01352830-00526,benign,office_workload,1757549326,0,,0.210234,3.05357,0.00591947,0.00923585,9.12801,5.13852,0.982078,0.446443,0.24353,1.20703,0.299598,2.39049,0,0,3.03772,2.94813,1.11099,1.0378,0,0.870812,1,1582.62
hp-01352830-00527,benign,backup_agent,1757549327,114719,,0,0,0,0,0,7.31667,1.18656,1.29952,0.0862122,0,0.262235,0,0,0,0,0,0,0.79299,0.855338,8.67325,4,917.693
hp-01352830-00528,benign,cleanup_utility,1757549328,116480,,8.14816,1.44699,0.193232,0.293741,24.1992,3.7139,0.263463,0.449971,0,0,0,1.11001,0,0,0,0,0,1.66756,2.59387,4.82886,3,167.585
hp-01352830-00529,benign,backup_agent,1757549329,0,,1.02096,2.31658,0.0748888,0.129396,175.975,5.87556,0.588485,1.98748,0.661191,0,0.360401,0.936458,0,0,2.30657,1.43485,0.568651,1.2416,0,7.77918,2,1329.9
hp-01352830-00530,RW,low_and_slow,1757549330,114688,,1.60782,1.88318,0.427652,0.595059,175.705,7.39614,0.254998,4.79163,2.24912,5.50532,0.669319,0,0.972537,1.07391,0,0,0,0.970278,0,1.04565,4,805.197
hp-01352830-00531,benign,ambiguous:slow_bulk,1757549331,0,,0.247197,1.14287,0.0968979,0.714545,185.967,5.50154,1.22284,1.86428,0.241989,8.34798,0.630845,2.46175,1.1652,1.11737,1.02408,3.42025,1.36423,1.88539,0,17.7926,4,2174.73
hp-01352830-00532,benign,cleanup_utility,1757549332,0,,6.2313,1.48867,0.599876,0.347274,55.594,6.36187,1.06755,0.726943,0.184871,0.935556,0.0946839,3.18717,0,0,0,1.17949,2.49469,0,3.77035,6.16392,3,49.979
hp-01352830-00533,benign,sync_client,1757549333,114688,,0.374107,3.39308,0.00773955,0.0465273,51.7835,5.36119,1.78815,0.355191,0.407256,0,0.17587,1.16801,0,0,0,0,0,0,0,1.02774,3,443.499
hp-01352830-00534,benign,ambiguous:crypto_bulk,1757549334,0,,10.0536,1.02299,2.58391,0.710338,272.432,5.699,0.229537,3.13282,20.9916,6.0685,0.535846,2.31655,1.14363,0,2.83279,1.56215,0.993262,0.873593,0,5.71586,4,65.2154
hp-01352830-00535,RW,fast_crypto,1757549335,14336,,2.68284,0.261885,5.33282,0.660052,120.335,6.14023,0.929526,2.31494,41.6529,3.35267,0.664026,0,0,0,6.88968,2.63898,3.02129,1.86867,1.6427,2.45316,4,87.837
hp-01352830-00536,benign,ambiguous:network_bulk,1757549336,0,,1.10834,0.62316,1.461,0.340811,62.8228,5.84428,0.163483,1.02419,0.976973,1.82889,0.749053,1.63116,1.00164,0,16.7729,3.73309,5.48512,1.01713,0,2.22704,4,317.961
hp-01352830-00537,benign,sync_client,1757549337,1,,0,0.698167,0.0165854,0.0894441,28.2626,2.96573,0.886085,0.193161,0.0912443,0,0.588033,2.56681,1.03932,0,18.4635,4.40438,2.85332,0,0,1.09546,2,1348.46
hp-01352830-00539,benign,installer,1757549339,0,,1.26755,2.73081,0.0366064,0.0296174,15.1189,6.77742,0.473485,1.07333,0.583424,0,0.312567,11.7724,0,4.86049,0.904306,1.4677,1.71133,2.28907,0,0,2,180.679
hp-01352830-00540,benign,disk_encryptor,1757549340,0,,2.49006,0.997261,0.157314,0.216051,60.2457,6.76061,0.164694,2.00239,17.6597,11.0363,0.259984,0,0,0,0,1.65768,1.18033,2.12018,0.954904,1.13595,2,303.247
hp-01352830-00541,benign,cleanup_utility,1757549341,1,,0,3.22982,0.15691,0.309003,54.7427,1.22762,0.636264,0.0649377,0.346998,1.17296,0.171532,3.95646,0,0,2.07223,2.15927,1.4559,0,3.21402,3.92324,4,214.078
hp-01352830-00542,RW,double_extortion,1757549342,0,,3.15923,2.99994,0.681969,0.60813,61.9145,6.23099,0.32307,2.0248,11.9903,4.76423,0.61173,2.49133,2.23518,3.13299,22.2026,3.97714,5.02952,3.11814,2.90338,2.37218,4,120.343
hp-01352830-00543,RW,wiper_like,1757549343,1032192,,39.7842,1.04491,12.7517,1,107.355,8,0.252989,3.49093,13.8512,0.959024,0.397244,3.12873,2.26979,3.04014,0,0,0,0,0,0,4,17.6558
hp-01352830-00544,benign,disk_encryptor,1757549344,114688,,9.79202,2.8413,1.36435,0.424317,30.6261,5.9368,0.584167,2.39324,16.3861,5.30427,0.65402,1.17133,0,0,0,0,0,0,0,2.48399,3,123.057
hp-01352830-00545,RW,double_extortion,1757549345,0,,1.98641,2.09023,0.450683,0.551273,119.668,6.24307,0.67301,4.17473,121434,9.61651,0.826352,3.19457,2.0126,0,22.9363,3.39215,12.7963,3.19053,2.15042,6.03963,4,255.49
hp-01352830-00546,RW,wiper_like,1757549346,1792,,59.3161,0.928431,32.7707,0.702576,291.533,8,0.373439,1.82294,0,0,0,2.9738,0,0,9.25337,3.45262,0.499101,0,2.32824,5.08685,4,27.2749
hp-01352830-00547,RW,ambiguous:crypto_bulk,1757549347,0,,17.0589,1.21163,1.53355,0.165862,161.979,8,0.451661,3.86099,10.0647,0,0.490338,0.896879,0,1.97601,9.91939,2.62644,1.30372,0,2.17936,2.13487,4,107.725
hp-01352830-00548,benign,installer,1757549348,0,,4.84796,11.1639,0.0446322,0.0494816,42.9352,4.06754,1.06768,3.56576,1.82824,0,0.117677,11.128,1.0314,2.35507,3.06049,3.48458,0.274365,1.09323,0,3.2413,2,156.301
hp-01352830-00549,RW,low_and_slow,1757549349,0,,0.256423,3.62346,0.146497,0.382604,52.1777,7.53896,0.268963,2.7846,0.842638,5.54912,0.334582,1.02307,2.0762,4.44815,2.73575,1.89706,0.61005,1.11011,0,7.83299,4,638.438
hp-01352830-00550,benign,ambiguous:slow_bulk,1757549350,224,,0.38312,0.617189,0.0405087,0.66119,146.105,0,0,0,0.381391,5.18678,1,0,0.895596,0,1.13919,3.97663,1.64704,0.780732,2.16548,5.85373,3,2522.61
hp-01352830-00551,RW,fast_crypto,1757549351,0,,13.2433,1.85924,7.29943,0.891478,155.824,8,0.483072,1.94499,34.1296,7.82267,0.550165,0,0,0.733185,2.49928,5.12895,1.50993,0,2.0064,2.03493,4,29.8684
hp-01352830-00552,RW,ambiguous:crypto_bulk,1757549352,917504,,20.8453,0.844358,2.85712,0.321178,75.2772,6.26659,0.353287,4.73243,61.6568,5.16541,0.711518,0,0.814557,0.962478,4.23965,3.08909,4.41015,0,0,0,2,17.1174
hp-01352830-00553,benign,backup_agent,1757549353,14336,,2.94497,1.84011,0.230856,0.160109,93.0297,5.96937,0.731991,0.373986,1.01686,0,0.497355,0,0,0,1.02243,0.776073,1.18816,0.881766,0,6.90642,3,449.429
hp-01352830-00554,RW,ambiguous:network_bulk,1757549354,917504,,1.47007,1.74,1.43383,0.163144,52.8697,7.01779,0.74103,3.89201,14.8023,3.13076,0.545445,0.945763,0.78046,0,19.5219,3.018,4.51027,0,0,0,4,141.262
hp-01352830-00555,benign,ambiguous:slow_bulk,1757549355,114688,,0.861505,1.18329,0.111783,0.422062,121.276,5.947,1.03947,1.6029,1.79763,3.54677,0.472014,3.10984,0,1.32073,0,0,0,0,1.21068,5.47988,3,1156.21
hp-01352830-00556,benign,ambiguous:network_bulk,1757549356,114688,,1.31191,1.15511,0.935796,0.635433,113.604,6.83879,0.579767,3.36571,0.875744,3.75874,0.651649,0,1.15213,0,0,0,0,0,1.15371,1.08781,4,594.952
hp-01352830-00557,RW,ambiguous:network_bulk,1757549357,0,,1.45581,1.9497,0.832726,0.404429,21.2034,5.7478,0.788266,0.802082,11.8773,1.70276,0.520417,1.00363,0,0,16.0203,2.66086,8.24548,1.15408,2.90122,1.80794,4,211.847
hp-01352830-00558,RW,ambiguous:network_bulk,1757549358,114688,,3.89867,1.72388,2.59367,0.19703,124.86,4.48759,0.885784,3.11612,8.37115,6.69137,0.0694512,3.84343,0,0,0,0,0,2.07827,0,5.6227,4,141.462
hp-01352830-00559,benign,cleanup_utility,1757549359,0,,5.34334,0.923442,0.952846,0.572675,90.8146,5.77822,0.570645,0.445128,0.23023,0,0.321521,0,1.10156,0,1.03139,0.856446,0.465446,0,4.31257,2.24208,4,213.797
hp-01352830-00560,benign,disk_encryptor,1757549360,14336,,17.7521,0.743664,1.25286,0.642608,328.265,6.25206,0.238741,1.98186,7.01977,10.2766,0.726889,0,0,0,3.92216,2.32988,1.20239,0,0,0,2,95.6483
hp-01352830-00561,RW,wiper_like,1757549361,0,,30.5823,0.856197,7.13817,0.992283,87.1921,7.41893,0.688835,1.42543,5.61824,0,0.768462,2.51406,1.54102,0,6.54377,4.29712,3.53284,1.14441,0.929697,4.45844,4,11.1
hp-01352830-00562,RW,ambiguous:slow_bulk,1757549362,0,,0.973709,1.23257,0.186958,0.5171,157.755,4.63878,0.243885,3.72223,1.12317,1.99457,0.431149,1.94827,0.898076,0,2.63385,2.55146,0.697384,0,1.66111,4.75957,4,535.381
hp-01352830-00563,benign,backup_agent,1757549363,1823,,0,0,0,0,0,4.80545,2.45781,2.79039,0,0,0,0,0.910971,0,1.02708,3.44061,0.522731,0,1.01153,10.7273,2,888.721
hp-01352830-00564,benign,office_workload,1757549364,0,,1.98975,1.57241,0.0447131,0.0180953,63.0646,8,1.89761,0.686455,0.779192,0,0.0934594,0,0,0,3.51772,2.74133,0.92262,2.35486,0,1.90975,2,110.095
hp-01352830-00565,benign,backup_agent,1757549365,0,,1.52695,1.46359,0.0560201,0.0310069,309.701,8,0.286927,0.431213,0.187486,0,0.590071,0.800656,1.35103,1.03597,0.940968,1.80483,0.23188,1.00529,1.11449,11.732,4,1336.29
hp-01352830-00566,RW,low_and_slow,1757549366,0,,1.99566,0.617639,0.716364,0.47865,45.4397,5.32783,0.537551,2.60816,6.05716,12.7264,0.613586,1.00108,1.90179,0,1.02606,2.5512,1.67265,3.79594,1.82095,4.37526,4,262.835
hp-01352830-00567,RW,wiper_like,1757549367,0,,90.098,2.53866,17.4894,0.494503,361.102,7.43835,0.29061,2.6939,35.1398,0,0.666289,3.21621,0.982528,1.09043,4.09803,2.43585,2.96134,1.54763,3.71482,4.63577,4,20.9293
hp-01352830-00568,RW,wiper_like,1757549368,917504,,27.7085,1.74628,12.5366,0.579237,368.987,8,0.383567,2.85277,2.27471,0,0.439946,0.888137,1.07352,1.64426,4.59874,3.59228,2.24442,0,0,0,4,16.6336
hp-01352830-00569,RW,ambiguous:network_bulk,1757549369,1792,,0.524692,4.95303,0.230455,0.166203,55.833,3.40702,0.643396,2.85527,0,0,0,3.96667,1.05395,0,22.4653,3.21336,8.26805,2.26094,0,6.24116,2,731.543
hp-01352830-00570,RW,wiper_like,1757549370,224,,67.4342,0.900264,8.6812,0.839997,280.388,0,0,0,48.7141,0.873513,0.516704,1.13391,0.938139,0,2.89417,1.25446,2.24007,0.895579,2.6386,4.11697,3,34.4977
hp-01352830-00571,benign,ambiguous:slow_bulk,1757549371,0,,1.16124,1.05855,0.1092,0.475107,161.36,5.54815,0.697522,1.69119,0.436935,6.11865,0.42768,1.07699,2.72488,0,4.82997,1.90236,6.75433,0.996425,0,7.32907,4,858.568
hp-01352830-00572,benign,installer,1757549372,114912,,8.17315,1.51672,0.0238707,0.126582,29.1895,0,0,0,18.2955,1.05854,0.181609,13.0476,1.73757,2.42177,0,0,0,2.86108,0,0,3,45.9796
hp-01352830-00573,benign,ambiguous:slow_bulk,1757549373,0,,2.20556,1.20963,2.09742,0.588051,68.1912,7.34178,0.481236,1.16984,5.08594,3.78388,0.611013,0,1.00961,0,1.22835,0.449754,0.383544,0.956508,0.943334,2.10199,4,172.562
hp-01352830-00574,benign,installer,1757549374,917728,,2.4407,2.07533,0.279326,8.66712e-05,9.68464,0,0,0,11.479,0,0.446779,6.1598,1.98454,0.993808,1.01418,1.96459,0.161676,0,0,0,3,46.2406
hp-01352830-00575,benign,installer,1757549375,14336,,21.628,1.18984,0.161945,0.0190392,8.1616,2.38973,0.653062,1.66744,2.96227,0,0.517412,0,0,0,1.02001,1.33058,0.688382,6.2409,0,0,4,32.9826
hp-01352830-00576,RW,low_and_slow,1757549376,0,,0.749001,1.34025,0.17869,0.330741,59.6338,8,0.20866,1.88637,1.77495,7.44558,0.590944,2.03902,2.08365,0,1.96755,1.87359,3.29162,4.12007,0.928925,3.38173,4,538.997
hp-01352830-00577,benign,cleanup_utility,1757549377,0,,4.02389,1.34511,1.01294,0.467822,39.8676,3.30602,0.166899,0.998569,0.322707,0.943907,0.321849,2.39941,0,0,0,2.0146,1.42554,0,0.88219,9.12938,3,217.322
hp-01352830-00578,benign,backup_agent,1757549378,0,,4.80839,2.10338,0.255378,0.0616341,163.748,4.72195,3.11481,3.38382,1.98885,0,0.472578,1.12811,0,1.05319,0,1.89611,0.543148,0,0,9.04522,2,157.827
hp-01352830-00579,benign,ambiguous:network_bulk,1757549379,31,,0,0,0,0,0,4.75,0.503803,2.87036,0.33323,5.94272,0.536728,4.15826,0,0,14.0446,3.19255,5.14903,1.20125,2.36372,1.04338,4,1388.33
hp-01352830-00580,benign,office_workload,1757549380,917504,,0.126388,6.33473,0.001977,0.0628294,21.0493,3.65939,0.458488,1.12685,0.0530944,0,0.480706,0.86376,0,0,0,1.85134,0.651726,0,0,0,2,817.4
hp-01352830-00581,benign,installer,1757549381,0,,9.66952,4.60074,0.075793,0.0208717,40.6583,5.38972,0.77933,0.677344,3.17766,0,0.0941316,8.2479,0,1.03013,3.32655,2.39219,1.07071,3.64278,0,1.23332,3,33.863
hp-01352830-00582,RW,ambiguous:network_bulk,1757549382,224,,2.87659,0.462763,0.290978,0.452267,98.6035,0,0,0,1.38439,2.40907,0.664629,2.44813,1.11348,0.854593,23.9326,4.67524,8.40847,0,1.83628,1.72184,4,348.123
hp-01352830-00583,benign,ambiguous:crypto_bulk,1757549383,0,,4.06688,1.58815,0.905184,0.533105,166.498,5.1122,0.638011,3.559,35.8019,4.41401,0.562721,3.43071,0,1.10129,1.20987,2.44886,1.00424,2.92819,0.829299,2.14291,4,97.5321
hp-01352830-00584,RW,ambiguous:network_bulk,1757549384,0,,1.28449,1.75358,0.14583,0.241839,37.5414,5.93901,0.477157,2.54037,0.74691,4.37537,0.306885,1.02248,0,0,12.9149,1.94833,7.70644,0.978939,0,0.926925,4,342.24
hp-01352830-00585,RW,low_and_slow,1757549385,917504,,0.329417,1.10544,0.210136,0.671425,58.0523,6.5952,0.133741,4.94555,2.05474,6.18065,0.77876,0,3.96555,2.19267,3.65674,3.76835,3.36353,0,0,0,4,254.516
hp-01352830-00586,benign,cleanup_utility,1757549386,0,,6.38805,0.510501,0.942933,0.422402,161.331,3.90702,0.207387,0.148618,0.0696865,0,0.416579,2.05671,0,0,1.0432,0.527552,1.90664,0,4.09632,5.94099,4,130.068
hp-01352830-00587,RW,wiper_like,1757549387,114912,,82.863,0.448737,15.5088,0.69084,150.07,0,0,0,4.38766,0,0.605006,1.12536,0.810346,2.67047,0,0,0,0.841639,1.84434,3.41614,4,25.4043
hp-01352830-00588,benign,backup_agent,1757549388,1792,,3.76702,1.87393,0.250009,0.147094,335.522,7.11669,0.365101,2.31195,0,0,0,0,0,0,0.969784,0.5207,0.788928,0.907811,1.99073,11.7022,3,259.655
hp-01352830-00589,RW,low_and_slow,1757549389,0,,0.243853,1.18839,0.197598,0.568973,108.197,5.98362,0.53907,2.15171,1.22301,4.31423,0.889167,0,0.957904,1.64684,4.12676,3.48849,8.03145,0.938204,0.803905,2.85693,4,468.907
hp-01352830-00590,benign,ambiguous:slow_bulk,1757549390,0,,0.883605,1.51387,0.223516,0.498523,71.2176,7.36175,0.396764,3.86757,0.211235,4.67263,0.595715,0.92759,0.985305,0,3.40243,1.49596,6.75677,0,1.02484,8.42731,4,1584.12
hp-01352830-00591,RW,fast_crypto,1757549391,0,,5.32754,1.18559,1.96506,0.395822,198.573,6.29924,0.174929,3.28249,4.42196,4.63446,0.588999,0,0,2.61002,3.58882,3.5218,4.6906,2.96955,0.934408,5.30046,4,57.6815
hp-01352830-00592,RW,low_and_slow,1757549392,0,,7.57146,2.28703,0.256222,0.656725,91.8342,5.62417,0.192097,1.88823,2.57755,5.90285,0.5303,1.89864,3.38622,0,4.55116,2.05978,1.10399,2.7398,0,2.08113,4,366.894
hp-01352830-00593,RW,fast_crypto,1757549393,114688,,8.2945,0.30897,6.87173,1,17.3449,7.22475,0.269507,1.24843,34.1693,11.2639,0.931527,2.77667,0,0.917779,0,0,0,0,1.13659,5.93806,4,41.7722
hp-01352830-00594,benign,backup_agent,1757549394,0,,1.26976,7.65068,0.153307,0.150368,477.997,4.93465,1.40762,3.39492,1.54429,0,0.0824488,0,0,1.0376,0.880889,1.39366,0.416896,0,0,7.85406,2,1399.87
hp-01352830-00595,benign,disk_encryptor,1757549395,0,,4.8234,0.86261,0.385527,0.691632,99.1559,5.78629,0.241511,1.91329,30.1623,4.28635,0.236953,0.967008,0,0,2.57341,2.19684,0.621534,1.22955,0,1.8568,4,66.5471
hp-01352830-00596,benign,sync_client,1757549396,0,,0.130821,1.00022,0.00161245,0.0283702,34.9227,4.45972,0.532811,0.233112,0.121528,1.08502,0.295525,0,1.03413,0,10.2955,3.31969,1.31903,0,0,2.48063,2,2729.37
hp-01352830-00597,RW,low_and_slow,1757549397,0,,0.522025,0.992353,0.0927755,0.372785,145.961,6.00123,0.390025,3.15485,0.821884,8.35739,0.91438,4.72418,0,1.50383,1.04731,3.36449,3.48778,0,3.10571,4.09734,4,511.551
hp-01352830-00598,benign,ambiguous:crypto_bulk,1757549398,225,,0,1.22464,2.47772,0.540232,116.257,0,0,0,25.3167,5.77448,0.56085,0.736375,0.837941,0,2.21508,2.56228,1.24033,0.894495,1.21984,1.75766,4,111.293
hp-01352830-00599,RW,fast_crypto,1757549399,114688,,30.0532,0.719817,4.37212,0.678103,178.646,8,0.142528,4.79997,27.0211,8.23435,0.666112,0.995701,1.09984,0.866115,0,0,0,1.99542,1.93299,1.86723,4,38.6681
hp-01352830-00600,benign,ambiguous:network_bulk,1757549400,0,,0.133487,1.8151,0.138458,0.503475,91.4588,4.82318,0.92096,1.86814,1.36712,1.85698,0.20922,1.03179,0,0,17.8506,3.27357,4.80012,0,1.58248,2.64276,4,863.21
hp-01352830-00601,benign,cleanup_utility,1757549401,16128,,0.982516,2.67493,0.0689352,0.165811,32.5292,4.04112,0.724287,0.671691,0,0,0,0,0,0,0.972096,3.23309,1.21043,1.01789,5.39506,4.10272,3,178.803
hp-01352830-00602,benign,ambiguous:slow_bulk,1757549402,0,,3.71175,2.2809,0.244981,0.590252,162.683,7.24779,1.05725,2.24818,5.32313,1.01095,0.14545,1.78862,0,0,0.935417,4.46179,1.24238,2.04686,1.77102,4.97531,4,182.825
hp-01352830-00603,benign,installer,1757549403,31,,0,0,0,0,0,4.03202,2.36399,1.71383,5.87042,0,0.281978,9.78625,0.863973,2.097,1.21658,2.40637,1.77021,3.96483,0,1.45472,3,60.6822
hp-01352830-00604,benign,sync_client,1757549404,14336,,0.317573,2.29045,0.00490164,0.455525,11.7172,6.26042,0.41671,0.857686,0.210931,0,0.168251,0,0,0,12.7819,4.70943,14.0693,0.763741,0,0,4,468.46
hp-01352830-00605,RW,fast_crypto,1757549405,0,,2.9682,1.17955,8.95596,0.978046,99.5442,7.41512,0.147871,4.11038,8.86038,9.41411,0.594002,1.31516,0,0,4.65861,1.74919,5.03224,0,4.26871,4.32431,4,79.9437
hp-01352830-00606,RW,low_and_slow,1757549406,0,,1.30883,0.905678,0.153902,0.666055,103.843,6.89333,0.378876,3.34318,0.780917,8.53965,0.731313,2.17224,0,1.12449,2.20202,3.53634,1.81488,2.3559,3.08053,2.26421,4,505.548
hp-01352830-00607,benign,installer,1757549407,0,,5.42195,1.1736,0.0776591,0.00472062,12.0354,7.0083,1.00633,1.00173,9.67347,1.04188,0.254054,6.44474,1.97152,6.33635,0.896191,0.880441,0.811643,2.43389,0,0,4,33.137
hp-01352830-00608,RW,low_and_slow,1757549408,917504,,0.453957,1.52086,0.103002,0.436547,131.642,5.48187,0.216997,2.66602,0.822303,4.28045,1,1.07384,0.981845,0.941678,3.88317,4.2732,1.87702,0,0,0,4,925.818
hp-01352830-00609,RW,low_and_slow,1757549409,114688,,0.132072,2.59949,0.215032,0.62849,60.2623,6.60375,0.155651,1.1602,0.603826,4.02229,1,2.75103,0,0.819407,0,0,0,0,3.48689,2.54648,4,727.548
hp-01352830-00610,benign,backup_agent,1757549410,0,,0.515213,19.2308,0.0105652,0.210663,106.768,5.75612,0.597251,2.57519,0.404762,0,0.124134,1.87852,0,0,0.831367,1.31868,0.976967,0,0,10.3431,3,2143.35
hp-01352830-00611,RW,wiper_like,1757549411,0,,30.8566,2.03526,34.1005,0.427456,188.579,7.01359,0.471097,1.60739,8.76746,0,0.546388,0.97299,0,1.63887,3.03804,3.21251,4.33565,1.03999,1.10722,3.09941,3,16.1591
hp-01352830-00612,RW,double_extortion,1757549412,0,,3.56247,0.925887,2.134,0.678691,126.356,6.32195,0.419154,5.66822,1.89927,5.10849,0.172114,1.0151,2.4387,0,14.5675,4.19653,6.27481,0,3.97042,1.36639,4,165.229
hp-01352830-00613,RW,double_extortion,1757549413,0,,0.898187,0.773757,0.958234,0.733067,37.5306,8,0.398672,3.94772,7.87708,6.86993,0.650896,0.931433,1.95508,0.863101,11.7017,1.5014,2.42104,1.08204,1.15895,3.07676,4,177.313
hp-01352830-00614,RW,wiper_like,1757549414,224,,21.7276,1.83658,9.67548,0.394869,212.551,0,0,0,3.10188,0,0.840102,1.05794,0.744281,1.07322,5.5903,2.88897,3.01441,4.44694,4.07645,2.39361,3,127.489
hp-01352830-00615,benign,sync_client,1757549415,2016,,1.63703,2.2868,0.0126804,0.0529068,43.3336,0,0,0,0,0,0,1.98117,1.06727,0,10.0264,4.1505,4.01184,0,0,0.987605,2,143.198
hp-01352830-00616,RW,low_and_slow,1757549416,114688,,0.542065,0.798705,0.117817,0.613459,85.085,8,0.213317,0.798349,0.345416,7.02547,0.616531,2.89508,0,0.853798,0,0,0,2.32899,0,7.28225,4,851.298
hp-01352830-00617,RW,wiper_like,1757549417,0,,32.1962,0.38334,8.63157,0.598762,215.604,8,0.561037,2.85945,22.5606,0.986346,0.449342,2.80227,3.39208,0,7.99054,3.47001,8.82622,0.987734,2.36547,6.83519,4,22.5812
hp-01352830-00618,benign,sync_client,1757549418,0,,3.47467,1.82731,0.0289732,0.0890919,4.58016,5.81321,0.442095,0.337591,0.172815,0,0.0836903,2.02628,0,0,16.088,1.66758,1.58306,0,0,0.985933,3,212.257
hp-01352830-00619,RW,wiper_like,1757549419,0,,3.33903,1.24863,2.39573,0.211784,48.1134,8,0.273145,1.9818,2.00059,1.30569,0.516896,3.69927,2.76053,0,6.51084,3.61515,0.976861,1.53406,1.94921,1.03029,4,132.098
hp-01352830-00620,RW,ambiguous:slow_bulk,1757549420,224,,0.312321,6.66908,0.0143278,0.391583,270.937,0,0,0,0.648447,2.38547,0.690329,3.3261,0,0,1.70611,3.64006,6.15841,1.07551,1.13813,2.60646,4,2345.73
hp-01352830-00621,benign,cleanup_utility,1757549421,0,,0.522447,0.823435,0.329256,0.285423,92.2494,2.45204,1.96398,0.290767,0.0416014,0,0.268132,2.40017,0,0,0,3.375,3.60374,0,1.17047,9.15536,4,342.642
hp-01352830-00622,RW,wiper_like,1757549422,0,,84.5647,0.534794,74.2495,0.525447,82.5074,8,0.444066,2.41562,35.1257,0,1,2.38968,0.762785,1.17355,11.0325,3.79577,4.20681,0.890025,0.890968,3.44884,4,11.4517
hp-01352830-00623,RW,low_and_slow,1757549423,114688,,0.329602,1.43247,0.386361,0.516816,239.368,6.43241,0.241733,5.63397,0.878765,8.0546,0.762835,0,0,0.913202,0,0,0,3.72174,0.962208,2.95601,4,958.025
hp-01352830-00624,RW,low_and_slow,1757549424,114688,,1.26899,0.403345,0.0894469,0.473129,164.944,7.91421,0.34227,1.18221,0.939418,8.1518,0.440048,2.11193,0,1.0704,0,0,0,0,0.83122,3.62581,4,809.226
hp-01352830-00625,benign,installer,1757549425,0,,2.6744,1.95309,0.0180241,0.0507844,48.5856,5.85859,1.6025,1.51527,2.78049,0.942784,0.0748266,10.1065,0,0.730732,0,0.858841,1.50101,4.43552,0,0,3,91.5767
hp-01352830-00626,RW,wiper_like,1757549426,31,,0,0,0,0,0,7.16681,0.252342,2.02469,38.6436,1.91618,0.825602,4.58282,2.68674,2.12959,6.94218,2.95702,11.282,2.08745,1.22623,6.47981,4,25.4956
hp-01352830-00627,benign,ambiguous:slow_bulk,1757549427,0,,0.900909,9.05345,0.511149,0.250052,116.564,5.03465,0.96674,0.594675,0.98394,4.97709,0.47473,1.83985,0,0.97168,2.51307,2.82405,1.70841,1.97623,2.20613,11.6166,3,809.358
hp-01352830-00628,benign,disk_encryptor,1757549428,0,,3.72623,0.821149,0.481954,0.469186,132.477,5.01706,0.206239,1.61557,34.1023,8.77159,0.606851,2.24374,0,0,1.1694,2.72278,0.269923,0,0,0,1,341.959
hp-01352830-00629,RW,double_extortion,1757549429,0,,1.33266,1.05836,1.11267,0.90442,95.7669,7.06344,0.551957,1.4438,2.51596,5.70665,0.400706,4.20558,1.05886,1.04965,20.0855,3.57229,4.89842,0.910442,2.137,2.41722,4,620.626
hp-01352830-00630,benign,cleanup_utility,1757549430,0,,37.1919,1.33235,0.507933,0.418627,50.0122,0.871247,1.4662,1.45822,0.515455,0,0.0603236,1.10592,0,0,0,2.35498,0.282527,1.04864,3.70834,5.81248,3,46.7064
hp-01352830-00631,benign,installer,1757549431,0,,0.936492,7.16024,0.0430596,0.0397524,44.999,5.27397,0.914876,2.28106,0.356446,0.955048,0.338472,7.27731,0,0.951615,3.12466,1.5481,0.853473,4.45583,0,0,3,205.121
hp-01352830-00632,RW,fast_crypto,1757549432,917504,,11.1132,0.626618,6.367,0.947731,105.437,5.35342,0.213737,3.04527,34.1006,3.81341,0.59437,2.4947,2.32727,0,5.6758,4.40866,1.68263,0,0,0,4,35.8805
hp-01352830-00633,RW,wiper_like,1757549433,31,,0,0,0,0,0,6.44139,0.402139,2.23319,12.3959,0,0.629096,0,3.19618,0,4.92237,3.78203,1.88314,0.971994,4.32753,3.64433,4,45.672
hp-01352830-00634,RW,low_and_slow,1757549434,919296,,0.69105,1.43757,1.03277,0.581289,161.678,4.73654,0.115203,2.73197,0,0,0,0,0,0,0,2.86423,2.26644,0,0,0,4,657.122
hp-01352830-00635,benign,sync_client,1757549435,114688,,1.30832,2.1282,0.0421918,0.0383805,23.8408,7.62461,0.311869,0.249592,0.160044,0.897975,0.480182,0.900776,0,0,0,0,0,0,0,0,1,1422.21
hp-01352830-00636,RW,wiper_like,1757549436,0,,14.0607,1.72783,47.3677,0.510283,37.0104,7.1653,0.164704,2.11834,3.11157,0.932672,0.517719,0.950159,0,2.94958,7.8997,3.00454,8.86734,1.71695,2.26884,3.5597,4,24.7694
hp-01352830-00637,RW,fast_crypto,1757549437,931840,,16.5183,1.85597,0.598917,0.610732,123.385,8,0.277994,6.43449,58.1011,2.94306,0.869504,0,0,0,7.49163,2.48075,1.50232,0,0,0,4,53.7032
hp-01352830-00638,RW,double_extortion,1757549438,0,,2.76979,2.42711,0.228725,0.409457,103.19,7.31261,0.174416,5.69413,4.32798,5.95315,0.702182,1.11532,3.114,0,11.528,3.76919,6.79306,0,2.59171,3.0063,4,381.986
hp-01352830-00639,RW,low_and_slow,1757549439,0,,1.81664,0.368479,0.175701,0.498581,92.4597,5.03353,0.170326,0.787536,6.25884,7.19295,0.498908,2.692,1.0628,0,2.01054,5.07641,3.86294,1.99085,1.01554,3.00032,3,584.733
hp-01352830-00640,benign,backup_agent,1757549440,14336,,9.85506,2.77892,0.1628,0.37259,68.8743,8,6.54943,0.943543,0.850175,1.03254,0.279291,0,0,0,1.03336,3.31528,1.76124,0.997699,1.08351,10.7155,4,401.438
hp-01352830-00641,RW,wiper_like,1757549441,0,,4.59846,0.908722,11.6877,0.442465,56.2918,5.16905,0.315455,4.33009,2.74597,0,0.488084,0.91403,0.84315,3.57383,1.9036,4.46093,2.54746,3.71613,1.17541,1.95888,4,99.9468
hp-01352830-00642,RW,fast_crypto,1757549442,917504,,19.1038,1.12898,4.52273,0.497091,198.765,6.0958,0.559655,2.07437,57.3232,3.80369,0.654937,2.0489,1.04773,2.80446,6.12874,3.01697,4.33138,0,0,0,4,55.9706
hp-01352830-00643,benign,sync_client,1757549443,0,,3.2982,1.96493,0.0234827,0.00606714,12.008,4.13834,1.00647,0.517843,0.202582,0,0.429104,0,0,0,15.4073,4.9364,6.29773,1.16368,0,0.92733,2,325.547
hp-01352830-00644,benign,disk_encryptor,1757549444,224,,13.7075,1.51149,0.349558,0.444063,68.0606,0,0,0,21.3454,3.40894,0.529774,0.894273,0,0,0,2.44783,3.70854,0,0,0,3,165.208
hp-01352830-00645,benign,cleanup_utility,1757549445,0,,7.01707,3.07744,1.73482,0.773644,104.825,5.14491,1.26059,0.630668,0.55931,0,0.170432,2.17847,0.84369,0,1.89639,2.77138,0.948012,0.907654,2.18186,5.24784,2,125.405
hp-01352830-00646,RW,double_extortion,1757549446,114688,,0.887203,1.65857,0.387884,0.396361,107.493,8,0.179326,5.60613,6.21537,4.0859,0.439204,2.42782,1.19801,0.990921,0,0,0,2.04736,2.0177,2.38537,4,341.483
hp-01352830-00647,benign,office_workload,1757549447,16128,,0.112888,4.48612,0.0125476,0.120063,19.8827,2.34851,0.433497,0.0513022,0,0,0,0,0,0,2.82389,4.23332,0.630564,0,0,0,1,1185.43
hp-01352830-00648,RW,low_and_slow,1757549448,0,,1.38072,0.36164,0.170447,0.244751,261.091,6.60087,0.400133,1.51752,0.807931,5.971,0.652842,0,0,3.26948,1.01893,1.93705,3.01396,1.04735,1.1023,1.12657,4,542.688
hp-01352830-00649,RW,ambiguous:crypto_bulk,1757549449,0,,14.2244,0.528221,4.51626,0.367434,162.713,7.3127,0.302818,3.57317,4.54462e+06,9.7054,0.400773,0,1.05129,0,4.38236,2.55433,1.11445,1.03202,3.98396,0.922904,4,36.8543
hp-01352830-00650,RW,fast_crypto,1757549450,0,,6.33588,2.91897,3.7487,0.862328,87.9162,7.67191,0.147751,2.8054,24.1596,4.57896,0.477666,1.24603,1.16912,2.37012,5.08715,3.17269,5.26495,1.07918,0.93699,2.13656,4,49.3688
hp-01352830-00651,RW,low_and_slow,1757549451,0,,1.0839,0.311597,0.0380712,0.199784,226.247,7.74105,0.138999,2.60836,0.73584,6.83501,0.558655,3.11358,5.11647,1.09795,5.01796,4.67267,1.22153,0.995253,0,4.79156,4,430.83
hp-01352830-00652,benign,installer,1757549452,0,,1.85095,1.89057,0.0877427,0.254555,53.1727,5.29434,0.526747,4.99308,8.91313,0,0.332181,12.6555,1.0028,1.12407,0.856056,1.58239,0.832115,5.20437,1.11541,0,3,74.6223
hp-01352830-00653,benign,office_workload,1757549453,0,,0.101615,0.888382,0.00735668,0.0370703,15.8039,2.18435,1.39224,0.465799,0.0295781,0,0.0283064,2.07596,0.900683,0,2.71191,1.39392,2.06566,0,0,1.01424,1,1201.61
hp-01352830-00654,RW,low_and_slow,1757549454,0,,0.994273,0.705041,0.195068,0.422673,323.614,8,0.121726,1.0689,0.699973,7.81406,0.587422,1.07582,0.78382,0,4.25503,2.75586,3.41888,2.33798,0.906696,4.84324,4,631.271
hp-01352830-00655,benign,backup_agent,1757549455,0,,3.62672,1.15061,0.0760589,0.0925295,96.4947,6.21283,3.18041,0.699193,0.668971,1.86162,0.143438,1.23369,0,0,2.25339,1.92041,1.35384,0,0,11.0813,4,458.743
hp-01352830-00656,RW,double_extortion,1757549456,1792,,3.38048,0.979491,0.740072,0.622144,113.142,6.60453,0.143337,2.40874,0,0,0,2.96914,1.16342,0,17.4948,2.53633,5.31671,2.07279,0.854198,4.89868,4,219.637
hp-01352830-00657,RW,fast_crypto,1757549457,1,,0,2.09798,3.65458,0.672258,206.863,6.79044,0.662889,2.28417,37.0935,10.2414,0.887509,1.89619,0,0.955548,2.89947,5.22065,7.00877,1.13085,0,6.38724,4,69.9041
hp-01352830-00658,RW,fast_crypto,1757549458,0,,20.2819,0.863824,10.981,0.331788,151.201,7.03665,0.762864,1.36941,38.8479,7.71977,0.500632,4.9001,1.1071,0,4.96066,3.00476,3.2271,0.938095,4.29906,4.48171,4,58.2192
hp-01352830-00659,RW,fast_crypto,1757549459,0,,12.7663,0.938109,7.17557,0.205104,96.0521,6.58115,0.266739,2.3563,18.0391,5.88418,0.283223,2.15404,0,0,7.12412,3.49889,1.73529,0.894241,2.02536,5.99453,4,22.1604
hp-01352830-00660,RW,wiper_like,1757549460,129024,,47.5637,2.14221,9.77999,0.557925,159.22,7.46597,0.387411,1.73261,6.66187,0,0.811719,0,0,0,0,0,0,6.62005,4.02495,5.8632,4,38.5393
hp-01352830-00661,benign,sync_client,1757549461,1792,,2.10684,1.37612,0.00567302,0.00212296,12.7759,6.48643,1.56795,0.670703,0,0,0,1.07226,0,0,22.4463,4.04492,2.72725,0,0,2.1108,1,1284.29
hp-01352830-00662,benign,cleanup_utility,1757549462,0,,0.829446,3.97886,0.429219,0.206123,51.2406,2.4658,2.41381,1.7176,0.116519,0.830733,0.259948,4.60708,0,0,2.34026,0.67648,0.583042,0.876709,2.20666,6.2648,4,375.15
hp-01352830-00663,RW,low_and_slow,1757549463,1,,0,0.328743,0.755588,0.489398,53.7707,5.42755,0.239716,4.21248,8.22034,8.56604,0.454221,3.46068,1.1804,0,5.97669,2.91552,0.775156,3.01417,2.16674,1.80891,4,222.107
hp-01352830-00664,RW,wiper_like,1757549464,14560,,42.5018,1.25783,16.8033,0.857643,77.5006,0,0,0,10.0556,0,0.4914,0,0,0,7.53948,3.07044,2.14257,2.65353,3.60014,3.24216,4,32.3971
hp-01352830-00665,RW,wiper_like,1757549465,31,,0,0,0,0,0,7.75968,0.16574,2.63894,3.68556,0,0.82445,3.30136,1.14528,0,6.02172,3.02416,1.80159,1.09919,5.15525,1.94118,4,43.6792
hp-01352830-00666,benign,ambiguous:crypto_bulk,1757549466,2016,,33.76,0.639956,4.72643,0.336496,62.5178,0,0,0,0,0,0,1.05654,0,0,4.9439,2.37102,0.70793,2.11747,1.03743,2.91644,4,40.4551
hp-01352830-00667,RW,double_extortion,1757549467,0,,4.14998,2.854,1.21005,0.853549,70.4305,7.30987,0.62313,1.40985,17.8522,9.13897,0.936122,1.09632,1.9397,1.17566,17.1281,1.84403,12.1447,3.56388,1.93486,9.33346,4,210.706
hp-01352830-00668,RW,ambiguous:slow_bulk,1757549468,0,,1.6605,2.55225,0.0820753,0.55338,54.0232,4.13804,1.43856,4.42345,0.176263,2.83484,0.632384,2.19409,0,0,1.9836,1.75477,4.96263,1.17084,3.60625,3.73077,4,1064.5
hp-01352830-00669,benign,sync_client,1757549469,0,,2.47066,1.16477,0.104227,0.0634076,19.9801,7.23428,1.29397,3.33715,645172,2.01591,0.0257744,2.20422,0,0,19.0602,3.3799,9.56056,0,0.987729,1.00642,3,126.397
hp-01352830-00670,RW,wiper_like,1757549470,0,,30.2295,0.409062,37.6185,0.256481,84.4816,7.9188,0.387996,3.39676,2.72257,0,0.76815,1.0964,2.1056,0,3.68529,3.35931,1.58932,1.92414,6.81642,1.89963,4,37.6303
hp-01352830-00671,benign,backup_agent,1757549471,0,,5.32596,4.71629,0.163859,0.201561,89.8873,4.64077,1.57356,0.85228,3.51712,1.11995,0.0820708,6.75461,0,0,1.19697,1.61433,0.478088,0,1.17362,8.40965,3,741.515
hp-01352830-00672,benign,office_workload,1757549472,0,,0.0210123,2.03131,0.0130934,0.127118,14.9536,4.06234,0.701712,0.607923,0.0625969,0,0.213351,1.02778,0.977082,0,1.0212,1.36804,0.379118,0,0,1.05833,2,1390.34
hp-01352830-00673,benign,office_workload,1757549473,114688,,0.0400358,22.5448,0.00540615,0.218616,12.2705,4.06366,3.23766,0.481196,0.0440042,0,0.195002,2.44045,0,0,0,0,0,0,0,2.02224,2,1738.9
hp-01352830-00674,RW,wiper_like,1757549474,0,,14.3137,1.4656,19.0536,0.627997,92.1447,7.46851,0.60743,5.61217,1.69991,0,0.850447,1.56275,0,1.06189,7.68914,5.30107,1.71291,2.02133,5.41735,2.6922,3,79.343
hp-01352830-00675,RW,wiper_like,1757549475,0,,27.0196,0.49897,5.12123,0.298501,92.5424,8,0.526806,1.59669,2.74655e+06,0,0.660145,3.35963,0,1.07079,4.16644,4.95125,3.24426,1.1046,0.927701,6.43083,4,72.7547
hp-01352830-00676,RW,low_and_slow,1757549476,0,,1.61455,1.0664,0.156922,0.600363,172.248,8,0.183181,2.22262,1.99444,10.6286,0.524973,1.19151,1.96193,1.18525,1.01378,3.28147,1.47001,2.90587,1.68996,4.44612,4,440.313
hp-01352830-00677,benign,sync_client,1757549477,0,,2.75725,1.96208,0.0217966,0.332115,92.8868,2.7538,0.488956,1.10353,0.0784723,0,0.293527,0.88907,0,0,12.5069,3.27604,4.00488,0,0,0.818839,4,198.561
hp-01352830-00678,RW,double_extortion,1757549478,917504,,1.63459,0.698821,0.879002,0.518778,70.8019,6.36571,0.238883,1.41101,10.6405,2.80004,0.635525,1.21745,1.95887,0,22.8074,2.93361,2.65304,0,0,0,4,134.847
hp-01352830-00679,benign,disk_encryptor,1757549479,114688,,8.61392,2.02809,0.854193,0.3878,152.535,7.13801,0.558549,4.1221,10.8074,2.9559,0.405551,1.86079,1.06977,0,0,0,0,1.23372,0,0.956564,2,149.09
hp-01352830-00680,benign,cleanup_utility,1757549480,0,,11.2441,3.70788,0.114531,0.562397,77.0426,3.12229,0.97814,1.27348,0.293758,0,0.217744,1.064,0,0,0,1.48285,3.99849,0,2.07248,6.72243,4,117.485
hp-01352830-00681,benign,sync_client,1757549481,224,,0.265204,1.36096,0.00464211,0.0583858,30.1527,0,0,0,0.146517,0,0.322268,2.24244,0,0,18.3613,4.28483,2.4881,0,0,0,3,502.376
hp-01352830-00682,benign,sync_client,1757549482,1,,0,0.665243,0.011913,0.0349391,32.0066,4.42573,0.477155,0.477884,0.0605342,0,0.268871,3.85857,0,0,11.0772,2.96062,5.42684,0.968925,0,0,3,401.311
hp-01352830-00683,RW,wiper_like,1757549483,0,,32.7911,0.788394,77.7939,0.65201,87.3311,6.56411,0.188452,1.77849,5.08709,0,0.551909,3.33983,1.03981,0,4.25,4.03515,2.45759,5.08889,1.06512,2.64769,4,27.6618
hp-01352830-00684,RW,wiper_like,1757549484,114688,,28.4127,1.06681,8.52034,0.475018,62.554,6.39122,0.226146,0.964925,5.25537,0,0.378307,0,0.849736,3.72614,0,0,0,0,1.15482,3.50929,4,44.1327
hp-01352830-00685,benign,disk_encryptor,1757549485,0,,17.4505,0.956131,0.654525,0.153666,283.351,5.65369,0.219528,2.94829,40.5767,5.04143,0.398335,2.94489,0.861596,0.970351,3.535,2.63726,1.05914,0,0,0,4,69.817
hp-01352830-00686,RW,low_and_slow,1757549486,0,,1.30096,0.553137,0.423211,0.658658,83.8465,6.83304,0.280052,3.22452,1.84594,8.69047,0.682745,1.01278,0,0,4.05458,3.07081,2.04081,1.02991,2.43638,3.07,4,197.643
hp-01352830-00688,RW,wiper_like,1757549488,0,,20.1459,0.821508,13.4965,0.35038,54.8765,7.1177,0.213757,3.33064,29.8063,1.03852,0.455517,3.16073,0,0,5.00423,2.89224,0.870363,0,1.68455,5.99947,4,15.8807
hp-01352830-00689,benign,cleanup_utility,1757549489,0,,6.80962,0.655345,0.282571,0.327137,144.464,2.97199,0.962179,0.161307,0.358443,0,0.244391,1.82326,0,0,0.952971,2.46051,0.847058,0,6.43274,5.69024,1,673.125
hp-01352830-00690,benign,cleanup_utility,1757549490,14336,,6.65952,2.20608,0.260405,0.23701,118.662,3.31397,0.842686,0.524802,0.163407,1.04026,0.227707,0,0,0,0,2.00766,0.304608,0,1.7145,8.15242,4,131.686
hp-01352830-00691,benign,sync_client,1757549491,0,,2.26532,1.74273,0.0177361,0.00752965,8.28832,5.40385,0.951349,1.14452,0.154435,1.12907,0.229363,1.05602,0,0,14.2549,4.53462,4.34567,0,1.25589,1.6283,2,602.542
hp-01352830-00692,benign,backup_agent,1757549492,0,,3.10147,5.30014,0.713573,0.324703,128.315,8,0.274885,2.24299,104393,0,0.353729,1.0017,0,0,1.72612,2.9745,0.843091,0,2.59579,13.5093,2,472.851
hp-01352830-00693,RW,wiper_like,1757549493,0,,32.1706,1.17362,10.5298,0.316279,79.8603,4.74874,0.344268,2.1247,2.62383,1.03797,0.542137,1.85851,0,0,1.79024,2.75467,1.15787,1.11426,2.8793,4.25581,4,32.1441
hp-01352830-00694,benign,ambiguous:network_bulk,1757549494,0,,5.5675,0.653134,0.8524,0.157997,61.5715,4.58266,0.775799,0.689554,943564,2.17292,0.278385,0,0,0,20.5388,3.02115,4.77487,2.08677,1.06964,1.63504,4,142.812
hp-01352830-00695,benign,ambiguous:network_bulk,1757549495,0,,0.401763,0.631513,0.6211,0.250496,120.834,7.62047,0.517315,0.579733,0.629891,1.07164,0.398233,1.10184,0.961636,0,17.6878,4.25349,23.9201,0,0,3.48476,3,801.728
hp-01352830-00696,RW,ambiguous:slow_bulk,1757549496,14336,,4.83368,1.03754,0.186127,0.261256,197.921,5.43524,0.79319,2.9919,0.66529,1.12514,0.783358,0,0,0,4.40161,1.24636,5.57453,0,0.908081,9.87428,3,751.059
hp-01352830-00697,benign,ambiguous:slow_bulk,1757549497,224,,2.54705,1.6834,0.360872,0.196447,15.0714,0,0,0,2.01579,4.34447,0.355131,1.01614,1.17057,0,0.829125,1.88328,0.815139,0,2.01782,9.22278,4,382.184
hp-01352830-00698,benign,backup_agent,1757549498,0,,4.84867,3.73254,0.0696885,0.196005,116.289,5.70171,2.05025,0.642027,4.10671,0,0.365341,4.07122,0,0.993849,0,1.43283,0.504439,1.93304,1.13561,14.5509,2,514.803
hp-01352830-00699,RW,ambiguous:crypto_bulk,1757549499,0,,9.10956,1.20084,1.03635,0.571878,120.225,6.42916,0.289226,5.22716,8.48396,6.81465,0.219747,0,0,0,5.88376,1.85184,0.632899,0,1.63067,0.964932,3,72.4018
hp-01352830-00700,RW,fast_crypto,1757549500,1792,,8.65406,1.07448,9.74913,0.198727,379.436,6.87862,0.141438,2.33661,0,0,0,0,1.67738,1.96979,7.12177,3.6485,8.84252,0.927025,3.21653,1.82631,4,27.8824
hp-01352830-00701,benign,installer,1757549501,917504,,2.60132,5.60881,0.0172649,0.0821214,16.9773,7.07781,1.13965,1.05997,11.7518,0,0.170592,16.4627,0.871756,2.15173,1.01895,2.9176,0.772883,0,0,0,3,65.0397
hp-01352830-00702,RW,wiper_like,1757549502,917728,,99.3938,1.06786,34.2283,0.820789,99.8335,0,0,0,6.11553,0.974093,0.568537,2.14533,2.80537,1.08641,5.93883,1.77507,2.76728,0,0,0,3,14.3815
hp-01352830-00703,benign,disk_encryptor,1757549503,224,,5.69765,0.301676,0.0828113,0.145795,15.4995,0,0,0,10.9557,8.63267,0.417779,3.04749,0,0,1.27027,2.56186,0.302455,0,0,0,3,146.815
hp-01352830-00704,benign,disk_encryptor,1757549504,224,,4.92262,0.417313,0.292967,0.595049,51.4086,0,0,0,27.8224,6.84186,0.410647,4.79809,0,0,0.970749,1.83286,0.331186,0,0,0.894126,2,125.391
hp-01352830-00705,RW,fast_crypto,1757549505,114688,,2.98399,0.31476,0.786306,0.597466,270.478,5.26647,0.274758,2.43905,12.4558,5.53336,0.322211,1.73026,0,0,0,0,0,1.15036,3.99287,1.49242,4,149.152
hp-01352830-00706,RW,wiper_like,1757549506,0,,14.9242,1.67848,13.2483,0.724851,157.685,7.94722,0.516757,2.80986,8.42609,1.22103,0.550445,0.898954,0,1.00946,10.7593,3.32148,0.608835,2.78096,0.908301,0,4,62.2549
hp-01352830-00707,benign,backup_agent,1757549507,2016,,4.33182,3.0595,0.0584841,0.129625,105.54,0,0,0,0,0,0,1.99845,0,0.909379,1.6594,2.43235,4.17098,0,1.06404,5.72908,3,604.218
hp-01352830-00708,benign,cleanup_utility,1757549508,0,,2.14302,2.21715,0.143686,0.549753,117.754,1.02802,1.06664,0.403119,0.249804,1.32409,0.352325,1.14488,0,0,2.39326,2.46341,0.336639,0,1.05688,11.2674,2,223.006
hp-01352830-00709,RW,low_and_slow,1757549509,0,,2.05624,0.897199,0.118312,0.518636,129.235,7.10694,0.341249,3.3414,0.844272,3.63982,1,0.906432,1.98625,0,2.33408,3.3889,4.21705,1.0442,1.21595,1.19564,4,715.312
hp-01352830-00710,RW,fast_crypto,1757549510,114688,,12.3064,1.77342,4.19953,0.74632,468.296,6.37079,0.256708,2.13354,58.1766,8.80614,0.641282,1.06877,1.88339,0,0,0,0,1.9756,2.20396,2.01295,4,41.3573
hp-01352830-00711,RW,fast_crypto,1757549511,0,,15.6712,0.722049,2.38613,0.782754,155.566,6.37974,0.515022,4.46227,117.799,5.46934,0.579061,2.47056,1.2498,0,4.11691,3.11135,1.66056,1.05603,1.01454,5.23467,4,40.2837
hp-01352830-00712,RW,ambiguous:slow_bulk,1757549512,0,,1.18493,5.62837,0.58405,0.572244,79.445,7.01493,0.47324,3.78907,0.691903,6.51356,0.251905,2.16619,1.74958,0.893484,1.90842,3.5526,6.08516,0.989051,0,4.72082,4,379.589
hp-01352830-00713,benign,disk_encryptor,1757549513,0,,8.77007,1.43223,0.474211,0.339464,31.3588,6.32487,0.393291,1.39678,9.83043,5.83533,0.498189,2.68477,0,0,1.94498,0.926535,0.984479,0,0,0,3,161.328
hp-01352830-00714,benign,office_workload,1757549514,0,,0.608114,2.88433,0.00749082,0.0862568,19.6843,3.31466,1.55083,0.28898,2.98815,0,0.420479,0,0,0,3.26831,0.74835,1.33184,0,0,0,1,589.446
hp-01352830-00715,RW,fast_crypto,1757549515,114688,,10.3005,2.00831,1.18937,0.528722,78.9186,6.55524,0.308561,2.6079,28.5365,3.49171,0.795995,0.998719,0,0.860248,0,0,0,0,3.69472,8.14145,4,69.1268
hp-01352830-00716,benign,ambiguous:crypto_bulk,1757549516,114688,,18.5734,0.782647,7.81357,0.598294,105.054,6.89088,0.472477,2.37401,99.5036,2.36965,0.282734,2.80785,1.20112,0,0,0,0,1.96935,2.01804,2.02732,4,53.6239
hp-01352830-00717,RW,ambiguous:crypto_bulk,1757549517,0,,14.388,0.152299,1.42367,0.637513,229.313,7.66113,0.427262,1.53073,40.1183,5.27826,0.701544,1.93277,0,1.01508,4.6923,2.89832,0.796272,0,1.01167,1.96075,4,64.6336
hp-01352830-00718,RW,ambiguous:slow_bulk,1757549518,114688,,6.19426,0.784607,0.997448,0.20785,312.694,3.61391,1.17412,0.945444,3.31595,4.43371,0.510892,1.10303,0,0,0,0,0,3.03155,0,9.3514,4,221.52
hp-01352830-00719,RW,wiper_like,1757549519,0,,27.0163,0.597387,11.9962,0.734273,84.9994,7.47853,0.344065,3.38257,3.05211,1.00283,0.65337,0,0.944779,1.66172,5.40082,2.42304,7.61321,1.14495,1.22331,6.59951,4,36.628
hp-01352830-00720,benign,office_workload,1757549520,14560,,0.187984,0.968825,0.00788505,0.0974203,43.7121,0,0,0,0.0124533,0,0.248811,0,0,0,1.9144,2.15722,1.75904,1.0549,0,0,1,2718.08
hp-01352830-00721,RW,double_extortion,1757549521,0,,2.06834,2.2806,4.27149,0.615681,39.1543,8,0.254552,2.22981,12.8947,6.65585,0.660367,1.10312,2.50749,0,13.606,4.45735,4.25207,4.21817,1.96944,3.8847,4,124.437
hp-01352830-00722,RW,low_and_slow,1757549522,114688,,0.391244,0.756088,0.412072,0.392952,264.381,5.50399,0.817009,3.53133,0.861712,4.01739,0.778535,2.752,1.03943,0,0,0,0,3.6164,3.04682,8.84254,4,444.203
hp-01352830-00723,benign,office_workload,1757549523,0,,0.564295,3.26657,0.0182019,0.00175012,7.11806,4.44068,2.09078,0.256059,0.707109,1.08248,0.518201,2.13313,1.08549,0,1.06394,1.91532,2.29497,0,0,0.882688,1,348.952
hp-01352830-00724,RW,low_and_slow,1757549524,0,,0.614504,0.78465,0.0726521,0.754695,105.523,7.66661,0.394787,1.45441,1.3183,8.41154,0.617619,2.17557,2.43836,0,1.15939,3.18135,3.35918,1.15013,2.08866,4.63097,4,786.485
hp-01352830-00725,benign,office_workload,1757549525,224,,0.0859583,1.13844,0.0143146,0.0867948,5.02374,0,0,0,0.11236,0,0.0931113,2.11864,0.968119,0,1.212,2.32055,1.43318,0,0,0,1,581.271
hp-01352830-00726,RW,fast_crypto,1757549526,0,,9.78432,0.698222,1.46197,0.823714,557.213,8,0.258816,1.68099,7.39817,9.4372,0.863551,3.87733,2.12877,0,5.05706,4.09318,0.526373,4.56007,2.20285,4.73409,4,85.1108
hp-01352830-00727,RW,ambiguous:slow_bulk,1757549527,0,,0.584963,2.3845,0.0855107,0.236506,193.086,8,0.819841,3.81961,0.776032,2.08505,0.187816,1.90765,0,4.35493,1.77819,2.75484,0.81273,0,1.757,3.03947,4,774.032
hp-01352830-00728,RW,wiper_like,1757549528,0,,23.6862,0.52568,3.0924,0.480494,42.3972,8,0.53234,2.31868,4.77702,1.02934,0.35479,3.78442,1.54218,0,10.8763,3.58615,1.50305,4.76011,1.98424,6.30107,4,60.2504
hp-01352830-00729,RW,ambiguous:slow_bulk,1757549529,0,,0.404005,1.81852,0.30009,0.282875,186.715,6.08644,0.342242,2.34764,0.239566,2.01261,0.504199,2.03972,0.948817,0.906633,1.14973,2.93303,1.03286,0.928413,2.27902,3.73251,4,1842.31
hp-01352830-00730,benign,ambiguous:crypto_bulk,1757549530,0,,6.23089,0.550731,3.35305,0.467328,73.7511,5.00323,0.184616,1.77816,14.9451,1.8063,0.17521,2.83361,1.84664,0,2.1572,1.24368,0.618055,0,0.914424,3.30271,4,67.335
hp-01352830-00731,benign,disk_encryptor,1757549531,919296,,6.23691,0.703726,1.06433,0.242043,40.6573,8,0.487166,7.68646,0,0,0,2.43005,0,0,2.47069,2.2372,1.8896,0,0,0,2,74.3841
hp-01352830-00732,benign,backup_agent,1757549532,1792,,0.338459,0.567351,0.0228051,0.239035,114.87,4.99672,2.13526,1.89466,0,0,0,0,1.08705,0,1.60334,2.01457,2.15522,0,0.986939,8.96461,3,1963.67
hp-01352830-00733,benign,backup_agent,1757549533,917504,,4.5367,5.28456,0.126833,0.213521,322.12,4.34136,0.290925,1.7747,0.805431,0,0.207155,3.57785,0,0,2.33354,1.73766,1.35141,0,0,0,3,599.662
hp-01352830-00734,benign,cleanup_utility,1757549534,0,,6.8611,3.85729,0.661442,0.112117,57.9961,5.4677,0.97072,0.38129,0.264206,0,0.666494,2.63261,0.936616,0,0,2.35657,0.301043,0,0.881308,3.97479,3,166.472
hp-01352830-00735,RW,wiper_like,1757549535,0,,58.4075,0.62319,27.5405,0.518059,133.295,7.07788,0.517447,2.61764,7.58508,0.925049,0.83851,3.72291,0.972736,2.14863,2.81559,3.41378,2.07942,2.16595,4.35574,2.63426,4,31.1392
hp-01352830-00736,RW,low_and_slow,1757549536,0,,0.0774159,1.12725,0.0453014,0.187699,256.914,5.14788,0.270218,2.3465,0.0947031,12.6737,0.806331,1.34225,2.14857,0,1.81391,2.69561,3.16318,0.996642,0,2.98217,4,4136.36
hp-01352830-00737,benign,cleanup_utility,1757549537,116480,,2.11977,4.73818,0.489423,0.170363,29.2026,1.94875,0.709437,0.304756,0,0,0,1.00692,0.859658,1.17767,0,0,0,0,4.34694,4.00651,3,142.311
hp-01352830-00738,RW,wiper_like,1757549538,0,,20.4733,1.29103,10.1314,0.586837,133.493,6.97146,0.33796,2.43388,4.79192,0.977136,0.513659,0.928156,2.21167,0,8.24683,3.80909,2.01116,1.29399,1.79157,7.95021,4,61.6799
hp-01352830-00739,benign,cleanup_utility,1757549539,0,,10.0192,5.77386,3.7214,0.135591,133.217,4.25974,0.767393,0.134563,0.199684,0,0.0523488,1.15596,0,0,1.0303,1.1824,0.705588,0,4.90961,2.81113,2,187.646
hp-01352830-00740,benign,ambiguous:network_bulk,1757549540,917728,,1.13866,0.778751,0.49885,0.190127,68.1986,0,0,0,2.80462,0.878684,0.576992,1.10557,1.19378,1.989,17.7522,3.66522,5.01914,0,0,0,4,344.957
hp-01352830-00741,RW,low_and_slow,1757549541,31,,0,0,0,0,0,6.66897,0.505597,2.51131,4.16149,6.28368,0.634753,2.21972,0,0,3.43386,3.67989,3.33999,0,0,7.26489,4,165.431
hp-01352830-00743,RW,fast_crypto,1757549543,0,,7.5977,0.894526,2.93796,0.914699,146.907,7.1456,0.140734,3.89728,12.1055,4.64956,0.660943,4.46885,1.59377,1.09473,8.66414,3.58972,1.47645,2.87968,0,3.11248,4,113.922
hp-01352830-00744,benign,installer,1757549544,0,,3.60248,2.79679,0.222094,0.0759219,10.5793,4.89603,1.84945,2.176,2.17351,1.32734,0.189221,5.90184,0.942002,0.920239,3.23535,3.77597,0.317078,6.27134,0.799234,1.09505,2,165.515
hp-01352830-00745,RW,fast_crypto,1757549545,0,,42.8805,0.499561,5.3651,0.731309,87.1768,8,0.713709,3.05638,9.38946,6.16874,0.754967,1.12643,0.942833,0,5.90045,3.33143,0.685035,1.18258,2.11044,2.77084,4,32.4844
hp-01352830-00746,benign,installer,1757549546,224,,2.50612,4.7156,0.0113977,0.227636,23.8681,0,0,0,2.09537,1.03033,0.303781,8.57522,0,2.10705,1.84252,2.55933,1.10948,3.63035,1.16969,0.934523,3,96.9105
hp-01352830-00747,benign,ambiguous:crypto_bulk,1757549547,0,,16.318,2.55178,2.36839,0.643803,132.859,5.75184,0.287505,2.58289,13.8762,4.13022,0.411827,2.39402,0.964013,1.0098,7.439,3.10086,0.513746,0.95054,0.927899,1.16709,4,67.4792
hp-01352830-00748,RW,fast_crypto,1757549548,917504,,37.0781,1.03526,4.14067,0.813773,69.4583,8,0.521733,3.83128,36.61,7.3308,0.545848,1.75298,0.983355,2.94568,4.08791,3.68536,1.14041,0,0,0,4,23.4765
hp-01352830-00749,benign,office_workload,1757549549,0,,0.0480482,0.380807,0.000584401,0.0146346,13.5503,5.61026,1.9495,0.540451,0.0444147,0,0.29335,2.12162,0,0,0.983957,2.15832,0.412466,0.984597,0,0,2,1999.19
hp-01352830-00750,RW,low_and_slow,1757549550,1,,0,0.643128,0.414212,0.343451,78.722,7.92581,0.311404,2.67955,0.840755,2.48102,0.585218,2.89906,0.9299,0,3.24349,1.38913,2.5172,0,0,4.27641,4,345.167
hp-01352830-00751,RW,ambiguous:crypto_bulk,1757549551,0,,8.01712,1.10572,3.83729,0.150132,37.181,7.21269,0.579876,3.76974,23.7812,6.36183,0.405093,2.17928,0,0.799922,3.72782,2.44811,1.70167,1.23907,1.03849,1.2199,4,78.6996
hp-01352830-00752,RW,fast_crypto,1757549552,14336,,6.32083,1.3645,8.09427,0.462806,98.1015,7.87731,0.295699,5.62718,3.52332e+06,4.61558,0.631568,0,0,0,5.82219,1.55258,3.31137,2.01306,3.71993,3.08775,4,50.7791
hp-01352830-00753,benign,sync_client,1757549553,1792,,5.70735,4.96779,0.0193817,0.069534,5.72253,5.56435,1.55969,0.0809926,0,0,0,0,0,0,20.1029,4.06914,4.20047,0,0,2.23351,2,651.589
hp-01352830-00754,benign,installer,1757549554,1,,0,1.47569,0.182382,0.0463809,13.623,6.33793,2.73992,1.99152,7.33661,1.19854,0.287874,6.56233,1.76356,2.07268,0.97018,1.16457,0.548878,7.96122,0,2.02497,3,64.5358
hp-01352830-00755,benign,ambiguous:slow_bulk,1757549555,0,,0.952766,2.2857,0.0943502,0.44861,69.333,8,0.780383,3.61667,1.24869,2.70658,0.356961,2.83008,0,0,1.6965,0.834191,1.49559,0,1.11835,6.75907,4,529.287
hp-01352830-00756,RW,ambiguous:network_bulk,1757549556,0,,1.12406,0.947978,0.248746,0.271063,61.6513,8,1.70895,0.735499,3.6386,3.73844,0.111125,0,1.04675,2.19539,11.8695,3.90282,10.5755,0,0,2.34581,4,278.05
hp-01352830-00757,benign,sync_client,1757549557,0,,0.395622,1.75363,0.0101651,0.040911,4.95173,5.21699,2.81763,0.558572,0.0387258,0.818327,0.249507,1.06686,0,0,14.6793,3.05909,3.52361,0.984479,0,1.06924,2,1547.28
hp-01352830-00758,RW,low_and_slow,1757549558,14336,,0.123486,0.499576,0.0920344,0.458858,88.2589,8,0.37186,0.856875,0.373866,4.73548,1,0,0,0,6.80316,1.87319,2.28704,0.816723,1.67506,3.60749,4,1764.21
hp-01352830-00759,benign,sync_client,1757549559,917504,,0.613991,2.31938,0.00608941,0.394734,4.31037,4.49155,0.335005,0.144116,0.105016,0,0.288732,2.60267,0,0,13.3496,3.99824,9.8232,0,0,0,3,446.09
hp-01352830-00760,benign,disk_encryptor,1757549560,224,,2.44223,1.23415,0.773768,0.704668,140.682,0,0,0,18.3663,8.1909,0.632585,1.11563,0,0,3.15728,3.46793,0.31236,0,0,0,3,89.604
hp-01352830-00761,RW,double_extortion,1757549561,1792,,2.84382,1.29319,1.62738,0.466194,185.354,6.46864,0.355074,3.42857,0,0,0,2.09551,0,1.72645,19.9558,6.64178,11.3893,2.16709,4.05935,5.86743,4,176.986
hp-01352830-00762,RW,wiper_like,1757549562,0,,86.6571,1.62224,64.7741,0.774318,286.363,7.20024,0.884009,2.85187,28.131,0,0.383109,0.965492,1.23763,0,6.44989,2.81337,0.743685,1.87976,3.07994,1.88267,4,8.09755
hp-01352830-00763,RW,wiper_like,1757549563,114688,,42.1255,4.5135,12.3855,0.285459,168.249,7.64738,0.251875,3.26137,3.32594,0,0.949933,0,1.85928,0,0,0,0,0,1.0028,2.30173,4,23.9589
hp-01352830-00764,RW,fast_crypto,1757549564,0,,7.54584,0.880207,0.539268,0.819044,123.229,6.45903,0.174385,1.56548,18.5401,4.25027,0.650597,2.08757,1.13714,1.32274,4.53715,3.70124,3.53535,1.30646,0,4.5501,4,57.4932
hp-01352830-00765,benign,disk_encryptor,1757549565,0,,1.20223,0.763886,0.56995,0.861548,33.7145,5.12589,0.377655,5.4433,4.57781,7.85239,0.842201,1.12252,0,0,3.38867,1.48964,1.05262,1.174,0,0.993955,3,188.992
hp-01352830-00766,benign,disk_encryptor,1757549566,16128,,14.6017,1.14313,1.6199,0.264313,66.053,6.55912,0.250289,3.28134,0,0,0,0,0,0,0,1.55632,1.18419,0,0,1.6758,2,134.9
hp-01352830-00767,benign,disk_encryptor,1757549567,0,,9.4867,0.633296,0.712411,0.449626,20.3013,7.60059,0.438986,1.1947,7.61886,3.25326,0.686863,1.50094,0,0.9822,0.908853,1.68414,0.343585,0,0,0,3,266.063
hp-01352830-00768,benign,cleanup_utility,1757549568,0,,1.4303,8.09064,0.891505,0.112106,40.9033,3.13332,0.622901,1.63025,0.753474,0,0.217571,1.01344,0,1.09439,1.8418,2.65204,0.396043,0.796336,2.953,11.7373,3,155.752
hp-01352830-00769,benign,cleanup_utility,1757549569,14336,,2.27072,1.32794,0.572259,0.16255,64.0643,2.4478,0.674393,0.60473,0.640083,0,0.294532,0,0,0,2.6914,1.24312,0.687063,0,1.1831,5.93305,4,153.168
hp-01352830-00770,benign,backup_agent,1757549570,1,,0,4.07827,0.152659,0.310451,78.5102,7.32203,1.35667,1.3907,2.33771,0,0.205445,2.79635,0,0,0.814915,1.53227,0.525753,0,2.24129,6.16363,3,918.967
hp-01352830-00771,RW,fast_crypto,1757549571,917504,,8.78959,0.331266,1.97424,0.757901,139.478,7.18918,0.368984,2.38181,15.4671,6.29824,0.504171,0.966174,2.84412,1.09387,4.88266,3.8175,1.28495,0,0,0,4,103.291
hp-01352830-00772,benign,ambiguous:slow_bulk,1757549572,0,,1.39845,2.04977,0.132541,0.266554,51.3133,6.03992,0.666273,1.6589,1.1732,5.4651,0.525508,2.02277,0,0,1.02387,1.47441,2.1981,0.896981,0,8.34326,4,549.195
hp-01352830-00773,RW,double_extortion,1757549573,0,,5.91034,2.45772,2.89107,0.538427,74.8164,5.86321,0.489404,3.72731,15.3156,9.15973,0.399817,1.12052,3.8576,1.10333,9.87157,3.50413,7.16312,3.60557,3.42875,2.87544,4,43.2464
hp-01352830-00774,benign,backup_agent,1757549574,0,,0.660098,1.75051,0.00463562,0.161852,256.192,6.01762,2.03728,1.2659,0.179429,0,0.241959,1.70222,0,0,1.76175,1.24105,0.44944,1.00721,1.6568,7.46488,4,1658.86
hp-01352830-00775,RW,low_and_slow,1757549575,1792,,6.80331,0.418968,0.834979,0.525108,190.614,6.18948,0.537943,3.43389,0,0,0,0.971876,0.796878,1.08079,1.61706,3.62202,1.03231,1.026,1.06001,3.07823,4,154.463
hp-01352830-00776,benign,disk_encryptor,1757549576,0,,6.43379,0.64951,0.844687,0.343415,23.2116,4.60872,0.248568,2.83841,16.2332,8.826,0.854366,3.63537,0,0,2.14997,0.222473,0.667242,0,0,1.08792,2,142.994
hp-01352830-00777,benign,backup_agent,1757549577,1792,,14.6517,0.864196,0.248856,0.260851,206.598,7.83194,1.27473,1.86085,0,0,0,1.15127,0,1.00182,3.04197,0.487298,0.775427,0,0.976068,11.4285,4,263.78
hp-01352830-00778,benign,installer,1757549578,0,,3.08814,1.80289,0.0447949,0.00747744,22.2948,5.02071,1.7011,1.58261,8.24331,1.01423,0.601604,4.55086,0.893677,3.114,4.11914,1.20393,0.29378,2.14556,0,0,4,39.8276
hp-01352830-00779,RW,ambiguous:crypto_bulk,1757549579,114912,,36.5025,1.07646,3.28929,0.527242,44.4511,0,0,0,14.0738,4.93885,0.838205,0.976402,1.09217,0.912737,0,0,0,0,0,0.989109,4,115.967
hp-01352830-00780,benign,ambiguous:slow_bulk,1757549580,1792,,0.422059,1.49051,0.2635,0.0985729,142.361,8,0.948234,2.86227,0,0,0,3.17199,0,0,5.02023,2.1847,7.55557,1.11537,0,8.4565,4,701.35
hp-01352830-00781,benign,ambiguous:network_bulk,1757549581,114688,,2.42987,1.00492,0.585591,0.206238,118.761,6.06565,0.452821,2.19716,1.6949,3.27163,0.465196,4.77105,0,1.08463,0,0,0,0,0.973526,2.15021,4,219.847
hp-01352830-00782,benign,ambiguous:crypto_bulk,1757549582,0,,3.54296,0.643527,0.281468,0.183449,111.544,8,0.504504,1.91618,8.24288,6.16745,0.420546,2.20633,1.58192,2.35814,3.29808,3.21234,0.613389,1.02148,0.944799,4.22481,4,200.946
hp-01352830-00783,RW,fast_crypto,1757549583,0,,12.3686,0.665391,4.4784,0.542336,177.33,7.08178,0.152818,1.48765,25.2194,5.26131,0.681978,1.92844,0,0.856908,5.3154,2.72061,1.00272,1.83554,4.57665,6.71726,4,42.2306
hp-01352830-00784,benign,office_workload,1757549584,14336,,0.058888,0.257814,0.00739974,0.25033,10.2144,0.772714,2.54181,0.166474,0.129648,1.05896,0.247515,0,0,0,0.970099,0.871976,0.715889,1.0769,1.74833,0,1,1157.9
hp-01352830-00785,RW,wiper_like,1757549585,0,,29.1399,0.474222,8.00489,0.837408,93.4291,5.93818,0.241359,3.4109,7.92388,0,0.564969,2.00802,3.30467,1.06845,9.4482,2.23609,6.95844,1.25059,0,3.09721,4,47.1622
hp-01352830-00786,RW,fast_crypto,1757549586,1,,0,1.30659,2.403,0.69565,141.638,6.86852,0.0968776,4.58544,12.4159,7.38407,0.677681,3.2051,1.01523,0,8.61468,3.17195,5.59077,3.0966,2.66495,3.3499,4,56.5775
hp-01352830-00787,benign,cleanup_utility,1757549587,14336,,1.1691,1.95752,0.489014,0.158129,125.452,3.87681,2.6139,0.537927,0.358512,0,0.158379,0,0,0,1.06262,2.5272,1.55196,0,2.82919,4.44789,2,120.918
hp-01352830-00788,RW,ambiguous:slow_bulk,1757549588,114719,,0,0,0,0,0,3.77284,0.569408,1.29271,0.385841,4.06388,0.485639,1.97018,1.15729,0,0,0,0,0.850056,0,8.93539,4,558.801
hp-01352830-00789,RW,fast_crypto,1757549589,0,,11.0185,0.754464,5.15694,0.492777,40.3547,7.80998,0.150581,2.91797,44.9426,7.40724,0.693814,0,2.2954,1.83423,1.05433,3.11212,2.5535,1.9397,1.89454,5.00835,4,42.3846
hp-01352830-00790,benign,office_workload,1757549590,0,,0.0690457,0.667803,0.0120742,0.117486,20.3578,4.56914,1.98709,0.135963,0.070765,1.15376,0.323718,0.836032,0,0,3.10294,1.71638,0.113286,0,0,1.00388,1,827.513
hp-01352830-00791,RW,ambiguous:network_bulk,1757549591,14336,,1.83667,1.8563,1.02511,0.505834,175.142,6.54262,0.932959,1.52507,3.41227,3.98675,0.433032,0,0,0,8.62367,4.09338,2.89609,0,0,2.22612,4,118.743
hp-01352830-00792,benign,office_workload,1757549592,114688,,0.346575,2.37806,0.00283372,0.0251227,12.3992,1.20833,1.00717,0.20149,0.0145626,1.68373,0.124511,3.01341,0,0.831751,0,0,0,0,0,3.42157,2,1317.55
hp-01352830-00793,RW,low_and_slow,1757549593,0,,2.07328,2.03573,0.168367,0.623217,34.3351,7.43744,0.186452,3.32624,4.97345,8.57118,0.711,4.20762,0,0.828751,3.27637,4.78678,1.89545,0.862773,1.02532,1.91354,4,135.419
hp-01352830-00794,RW,low_and_slow,1757549594,14336,,0.772436,1.66083,0.0946633,0.24596,87.9125,7.23399,0.140222,1.7681,1.45414,9.43448,0.839527,0,0,0,2.68404,2.72757,2.3993,1.09317,0.913122,0.969137,4,872.913
hp-01352830-00795,benign,sync_client,1757549595,917504,,2.35351,1.28652,0.0251267,0.0471211,5.87854,5.87785,1.17655,1.24768,0.0648485,0,0.281848,2.52354,0,0,13.5525,3.25222,6.34074,0,0,0,2,605.989
hp-01352830-00796,RW,double_extortion,1757549596,114688,,4.9606,0.560049,3.03926,0.790451,582.529,5.79515,0.131416,2.46649,13.869,11.104,0.66161,0,0,0,0,0,0,0.945875,2.13006,3.76792,4,61.9841
hp-01352830-00797,RW,wiper_like,1757549597,0,,25.057,0.48666,40.2965,0.913803,128.353,8,0.16605,4.83968,15.7612,2.9151,0.562685,0,0,1.13445,1.99733,3.37459,2.68577,2.06401,0,3.66652,4,47.2779
hp-01352830-00798,RW,ambiguous:crypto_bulk,1757549598,14336,,13.2041,1.01359,1.68674,0.436677,54.8438,8,0.212913,1.9519,23.4835,8.7696,0.62953,0,0,0,3.22377,2.98447,2.79722,0,0,4.36227,4,81.5474
hp-01352830-00799,RW,fast_crypto,1757549599,0,,68.932,1.16589,7.09788,0.392178,38.9949,7.50477,0.376109,3.34956,59.0044,4.09626,0.644051,3.18735,2.05047,0,12.6227,2.60885,3.60863,2.42761,2.17913,3.30584,4,11.2165
hp-01352830-00800,RW,low_and_slow,1757549600,0,,0.296441,0.625025,0.11066,0.464835,308.232,6.62921,0.181525,2.61734,0.572371,5.78842,0.774963,1.13246,2.3197,0.989183,2.37347,3.89548,3.32797,1.56972,0.973243,2.06047,4,1360.31
hp-01352830-00801,benign,cleanup_utility,1757549601,0,,3.53558,17.8022,0.0848902,0.0740787,48.6301,3.40589,0.625485,0.467055,0.532055,0,0.337502,2.1366,0.964762,0,1.02392,1.9597,2.6098,0,6.42411,6.83731,4,114.859
hp-01352830-00802,RW,low_and_slow,1757549602,0,,1.39498,1.3505,1.067,0.344893,107.897,6.78671,0.563868,8,0.432846,3.75367,0.52919,3.16396,1.11292,0,6.0371,3.72255,1.92178,0,0,4.28157,3,499.726
hp-01352830-00803,benign,disk_encryptor,1757549603,0,,1.07539,1.05329,0.131305,0.350468,143.225,7.06474,0.239167,1.26466,4.18645,2.18334,0.701726,1.84888,0,0,1.97991,1.567,0.205826,0,0.993367,0.865712,3,245.945
hp-01352830-00804,benign,backup_agent,1757549604,0,,0.339977,13.4931,0.0455845,0.675756,181.863,4.00907,3.00999,0.993521,0.305826,0,0.515517,0,0,0,3.857,2.116,0.64796,0,2.21045,13.4663,4,1687
hp-01352830-00805,RW,ambiguous:crypto_bulk,1757549605,0,,61.0823,2.8385,3.93892,0.41474,58.4408,6.55586,0.525145,0.920264,13.2607,7.95853,0.749857,1.68007,2.29145,2.05527,3.03816,1.3942,3.14305,0,0,1.8463,3,59.4055
hp-01352830-00806,benign,ambiguous:network_bulk,1757549606,14367,,0,0,0,0,0,3.32729,0.52549,1.20513,3.06522,0,0.332763,0,0,0,18.6918,4.46224,3.3586,5.3027,0,1.5483,3,340.324
hp-01352830-00807,benign,ambiguous:network_bulk,1757549607,917504,,1.48683,1.25354,1.9799,0.258529,96.8594,6.49073,1.72608,0.643056,22.4455,3.50469,0.535375,1.04415,0.910008,0,17.2917,3.84366,5.6211,0,0,0,4,190.291
hp-01352830-00808,RW,fast_crypto,1757549608,0,,34.7642,0.421546,1.89177,0.680391,185.769,5.37401,0.264749,2.9143,43.0237,7.92773,0.681157,2.28939,0.998548,0,4.07294,2.11637,0.494069,3.2942,4.07875,2.52131,4,31.8984
hp-01352830-00809,RW,double_extortion,1757549609,114688,,1.6819,1.37177,1.75319,0.540796,85.8539,7.70739,0.214787,2.19402,7.12192,5.63201,0.402125,1.14677,0.999068,0,0,0,0,2.23873,5.45333,2.80374,4,291.291
hp-01352830-00810,RW,ambiguous:network_bulk,1757549610,0,,0.608339,2.07361,0.31074,0.349479,82.6728,6.44934,0.685593,0.793963,2.07943,4.50519,0.153576,1.03821,1.18291,1.94117,16.5214,2.96244,18.6031,2.40714,3.0042,3.36857,4,453.241
hp-01352830-00811,RW,double_extortion,1757549611,224,,0.365671,0.578235,0.718741,0.773769,142.174,0,0,0,8.32279,7.03218,0.671387,2.10715,2.59877,1.06272,11.5569,3.37492,4.03667,1.84786,4.39575,7.70881,4,536.702
hp-01352830-00812,benign,installer,1757549612,224,,3.68777,0.718828,0.120296,0.0484057,38.0863,0,0,0,7.26093,0,0.122331,9.50744,0,1.65663,2.22156,1.24772,3.16412,4.89733,0,0,2,29.3784
hp-01352830-00813,benign,sync_client,1757549613,0,,0.192121,1.215,0.00334762,0.0155395,7.03146,4.93894,0.83233,0.374817,0.0407671,0.879267,0.256913,1.036,1.00278,0,13.1523,3.33929,1.25491,0,0,0,3,1211.55
hp-01352830-00814,RW,double_extortion,1757549614,116480,,4.26245,1.14108,2.30699,0.419288,139.782,7.96499,0.21649,2.50631,0,0,0,3.5203,0,0,0,0,0,0,0,1.9991,4,112.217
hp-01352830-00815,RW,low_and_slow,1757549615,14336,,0.543759,0.950942,0.188442,0.475676,158.887,8,0.161661,1.32371,0.538607,1.89679,0.799242,0,0,0,3.26444,4.70002,5.92951,1.02979,0.76549,6.29978,4,734.036
hp-01352830-00816,benign,office_workload,1757549616,224,,0.0955568,2.48889,0.00617375,0.076198,11.3199,0,0,0,0.023001,0,0.0295748,4.00448,0,0.96637,0,2.16956,0.635308,0,0,0,3,405.221
hp-01352830-00817,benign,office_workload,1757549617,0,,0.559215,3.11117,0.025994,0.038477,13.4122,3.00682,0.853497,0.43595,0.228584,0,0.0905883,0.958729,0,0,1.91664,1.39936,1.66981,0,0,0.979418,2,225.955
hp-01352830-00818,benign,sync_client,1757549618,114688,,1.17629,0.982003,0.00380553,0.112837,10.9804,3.39935,0.713969,2.17777,0.0630407,0,0.0997083,1.02375,0,0,0,0,0,0,0,3.23576,4,513.84
hp-01352830-00819,benign,office_workload,1757549619,0,,0.0649411,1.86668,0.0106024,0.0908595,25.7056,3.20249,1.47762,0.45546,0.445955,0,0.415294,2.27854,0,0,1.79129,0.826761,1.14146,0,0,1.23955,1,854.523
hp-01352830-00820,benign,cleanup_utility,1757549620,1792,,14.5378,2.30814,0.391354,0.134759,105.934,6.09497,1.11052,1.10385,0,0,0,3.04509,0,0,1.92088,0.983587,1.26994,0,0,3.66087,2,124.777
hp-01352830-00821,benign,ambiguous:slow_bulk,1757549621,114688,,0.760933,0.874779,0.0979349,0.393355,285.763,7.12584,0.280334,2.36948,0.787132,1.10704,0.472793,3.37673,2.97294,0,0,0,0,0,0.801207,8.46449,4,217.792
hp-01352830-00823,benign,cleanup_utility,1757549623,0,,1.98619,3.0914,0.469062,0.200321,105.436,3.25558,2.40569,0.569406,0.248546,0.820605,0.164435,2.06824,0,0,1.67474,1.78735,0.638129,0,1.93618,4.71096,4,212.395
hp-01352830-00824,benign,ambiguous:crypto_bulk,1757549624,224,,8.55092,2.1381,1.45718,0.639227,96.4181,0,0,0,9.75897,9.35446,0.901629,1.03912,2.09762,0,0.83586,2.32884,1.02616,1.06211,0.965281,1.94143,4,73.3733
hp-01352830-00825,RW,wiper_like,1757549625,1792,,25.9336,0.546616,9.25603,0.69888,196.664,6.54391,0.427581,4.71292,0,0,0,2.1556,0,1.9407,6.75803,2.69032,0.635984,1.01665,2.33874,2.11661,4,82.204
hp-01352830-00826,RW,ambiguous:crypto_bulk,1757549626,917504,,4.6632,1.48729,1.96585,0.826591,364.629,8,0.480208,4.52758,7.83921,2.71707,0.459047,1.95817,0,1.02768,3.17035,2.65926,1.30307,0,0,0,4,105.942
hp-01352830-00827,benign,cleanup_utility,1757549627,114688,,6.98028,0.560052,1.49584,0.170356,85.3318,4.67661,0.584934,0.768373,0.629395,0,0.126927,2.19456,0,0,0,0,0,0,4.29006,6.48241,4,144.011
hp-01352830-00828,RW,ambiguous:crypto_bulk,1757549628,0,,5.47745,1.96723,0.80481,0.318036,101.148,7.89051,0.360705,2.01006,20.1537,6.97154,0.674905,2.93193,2.09341,2.90954,1.69543,2.51933,0.999997,1.33647,0,5.7574,3,157.076
hp-01352830-00829,benign,ambiguous:crypto_bulk,1757549629,116480,,8.43241,2.94754,1.20258,0.890125,102.936,6.47318,0.304705,2.54824,0,0,0,1.87129,0,0,0,0,0,1.1918,0,5.76831,4,39.5907
hp-01352830-00830,RW,ambiguous:crypto_bulk,1757549630,0,,19.419,0.550042,22.2138,0.226076,23.7993,7.19463,0.456861,2.24839,12.7012,2.88613,0.766462,3.27893,0.926853,0,2.13394,2.57477,0.935288,0.901301,0,0.825955,4,60.8766
hp-01352830-00831,RW,low_and_slow,1757549631,0,,1.05801,0.984173,0.100313,0.607078,47.9355,7.13656,0.175107,2.61997,0.91762,12.9514,0.572704,2.14586,1.2529,0,2.46779,2.7139,3.80715,0.807036,1.15237,3.7048,4,654.614
hp-01352830-00832,RW,double_extortion,1757549632,0,,1.46096,2.64593,0.141191,0.650154,197.097,7.12918,0.298437,2.51105,7.11972,12.5258,0.932808,1.96417,0,0,15.6388,3.86905,10.1408,1.7803,0,9.16561,4,415.975
hp-01352830-00834,RW,low_and_slow,1757549634,0,,0.380623,1.30775,0.0980551,0.541629,117.124,8,0.183528,4.63089,0.533182,4.34577,1,3.03543,1.83438,0,1.04531,3.21513,3.38102,2.64142,0.963955,1.77366,4,1464.28
hp-01352830-00835,RW,fast_crypto,1757549635,0,,15.3206,2.37829,3.87764,0.28453,73.6359,7.54055,0.337903,4.0748,28.35,8.48037,0.909363,2.1321,0.848917,2.20539,8.02846,3.55474,2.10142,1.17011,1.09814,4.24412,4,48.8385
hp-01352830-00836,RW,low_and_slow,1757549636,0,,3.94297,0.497759,0.896289,0.411144,56.7585,6.80719,0.505256,3.66139,3.41411,6.46543,0.514354,1.97268,0,2.20412,0.955363,1.57395,1.26918,1.70889,3.5127,3.59293,4,513.326
hp-01352830-00837,benign,disk_encryptor,1757549637,114688,,9.32885,1.2872,0.197034,0.379479,62.5277,5.68993,0.173798,6.55941,20.729,4.05925,0.648212,2.2255,0,0,0,0,0,0,0,1.63157,4,121.473
hp-01352830-00838,benign,ambiguous:slow_bulk,1757549638,1792,,0.375003,2.22189,0.0194273,0.204107,437.16,6.31757,0.941289,0.722313,0,0,0,0,0.917213,1.06822,1.99796,1.55502,1.29714,0,0,8.3626,4,1223.84
hp-01352830-00839,benign,backup_agent,1757549639,1792,,1.18049,5.67749,0.0542691,0.103013,144.481,4.94578,0.759872,1.69715,0,0,0,1.0936,0,0,0.887149,2.59831,0.538153,0,0,9.9441,4,641.721
hp-01352830-00840,RW,double_extortion,1757549640,1792,,3.9099,0.567416,0.978254,0.591247,61.5924,5.32068,0.596354,2.42466,0,0,0,2.74726,0.98876,0,11.8442,3.9117,4.16353,2.05133,1.81122,3.78325,4,165.092
hp-01352830-00841,RW,wiper_like,1757549641,917504,,30.5997,0.91061,15.1922,0.587815,54.656,6.93306,0.0978546,3.65743,6.55306,0,0.469375,3.70616,1.90048,0,5.19312,1.81167,1.13191,0,0,0,4,31.2125
hp-01352830-00842,benign,sync_client,1757549642,224,,0.632491,3.27933,0.00419406,0.0622019,47.8168,0,0,0,0.0208195,0.893906,0.335235,5.45584,0,0,13.2662,3.83391,8.2684,1.06407,0,0,3,1525.31
hp-01352830-00843,benign,ambiguous:crypto_bulk,1757549643,114688,,15.8147,1.63014,1.58953,0.349853,46.0566,6.6195,0.613527,4.33956,20.1341,3.93005,0.375404,2.95856,2.22319,0,0,0,0,0,0,7.89742,3,93.5508
hp-01352830-00844,RW,wiper_like,1757549644,129024,,83.7367,1.59277,12.9693,0.643161,61.5492,6.68709,0.298432,1.20145,8.08026,0,0.616479,0,0,0,0,0,0,1.27903,1.91107,5.04609,4,52.7217
hp-01352830-00845,RW,double_extortion,1757549645,14367,,0,0,0,0,0,6.87054,0.561181,2.18229,9.96347,3.37238,0.421832,0,0,0,13.1619,5.39474,4.48109,0.956841,2.2435,1.87597,4,104.572
hp-01352830-00846,benign,office_workload,1757549646,114912,,0.0238317,0.859293,0.0194801,0.104233,65.9316,0,0,0,0.234104,0,0.257899,1.02882,1.00262,0,0,0,0,0,0,2.18392,1,1296.58
hp-01352830-00847,RW,low_and_slow,1757549647,14336,,0.597444,2.10423,0.0180335,0.557903,53.2257,5.88372,0.167,2.82569,0.0614662,8.36908,0.749031,0,0,0,2.28346,2.07722,7.48648,0,0.738007,2.85945,4,1071.75
hp-01352830-00848,benign,ambiguous:slow_bulk,1757549648,0,,1.9238,1.37057,0.571164,0.337977,187.916,6.45725,2.46801,2.58863,1.88103,1.97993,0.531297,2.5924,0.987311,1.9981,2.9674,2.84961,2.72887,0.97039,0.981305,8.08211,4,376.11
hp-01352830-00849,RW,fast_crypto,1757549649,0,,6.74043,0.9402,7.03195,0.528904,106.839,8,0.451669,2.82887,22.4056,3.92229,0.446816,1.89328,1.1314,1.00704,7.27581,3.9466,2.64528,3.06403,1.57218,1.74989,4,46.5587
hp-01352830-00850,RW,ambiguous:network_bulk,1757549650,14336,,1.87439,0.829004,0.110317,0.513195,56.2378,6.94992,0.893461,2.18687,24.8997,2.12586,0.917383,0,0,0,19.9983,4.13619,3.53728,1.94982,1.03287,1.74094,3,290.528
hp-01352830-00851,benign,cleanup_utility,1757549651,0,,4.96773,6.91014,0.41787,0.337185,300.676,3.20364,0.905518,0.219001,0.594457,0.892303,0.343703,1.0756,0,0,0,1.85478,0.721509,0,2.95991,4.65527,2,244.433
hp-01352830-00852,RW,double_extortion,1757549652,0,,0.555784,1.48762,0.57271,0.423516,58.1566,5.80816,0.544972,2.09492,5.39331,5.59162,0.60983,4.1848,0.972441,0.958386,14.1287,3.58702,7.80762,3.36558,0.860772,1.71762,4,449.537
hp-01352830-00853,benign,disk_encryptor,1757549653,0,,2.72248,1.18495,0.924278,0.457533,140.982,4.71737,0.406929,3.06842,5.94607,8.18026,0.700238,6.06974,0,0,0,1.69758,0.214793,0,0,1.01798,3,153.637
hp-01352830-00854,RW,wiper_like,1757549654,0,,50.7566,0.318967,24.3151,0.511112,114.853,7.44811,0.384744,2.01633,13.7373,0,0.624317,2.01801,0.946659,2.20574,9.65739,2.33543,5.59086,2.78848,3.37616,2.9744,3,12.8422
hp-01352830-00855,RW,low_and_slow,1757549655,917504,,0.41862,0.3133,0.749931,0.422776,33.2533,7.48347,0.570588,2.11995,0.967512,0.884647,0.820073,3.44923,0,0.904472,1.25992,3.95357,3.171,0,0,0,4,242.62
hp-01352830-00856,RW,wiper_like,1757549656,1792,,69.9422,0.763752,17.9205,0.524944,142.388,7.08207,0.421099,2.28533,0,0,0,0.993739,2.7561,0,4.3356,2.41159,2.38401,1.03225,2.3571,0.882976,4,17.5453
hp-01352830-00857,RW,wiper_like,1757549657,917728,,21.0478,0.567377,7.28386,0.855752,193.429,0,0,0,3.5475,0,0.631064,0.957695,3.33023,1.10774,6.26232,3.97478,10.6271,0,0,0,4,67.6851
hp-01352830-00858,benign,backup_agent,1757549658,224,,4.06975,2.0688,0.26353,0.577712,287.564,0,0,0,0.839132,0,0.331455,0.774411,0,0,0,1.13785,0.789392,1.00949,1.58368,7.14242,2,633.579
hp-01352830-00859,benign,ambiguous:slow_bulk,1757549659,0,,6.40455,2.53144,0.378832,0.372586,104.195,8,0.402562,1.85514,2.23882,0.96848,0.584587,3.08545,1.14018,1.03327,1.38092,1.96246,1.6786,0.831382,1.09034,5.99219,4,258.166
hp-01352830-00860,benign,office_workload,1757549660,917504,,0.163859,2.56141,0.0133988,0.123691,13.2623,5.59899,1.02745,0.587548,0.718886,0,0.336335,1.03556,0,0,2.05015,2.00451,4.18089,0,0,0,2,248.364
hp-01352830-00861,benign,installer,1757549661,0,,4.34247,1.36108,0.241021,0.0281282,21.6053,3.80214,1.05704,1.12471,2.05144,0.960723,0.408587,14.9269,0,1.22786,2.57477,1.90626,1.10503,5.85444,0,0,3,36.8128
hp-01352830-00862,RW,fast_crypto,1757549662,0,,10.4229,1.05857,4.31164,0.254498,42.8776,8,0.130005,1.7205,25.9941,8.89965,0.832637,3.49204,0,0,5.69987,3.59436,1.28007,0,5.05834,4.36529,4,65.4771
hp-01352830-00863,benign,ambiguous:slow_bulk,1757549663,0,,1.267,1.20184,0.0505436,0.35894,135.257,7.71233,0.592375,1.01179,0.972196,7.20458,0.507945,1.10773,1.07691,0,4.12742,2.56461,0.558835,0.812111,0,2.38132,4,723.871
hp-01352830-00864,RW,wiper_like,1757549664,0,,64.5177,2.76493,23.7026,0.768377,110.21,4.92685,0.203348,6.11414,8.07923,0,0.511263,1.32929,1.06176,2.4741,3.402,4.5706,2.34375,4.33402,0.979671,4.21033,4,26.9617
hp-01352830-00865,RW,double_extortion,1757549665,14336,,3.36931,0.446643,0.548363,0.492802,412.629,7.69332,0.106096,3.46887,5.65869,5.32317,0.924492,0,0,0,22.3727,3.94526,3.64772,0.985338,3.38804,0,4,374.468
hp-01352830-00866,RW,ambiguous:slow_bulk,1757549666,1032416,,3.06119,2.13083,0.676151,0.534731,213.606,0,0,0,2.82046,6.62909,0.511742,0.947488,0,0.843671,0,0,0,0,0,0,4,201.57
hp-01352830-00867,RW,low_and_slow,1757549667,1792,,1.72498,0.713486,0.300471,0.504935,72.751,7.86659,0.39461,2.42305,0,0,0,2.49476,1.63715,0.889848,4.88328,3.85001,2.59943,2.59636,2.06147,1.805,4,671.948
hp-01352830-00868,benign,disk_encryptor,1757549668,0,,2.27322,1.19942,0.384197,0.525327,169.187,8,0.345882,1.61439,18.1984,7.38949,0.181642,0.966134,0,0.936665,1.67683,1.4091,0.815108,0,0,0.909455,3,216.855
hp-01352830-00869,benign,backup_agent,1757549669,0,,2.95765,3.16564,0.0357186,0.149076,279.073,5.85303,0.777082,0.668573,0.270092,0,0.267598,1.19075,0,0,2.19872,2.01182,0.937645,1.07684,1.03601,7.98775,4,877.584
hp-01352830-00870,RW,wiper_like,1757549670,0,,35.2348,0.653829,15.4935,0.686832,109.744,7.46261,1.12672,3.70594,1.36215,0,0.534167,0.826225,4.09423,0,8.07944,2.47101,1.25371,4.09143,1.9666,3.49399,4,59.0701
hp-01352830-00871,benign,installer,1757549671,917728,,0.44816,2.98635,0.03681,0.0470668,11.7501,0,0,0,0.662073,1.26151,0.102807,14.2939,2.51727,2.4498,0,2.07378,4.62267,0,0,0,4,136.108
hp-01352830-00872,benign,ambiguous:crypto_bulk,1757549672,114688,,12.6763,1.00291,9.53464,0.377501,76.9885,8,0.418938,1.45138,12.4686,8.78675,0.707686,2.20343,0.858464,1.77637,0,0,0,0.895992,3.16457,5.31401,3,94.0177
hp-01352830-00873,RW,fast_crypto,1757549673,0,,20.1689,0.938038,13.4487,0.372344,141.092,7.63016,0.216881,0.792444,55.6359,7.30904,0.585181,0,1.35616,1.75537,6.66117,2.51015,4.41501,1.14963,1.02309,2.77247,4,26.0969
hp-01352830-00874,benign,backup_agent,1757549674,917504,,2.6519,1.68185,0.562327,0.182404,51.4088,6.36311,0.896249,6.07799,1.20722,1.09932,0.26843,3.11821,0,0,3.45162,1.43867,0.774395,0,0,0,4,435.173
hp-01352830-00875,RW,wiper_like,1757549675,0,,21.2504,0.900275,25.5483,0.60926,137.333,8,0.208943,2.65794,2.25773,1.02129,0.715153,1.19407,1.97083,2.18321,7.56338,3.89454,1.04689,2.29928,3.18673,4.03247,4,50.1763
hp-01352830-00876,RW,wiper_like,1757549676,114688,,22.6603,0.759019,30.1461,0.97628,121.221,7.85692,0.617326,2.27197,10.0261,0,0.708658,2.2694,1.0066,1.92774,0,0,0,3.04905,1.65264,2.00455,4,44.2598
hp-01352830-00877,benign,sync_client,1757549677,0,,5.18661,1.17424,0.021798,0.110011,51.8245,6.21585,0.481345,0.104558,0.570054,0,0.116051,0,0,0,14.7867,4.27945,2.51525,0,0,0,2,224.093
hp-01352830-00878,RW,wiper_like,1757549678,0,,17.3722,1.67292,20.4724,0.328451,267.539,6.88068,0.2562,1.31658,2.13645,0,0.558186,1.14178,0.823695,0,10.4735,3.43527,2.32895,3.91628,2.69294,5.20866,4,32.9192
hp-01352830-00879,benign,cleanup_utility,1757549679,1792,,1.28549,1.43158,0.532917,0.521948,50.5204,4.97024,1.95968,0.327469,0,0,0,0.974609,0,0,0,0.483659,0.612853,0,2.9617,9.94689,3,404.07
hp-01352830-00880,benign,disk_encryptor,1757549680,114688,,8.51264,0.507123,1.57942,0.61211,89.828,8,0.331281,4.20953,12.5236,2.68669,0.510338,2.81033,0,0,0,0,0,0,0.900518,0,3,102.36
hp-01352830-00881,benign,backup_agent,1757549681,917504,,4.04212,4.16426,10.0176,0.136408,96.2615,4.98902,0.418656,2.65058,3.07881,1.02148,0.0700616,2.14312,1.1824,0,1.69641,1.10729,1.46702,0,0,0,3,183.968
hp-01352830-00882,RW,low_and_slow,1757549682,1032192,,1.50131,0.329938,0.425716,0.83953,295.639,6.21517,0.53864,7.16009,8.16554,6.58007,0.526444,1.04921,0,1.04107,0,0,0,0,0,0,4,228.397
hp-01352830-00883,RW,wiper_like,1757549683,0,,36.7663,0.739842,8.98799,0.463892,64.7812,7.02592,0.743375,3.36498,7.92372,3.25468,0.425244,2.28437,0,1.00256,8.88386,4.08127,1.52838,0,1.67058,3.69181,4,39.412
hp-01352830-00884,benign,office_workload,1757549684,31,,0,0,0,0,0,3.09179,1.46912,0.576945,0.219066,0,0.0622567,0,0,0,1.86748,2.4861,2.51503,0,0,0,2,633.541
hp-01352830-00885,benign,cleanup_utility,1757549685,0,,1.10371,9.62824,0.130236,0.187938,32.6785,7.17462,0.597588,1.52397,0.210457,0.823016,0.346763,0,0,0,0.99524,2.83407,2.55134,0,2.22851,5.58121,2,376.274
hp-01352830-00886,benign,office_workload,1757549686,114688,,0.0641532,1.94655,0.00259595,0.0696986,19.4796,4.1928,1.73311,1.01048,0.276667,0,0.394861,2.21553,0,0,0,0,0,0,0,0,2,715.281
hp-01352830-00887,RW,low_and_slow,1757549687,0,,0.308567,0.660837,0.0828272,0.345428,106.176,8,0.100563,2.74436,1.35558,8.5078,0.461022,3.97337,0,1.22488,1.04717,4.95294,0.472369,1.04295,0.946068,4.35975,4,633.233
hp-01352830-00888,benign,disk_encryptor,1757549688,0,,4.70123,1.22075,0.163697,0.418827,109.783,7.10722,0.618127,1.27201,9.16463,4.53719,0.290077,1.04424,0,1.21699,3.20795,2.45032,1.51288,0,0,0.990357,3,296.118
hp-01352830-00889,benign,disk_encryptor,1757549689,0,,3.32836,1.46171,0.190506,0.399491,48.7666,7.3111,0.276794,1.75238,9.87667,6.17919,0.746697,1.25445,0,0,1.01315,1.96893,0.72592,0,0,0,3,257.999
hp-01352830-00890,RW,fast_crypto,1757549690,1792,,7.54435,1.15306,7.01029,1,748.16,7.66835,0.26617,1.93175,0,0,0,0.975283,0,0,11.0969,2.19643,4.53978,0,0.9583,3.47426,4,44.14
hp-01352830-00891,RW,wiper_like,1757549691,0,,15.1731,0.327205,8.9821,0.268219,299.308,7.42733,0.396798,3.50838,6.30476,0,0.814302,2.00289,0,0,7.01043,3.76243,1.17909,0,3.05742,2.3979,4,13.8072
hp-01352830-00893,RW,ambiguous:crypto_bulk,1757549693,0,,26.2313,0.598716,3.78743,0.500991,112.889,5.04632,0.214523,1.19475,77.3322,7.25813,0.672066,3.76854,0.951507,0,7.51624,2.57313,5.66636,0.949856,0,0,3,32.5866
hp-01352830-00894,RW,fast_crypto,1757549694,224,,10.5374,2.22003,2.70507,0.534398,56.8629,0,0,0,13.446,9.61293,0.59982,2.31166,0.964636,1.07476,5.5668,2.99887,2.56367,2.45757,7.24222,3.7108,4,47.6297
hp-01352830-00895,benign,sync_client,1757549695,0,,0.322055,2.47673,0.00298159,0.00610782,17.419,5.91591,0.738659,0.115823,0.194908,0,0.189442,2.04611,0,0,12.1193,4.52521,7.11982,0.981825,0,0,2,881.535
hp-01352830-00896,benign,sync_client,1757549696,0,,0.682847,1.16394,0.0223216,0.0402478,2.22284,4.17527,0.198997,0.34931,0.0578215,0,0.29268,2.17793,0,0,20.9915,2.86773,2.80765,0,0,0,3,643.117
hp-01352830-00897,benign,sync_client,1757549697,0,,4.7515,0.832345,0.01044,0.0331124,23.8233,6.71304,2.83588,0.0991841,0.0851989,1.02507,0.388868,4.19987,0,0,14.1738,3.37093,16.8775,0.958451,0,0,3,363.405
hp-01352830-00898,benign,office_workload,1757549698,1792,,0.0406478,2.9353,0.0335692,0.0551277,29.3388,3.7722,3.2782,0.800273,0,0,0,0,2.25009,0,0,1.59273,5.54786,0,0,0,1,627.704
hp-01352830-00899,RW,wiper_like,1757549699,0,,50.3381,0.97286,37.6299,0.875735,122.014,6.88601,0.343973,1.04339,15.2275,1.88263,0.544737,1.76203,2.1121,0,7.14399,3.13224,1.7812,1.661,0.914893,6.70058,4,21.0215
hp-01352830-00900,benign,office_workload,1757549700,114688,,0.478629,1.88364,0.0410718,0.0506883,12.363,6.6074,0.221261,0.233135,0.54507,0,0.107759,1.79495,1.02864,0,0,0,0,1.01383,0.9765,1.83711,2,179.428
hp-01352830-00901,benign,ambiguous:crypto_bulk,1757549701,114689,,0,0.975327,9.31142,0.404131,80.9385,5.60969,0.501618,2.79603,54.5299,3.31961,0.754675,2.09227,0.894572,0,0,0,0,2.16496,0.850986,2.83675,4,34.646
hp-01352830-00902,RW,double_extortion,1757549702,917728,,2.02622,1.48398,0.949509,0.194691,49.4417,0,0,0,3.71807,5.47841,0.621234,1.97746,2.77568,0,13.9072,5.61415,1.42151,0,0,0,4,318.938
hp-01352830-00903,benign,office_workload,1757549703,0,,0.672883,0.934719,0.0150213,0.0402179,23.0892,5.13358,0.402792,0.154359,0.0773977,1.11293,0.186615,0,0,0,1.72948,2.3946,0.296422,0,0,0,2,337.48
hp-01352830-00904,benign,backup_agent,1757549704,0,,0.527304,6.30008,0.0387377,0.019545,143.703,4.02262,1.21307,1.65848,0.196565,0,0.270044,2.38124,0,0,2.22868,3.93787,0.459678,2.12401,0,14.21,2,3431.39
hp-01352830-00905,RW,ambiguous:network_bulk,1757549705,114688,,1.35656,1.4954,0.605298,0.181705,28.242,3.47455,0.326037,1.53186,6.97018,2.07847,0.343907,0,0,0,0,0,0,0,0,2.36926,4,91.4722
hp-01352830-00906,benign,disk_encryptor,1757549706,0,,4.94276,0.543539,0.50102,0.138789,85.2118,8,0.703874,2.34526,32.7851,1.59984,0.601655,0,0,0,0.780026,3.10935,0.701823,0,0,0.877407,4,121.295
hp-01352830-00908,benign,installer,1757549708,0,,1.62576,2.18257,0.0133307,0.106988,13.5996,4.57078,0.821006,8,1.35438,0,0.0491618,13.0215,0,1.98101,1.27404,0.975533,0.618809,7.46123,0,0,3,87.4027
hp-01352830-00909,benign,installer,1757549709,917504,,7.63353,2.55179,0.0847821,0.357406,12.6172,3.8833,2.16132,1.28764,6.26763,0,0.272843,4.25305,0,1.116,0,0.231957,0.326899,0,0,0,3,85.1674
hp-01352830-00910,RW,fast_crypto,1757549710,0,,8.59202,0.836494,10.8074,0.38595,213.907,5.52232,0.10228,2.79165,10.0315,10.8675,0.547432,2.94962,0.85474,1.06377,2.53368,2.01234,2.35211,0.997188,2.09968,3.3104,4,50.065
hp-01352830-00911,benign,ambiguous:network_bulk,1757549711,224,,1.55403,1.46605,1.00293,0.242373,150.096,0,0,0,3.36713,1.78545,0.263934,2.18468,0,0,12.2265,3.7817,10.0846,1.01761,0,0.997684,3,245.324
hp-01352830-00912,benign,cleanup_utility,1757549712,0,,2.18506,2.00207,0.323781,0.202392,41.3829,7.20013,1.22768,0.853824,0.552169,1.15589,0.243642,3.39827,0,0,1.17869,2.83024,0.82126,0,7.28501,5.996,3,79.3251
hp-01352830-00913,benign,ambiguous:slow_bulk,1757549713,0,,0.702883,5.06511,0.259185,0.570555,43.5323,7.90304,0.585908,0.97189,1.05832,6.43105,0.268103,0,0,1.14496,1.86001,0.99293,0.462451,0,0.873195,8.19055,4,723.529
hp-01352830-00914,benign,ambiguous:slow_bulk,1757549714,0,,2.16009,1.67657,0.84985,0.211855,175.929,3.66431,0.38663,0.779498,1.4139,4.21037,0.148548,2.35903,0.914457,0,3.0606,2.73139,1.69544,0,0,7.04668,4,494.785
hp-01352830-00915,benign,sync_client,1757549715,255,,0,0,0,0,0,0,0,0,0.487046,0,0.0355757,0.940448,0,0.849607,20.0887,3.93532,3.23513,1.07128,0,0.964405,3,220.847
hp-01352830-00916,RW,ambiguous:crypto_bulk,1757549716,0,,5.23163,1.86586,0.597066,0.506239,53.2972,5.98187,0.341991,0.800611,26.1083,5.98803,0.527453,2.7028,0,0,10.0821,3.3854,1.38261,2.19706,2.15553,1.93248,4,108.574
hp-01352830-00917,RW,double_extortion,1757549717,0,,18.5035,1.48305,0.746713,0.602998,90.1134,6.65428,0.205748,3.45089,7.1025,6.26672,0.32201,2.89363,0.978682,0,12.1927,3.21843,18.4464,0,4.23505,5.27475,4,143.046
hp-01352830-00918,benign,installer,1757549718,0,,11.8019,3.04135,0.159753,0.0411219,37.2964,3.59516,0.662598,1.78825,4.76654,0,0.205449,14.1765,0,3.82485,0,2.20297,0.147882,1.0151,0,1.37522,4,21.5751
hp-01352830-00919,RW,ambiguous:slow_bulk,1757549719,224,,1.41822,1.27647,0.261069,0.727812,89.6208,0,0,0,0.397345,3.58543,0.229691,0,0.872545,0,4.85529,1.92735,1.89483,2.0903,0.982985,7.43753,2,1205.24
hp-01352830-00920,benign,sync_client,1757549720,0,,0.369096,1.27153,0.0220274,0.0657061,28.2105,2.55761,0.404233,0.921323,0.0439412,0,0.0390121,0,0,0,12.0581,4.00311,8.15217,0,0,1.96832,2,584.225
hp-01352830-00921,benign,ambiguous:slow_bulk,1757549721,0,,3.9589,1.23474,0.275593,0.429889,133.239,5.9278,0.497096,0.860509,1.24656,5.71912,0.612707,1.58414,1.08103,1.58884,1.06867,1.50333,0.601542,1.77854,0,10.0926,2,478.95
hp-01352830-00922,RW,fast_crypto,1757549722,0,,39.0859,0.451274,7.3793,0.506087,105.323,8,0.358902,3.09899,58.2934,1.90152,0.694504,2.48176,1.77881,1.10879,5.03879,4.64903,0.816971,0.985427,4.36016,2.79592,4,32.7141
hp-01352830-00923,RW,fast_crypto,1757549723,0,,10.4839,0.475905,1.90134,0.468486,273.061,6.96968,0.199489,1.47004,26.7825,6.1263,0.767438,3.18017,1.83063,0,6.45923,2.37337,1.21756,0,0,4.46324,4,40.389
hp-01352830-00924,benign,backup_agent,1757549724,0,,0.481318,0.695824,0.0349944,0.196025,156.027,5.32,0.602823,1.04216,0.0649652,0,0.322605,1.18032,0,0,4.05464,3.23099,0.336644,0.798352,1.04034,6.67209,4,2055.43
hp-01352830-00925,RW,double_extortion,1757549725,0,,2.26054,0.526946,5.74217,0.322815,75.0009,7.22201,0.301668,3.72138,14.8331,5.12088,0.472028,2.91937,1.27757,0,24.6253,3.40514,5.98799,0.950613,7.71988,3.45851,4,62.712
hp-01352830-00926,RW,fast_crypto,1757549726,0,,21.6729,2.38271,3.56043,0.516867,88.1258,7.70561,0.322373,1.27458,18.6163,2.9085,0.595741,0.847255,1.26057,0,1.77419,1.88927,2.72655,0.818175,1.77844,1.71841,4,24.7899
hp-01352830-00927,RW,fast_crypto,1757549727,0,,28.5174,0.599103,3.6716,0.52394,60.5822,8,0.247973,2.39039,66.1228,9.00772,0.653013,3.80944,0,0.796927,3.74297,2.92368,1.81744,1.56342,0.941607,4.16063,4,40.2495
hp-01352830-00928,benign,cleanup_utility,1757549728,0,,8.81927,2.40747,0.827834,0.0926618,147.765,3.55359,1.53327,0.655118,1.03896,0.932867,0.55514,1.95994,0,0,2.8864,1.09125,0.865009,0,6.4786,3.84139,4,47.6306
hp-01352830-00929,RW,wiper_like,1757549729,224,,25.3837,0.995472,6.6539,0.725632,91.2486,0,0,0,5.18216,0,0.507781,3.00621,4.70442,0,7.66145,3.60322,3.08221,0.922799,5.06931,1.03942,3,77.1411
hp-01352830-00930,benign,office_workload,1757549730,0,,0.10495,7.66694,0.00460893,0.0576521,7.76371,3.36169,0.648732,1.37684,0.0309299,0,0.302713,0.947557,0,0,1.9369,1.04781,1.08698,0,1.00522,0,2,586.741
hp-01352830-00931,benign,installer,1757549731,0,,1.45088,6.28171,0.0581309,0.116366,13.863,7.8288,0.475214,1.34502,5.049,0,0.229835,5.34411,0,2.01374,1.83175,1.54931,1.13559,3.42717,0,1.14654,4,130.012
hp-01352830-00932,benign,cleanup_utility,1757549732,0,,0.289479,1.17097,0.916957,0.429184,32.097,3.65889,1.85437,0.449673,0.327194,0,0.189,0,0,0,0.968659,2.07667,0.625292,0,0,5.80374,3,400.86
hp-01352830-00933,RW,fast_crypto,1757549733,0,,26.8455,0.328519,7.76644,0.635003,39.9411,6.2487,0.471439,2.96053,40.9418,3.36497,0.71624,2.7739,0,2.18402,6.23587,3.75289,4.82447,1.97476,1.06728,2.86942,4,29.8553
hp-01352830-00934,RW,ambiguous:crypto_bulk,1757549734,0,,30.687,1.99757,3.24663,0.543099,150.839,6.27995,0.3125,2.83821,80.5009,6.26263,0.516618,3.07067,0,0.833316,6.36302,1.76091,3.4612,0,0,1.89303,4,38.5634
hp-01352830-00935,benign,sync_client,1757549735,14336,,0.255789,2.0565,0.149565,0.0335339,3.12285,4.97971,0.392664,1.15318,0.0697998,0.932077,0.0599293,0,0,0,16.5553,3.65116,1.44018,0,0,4.78907,2,790.251
hp-01352830-00936,RW,ambiguous:crypto_bulk,1757549736,224,,11.7937,2.32264,4.11213,0.543937,67.8215,0,0,0,12.7192,5.58435,0.808345,0.913007,0,0,5.69924,1.76366,1.02283,0,1.78152,2.49489,3,72.3976
hp-01352830-00937,RW,low_and_slow,1757549737,224,,0.460065,1.74422,0.0549039,0.280279,103.97,0,0,0,0.52714,6.44758,0.872336,2.56,1.45173,2.83716,3.03604,3.51928,1.64122,0,0,0.986324,4,603.779
hp-01352830-00938,RW,low_and_slow,1757549738,0,,0.578961,0.553062,0.218447,0.433347,71.4932,7.66426,0.47805,2.59894,1.36123,4.93575,0.474344,3.49451,0.90358,3.39656,2.56536,3.70982,4.83051,1.57542,2.88762,0,4,675.479
hp-01352830-00939,RW,wiper_like,1757549739,917504,,51.2285,0.726891,11.52,0.439963,184.306,8,0.262585,2.19543,2.26937e+06,0,0.830662,1.5843,1.07862,2.33725,4.70802,2.21442,0.978148,0,0,0,4,50.976
hp-01352830-00940,benign,office_workload,1757549740,0,,0.0920101,1.68212,0.0044276,0.179255,21.7496,3.9047,1.38039,0.366889,0.109435,0.880869,0.559992,0,0,0,0.820769,1.75824,0.674549,0,0,0.839583,1,1085.65
hp-01352830-00941,RW,low_and_slow,1757549741,0,,0.160505,0.707286,0.0172975,0.46189,18.5624,8,0.141539,1.57296,0.204196,2.96947,0.12056,2.04916,2.08298,1.96447,4.09608,3.42335,2.09463,1.76586,0.841877,2.58107,4,1230.71
hp-01352830-00942,benign,disk_encryptor,1757549742,0,,19.1966,0.268953,0.581997,0.453777,134.81,6.33178,0.319631,2.02422,14.1922,4.47831,0.464578,0,0,0,1.1918,3.96448,2.11267,0,0,1.17621,4,60.1516
hp-01352830-00943,RW,wiper_like,1757549743,224,,47.8528,0.467562,20.9015,0.295466,151.768,0,0,0,9.70285,0,0.752842,2.71734,0,0,3.59762,3.61648,4.04468,0,3.34572,2.73283,4,24.0764
hp-01352830-00944,RW,wiper_like,1757549744,931840,,30.4574,0.919864,13.447,0.564878,44.6689,6.98938,0.159944,1.34875,4.92983,0,0.636664,0,0,0,3.82901,2.45081,0.471108,0,0,0,4,42.2945
hp-01352830-00945,benign,sync_client,1757549745,114688,,1.57315,2.81195,0.00828442,0.00763285,18.7709,3.25786,0.329475,0.959733,0.311451,0,0.570634,1.04645,0,0,0,0,0,0,0,0.976583,1,1913.61
hp-01352830-00946,benign,sync_client,1757549746,0,,0.853642,0.506712,0.00772106,0.113747,23.1526,6.2405,0.435977,0.595766,0.0462181,0.848573,0.118743,1.57144,0,0,13.9441,4.40286,26.1811,0,0,0.998366,2,934.053
hp-01352830-00947,benign,ambiguous:slow_bulk,1757549747,0,,2.55891,1.60217,0.601978,0.238826,142.484,7.07224,0.489068,1.00334,2.01494,0,0.498215,1.9124,0.962074,0,1.66546,2.63693,1.60469,0,1.22812,9.81324,4,411.557
hp-01352830-00949,RW,fast_crypto,1757549749,917504,,3.54451,0.311086,5.03433,0.598926,62.9357,8,0.166277,3.09956,12.4612,1.19416,1,1.088,0,3.19,5.26146,3.33802,5.88184,0,0,0,4,76.8716
hp-01352830-00950,benign,ambiguous:crypto_bulk,1757549750,14336,,4.36998,1.13615,0.667791,0.610721,85.4464,7.53415,0.273146,2.84549,4.24529,7.04564,0.724937,0,0,0,3.63591,1.43581,1.86599,0.949573,3.0104,3.74245,4,152.446
hp-01352830-00951,benign,office_workload,1757549751,919296,,0.0544597,7.48956,0.00568354,0.087616,10.1799,2.09337,3.42965,0.0859876,0,0,0,0,0,0,0,2.06577,1.26273,0,0,0,2,419.327
hp-01352830-00952,RW,double_extortion,1757549752,0,,0.737507,2.42262,0.842919,0.601006,255.385,8,0.277553,3.81499,8.06435,2.49954,0.650557,2.16005,0,2.24535,21.6875,4.18378,4.9616,1.89848,1.92449,2.0887,4,439.481
hp-01352830-00953,RW,wiper_like,1757549753,0,,24.2567,0.823478,5.69171,0.646823,144.317,6.43798,0.30168,2.06358,2.76714,0,0.431511,0.978489,0,3.1527,2.63534,3.38675,9.27605,1.02645,3.46056,4.33093,4,30.7789
hp-01352830-00954,RW,ambiguous:crypto_bulk,1757549754,0,,32.7106,1.03728,3.23423,0.632376,140.761,7.35317,0.267295,1.13097,35.6693,4.63373,0.515717,2.5261,1.08036,1.08077,2.29771,1.87011,1.22329,2.50336,1.00895,0,4,63.7523
hp-01352830-00955,RW,ambiguous:network_bulk,1757549755,0,,0.208175,4.54375,0.192142,0.320341,25.4525,7.00771,0.481146,2.16178,1.37094,4.46525,0.46295,0.903657,0.983073,1.94437,24.365,3.54451,9.61746,2.81036,1.83962,2.79525,4,281.262
hp-01352830-00956,RW,low_and_slow,1757549756,0,,0.583064,0.194736,0.149877,0.669257,91.2452,4.60152,0.382212,1.66106,0.524067,8.25827,0.751223,2.47632,0.994649,1.00253,0.90928,3.45536,1.65487,1.03444,0.889279,1.88328,4,1054.81
hp-01352830-00957,RW,ambiguous:network_bulk,1757549757,917504,,1.80438,4.52863,0.529642,0.431871,6.24132,7.26658,0.387575,0.93768,5.07431,2.71541,0.480729,1.9901,0.845523,0,17.9403,4.29079,6.36178,0,0,0,4,153.474
hp-01352830-00958,RW,low_and_slow,1757549758,917504,,0.806039,0.880228,0.214869,0.490499,83.6233,8,0.234997,2.53667,0.815034,7.40707,0.702203,1.92208,3.85049,2.26003,7.51236,2.43209,4.18834,0,0,0,4,247.449
hp-01352830-00959,RW,ambiguous:slow_bulk,1757549759,1792,,2.57944,1.44984,0.390052,0.374637,115.162,8,0.45033,1.99729,0,0,0,1.75341,0.82508,0,3.3295,3.02232,2.98843,0.961086,1.09672,6.65838,4,176.025
hp-01352830-00960,benign,cleanup_utility,1757549760,31,,0,0,0,0,0,5.49163,2.12118,0.241083,0.314357,0,0.208746,0,0.973526,0,0,1.3871,0.161175,1.03443,5.09455,4.56151,2,302.388
hp-01352830-00961,benign,backup_agent,1757549761,224,,1.22912,1.96088,0.164695,0.298977,89.1555,0,0,0,385955,0,0.0801041,0.862009,0,0,1.81723,2.47173,0.889324,1.15347,1.26599,10.6497,4,404.863
hp-01352830-00962,RW,fast_crypto,1757549762,31,,0,0,0,0,0,6.28969,0.363096,1.86474,49.7843,10.4015,0.3675,3.55016,0,1.09775,7.20738,2.45608,1.86234,1.97371,1.01392,3.82869,4,44.2734
hp-01352830-00963,RW,double_extortion,1757549763,0,,5.41648,1.47558,3.205,0.71536,83.8096,6.92241,0.878452,2.67549,7.76609,0.979181,0.608181,1.7566,1.20929,0,18.3668,3.70186,2.40659,0.908166,1.72478,3.93168,4,122.149
hp-01352830-00964,benign,office_workload,1757549764,14336,,0.503268,0.513434,0.0210434,0.0806463,5.18183,6.59779,1.12878,1.43213,0.232399,0.921546,0.190688,0,0,0,1.07058,2.35231,2.60932,1.07272,1.0246,0,2,90.3425
hp-01352830-00965,benign,ambiguous:crypto_bulk,1757549765,224,,11.2362,0.505217,1.29414,0.722654,78.8953,0,0,0,37.7323,4.6297,0.478722,0,1.108,0.868941,8.44141,2.04824,0.239483,0.911556,1.19207,2.00455,4,67.1458
hp-01352830-00966,benign,office_workload,1757549766,0,,2.24746,2.30696,0.00283734,0.215536,6.5741,4.41505,1.14294,0.952806,1.21504,0,0.446034,1.17909,0,0,0,0.539006,2.4052,0,0,1.09823,2,345.688
hp-01352830-00967,benign,cleanup_utility,1757549767,0,,11.9139,1.58834,1.96229,0.276069,43.9352,5.75087,0.306795,0.310668,0.746798,1.29787,0.127413,2.24918,0,0,2.0265,3.70541,0.435044,0,4.12909,7.3164,3,64.8472
hp-01352830-00968,benign,installer,1757549768,0,,19.5611,2.14697,0.0599969,0.0474733,19.1246,3.6478,0.891712,2.01044,17.0962,0,0.0972347,8.14606,0,0.908878,0,1.22818,0.420987,2.10318,0,0,3,43.1626
hp-01352830-00969,RW,ambiguous:network_bulk,1757549769,14367,,0,0,0,0,0,5.71252,0.304685,2.68333,3.84971,1.7825,0.346074,0,0,0,16.7314,3.02701,5.44579,0,0.927219,4.73995,4,790.002
hp-01352830-00970,RW,fast_crypto,1757549770,1792,,15.4979,1.19422,5.20774,0.685292,118.707,5.27764,0.296728,3.86524,0,0,0,0.914182,0.961599,0,7.41733,2.01934,6.50998,1.59331,3.29487,6.82855,4,29.4334
hp-01352830-00971,benign,installer,1757549771,224,,10.472,1.19709,0.0421967,0.158773,12.4394,0,0,0,0.901591,0,0.316071,9.31853,0.958534,1.12111,0.863039,2.18829,2.52214,4.72977,0,0,3,104.583
hp-01352830-00972,RW,low_and_slow,1757549772,0,,0.395456,0.483485,1.3916,0.537446,199.831,5.72605,0.158414,1.39956,1.62118,7.94316,0.589064,3.33207,1.10926,0.961091,1.18766,3.19675,7.76101,2.17985,3.53243,2.64583,4,754.157
hp-01352830-00973,benign,ambiguous:slow_bulk,1757549773,16159,,0,0,0,0,0,5.9581,0.956532,2.02088,0,0,0,0,0,0,1.83104,2.77235,1.29434,0,0.954383,9.12619,4,1051.98
hp-01352830-00974,RW,double_extortion,1757549774,0,,1.3548,1.79807,0.310904,0.45797,166.425,6.7893,0.290775,1.57769,2.91024,1.67589,0.838515,2.33951,2.31919,0.971266,17.5568,3.78257,3.45296,1.01063,1.1112,4.32381,4,389.66
hp-01352830-00975,benign,disk_encryptor,1757549775,0,,4.45897,3.469,0.782043,0.31794,196.096,6.23932,0.52194,2.07886,34.9284,4.91053,0.239209,0,1.07789,0,0.941027,3.64072,0.386235,1.27617,0,0,2,140.95
hp-01352830-00976,benign,office_workload,1757549776,0,,0.0707806,2.49722,0.00700417,0.0892172,16.7122,2.65169,1.07116,0.372606,0.0924423,0,0.165789,0.913416,0,0,0,1.90803,0.303667,0,0,0,2,480.634
hp-01352830-00977,RW,fast_crypto,1757549777,932064,,21.2144,0.600234,0.97479,0.311221,90.3094,0,0,0,15.7487,3.65524,0.583227,0,0,0,6.17159,2.9935,0.839226,0,0,0,4,88.6602
hp-01352830-00978,benign,ambiguous:slow_bulk,1757549778,114688,,2.73835,3.08057,0.096476,0.512858,193.118,4.01204,1.01644,0.504595,1.25125,6.71369,0.669774,1.22347,0,0,0,0,0,3.00298,0,9.29052,2,1019.68
hp-01352830-00979,benign,ambiguous:network_bulk,1757549779,1792,,1.12889,2.28983,0.166026,0.281274,40.8838,4.58529,0.837207,1.09883,0,0,0,0,0,0,21.9714,3.34716,4.4107,0,1.2218,0,4,275.006
hp-01352830-00980,benign,disk_encryptor,1757549780,0,,6.38784,1.43659,2.97376,0.302525,48.8975,7.62739,0.345869,0.790996,30.2528,2.8047,0.375954,1.66905,0,0,0,2.55385,0.341438,0,0,0,3,62.3642
hp-01352830-00981,benign,backup_agent,1757549781,0,,6.50888,2.49848,0.5813,0.30579,152.715,8,0.847856,2.84195,0.531963,1.87635,0.38356,0,0,0,0,2.33282,0.865174,0,0,5.58884,3,187.861
hp-01352830-00982,benign,ambiguous:slow_bulk,1757549782,0,,1.16314,2.8073,0.194861,0.210576,227.014,5.87932,0.579144,1.19819,4.31487,4.54564,0.807868,0,0,0,1.91679,1.97872,0.654201,0,0,6.83704,4,391.972
hp-01352830-00983,benign,disk_encryptor,1757549783,224,,14.0142,1.32657,0.807538,0.845438,86.4924,0,0,0,27.0125,0.87428,0.815821,1.72197,0,0,1.09113,2.51872,0.501894,0,0,0,3,76.8967
hp-01352830-00984,RW,double_extortion,1757549784,917504,,2.40485,1.83056,0.779086,0.315282,135.199,6.88568,0.248512,2.42602,2.39808,3.12441,0.618109,2.87251,0,1.24846,20.315,4.26839,9.73837,0,0,0,4,364.901
hp-01352830-00985,benign,ambiguous:crypto_bulk,1757549785,0,,27.0886,0.596243,3.49218,0.346976,159.769,7.47006,0.143032,2.25047,40.4056,2.73982,0.773935,2.00398,0,0,4.50039,3.49165,0.434391,0,0.833292,0,4,30.581
hp-01352830-00986,RW,fast_crypto,1757549786,0,,12.7197,0.940973,1.8202,0.442947,64.9845,7.02874,0.538728,1.87515,42.7037,5.29027,0.866453,2.00727,3.03623,0,8.34896,2.49732,5.91588,1.07235,2.49842,5.23209,4,52.5919
hp-01352830-00987,benign,backup_agent,1757549787,114688,,0.422032,1.97049,0.0453565,0.367958,105.576,2.38757,2.14256,1.1552,0.370926,0.980077,0.269621,0,0,0,0,0,0,0,1.15561,9.4439,3,1911.46
hp-01352830-00988,benign,ambiguous:network_bulk,1757549788,0,,3.00986,2.12371,0.791617,0.674693,117.261,4.32388,1.81155,1.11348,13.3403,1.99407,0.354111,0.900245,2.03512,0,20.3129,4.51248,1.44346,0,3.18229,3.98066,3,545.873
hp-01352830-00989,benign,office_workload,1757549789,114688,,0.398247,2.98483,0.0122893,0.416286,12.7648,1.41296,0.499409,0.300111,1.29497,2.07495,0.363594,0.957729,0,0,0,0,0,0,0,1.93995,1,317.1
hp-01352830-00990,RW,fast_crypto,1757549790,917504,,6.85379,0.538853,2.98462,0.844027,90.46,8,0.205646,2.96635,64.1591,5.88753,0.501909,3.25456,1.04012,2.10946,4.43367,3.7238,2.15905,0,0,0,4,39.8735
hp-01352830-00991,benign,disk_encryptor,1757549791,1792,,9.34912,0.88042,7.40545,0.533119,48.1747,7.36647,0.182725,1.96504,0,0,0,4.43171,0,0,1.0116,1.66138,0.783803,0,0,0,3,72.5084
hp-01352830-00992,RW,low_and_slow,1757549792,917504,,0.21272,0.742365,0.625081,0.296113,141.157,6.78179,0.417263,2.93173,1.08473,5.90778,0.387746,0.932815,2.81436,0.895712,5.70975,3.10578,2.66894,0,0,0,4,578.16
hp-01352830-00993,benign,office_workload,1757549793,0,,0.295552,5.72177,0.0313819,0.304731,14.2927,5.31223,0.914218,0.672458,0.159487,0,0.651364,1.9515,1.09724,0,1.08561,3.13254,0.181919,0,0,0,3,331.955
hp-01352830-00994,benign,sync_client,1757549794,0,,0.564529,3.09354,0.00289223,0.0471436,5.48915,5.40958,1.85493,0.554933,0.03011,0,0.249091,1.83486,0.968548,0,32.5792,4.04339,5.77799,0,0,0,3,1450.5
hp-01352830-00995,RW,ambiguous:network_bulk,1757549795,0,,7.23878,1.07505,0.718279,0.363618,48.3158,5.88623,0.329867,0.905874,2.25609,1.88118,0.455056,1.1,1.24747,0,23.1126,4.23841,4.99069,0,0.942714,0.807716,4,132.414
hp-01352830-00996,RW,wiper_like,1757549796,0,,10.0945,0.684424,2.04851,0.18931,47.4285,8,0.148162,2.26385,1.35593,0,0.462456,0.799009,0,0,5.43354,4.30191,1.90471,3.2975,3.12435,4.69498,4,79.1807
hp-01352830-00997,benign,backup_agent,1757549797,114688,,1.01123,3.65827,0.0968556,0.500009,40.7546,5.09605,0.550909,1.26193,1.2672,2.73386,0.323673,1.98671,0,0,0,0,0,1.32658,4.12988,12.5164,2,1325.81
hp-01352830-00998,benign,cleanup_utility,1757549798,14336,,2.79521,2.21646,0.031085,0.336155,57.3176,5.42275,0.437961,0.267995,2.2021,1.01274,0.126143,0,0,0,2.73188,3.88086,0.375822,0,1.59816,6.26829,4,128.101
hp-01352830-00999,benign,ambiguous:slow_bulk,1757549799,0,,2.77917,2.87742,0.143231,0.450421,165.599,5.86695,0.247665,1.40824,1.1253,3.17741,0.613905,3.45628,0,2.06801,3.24236,1.15402,1.94114,1.06441,0,9.55894,3,524.064
hp-01352830-01000,benign,cleanup_utility,1757549800,0,,1.51318,2.13147,0.0224593,0.26527,104.69,4.59446,0.983696,2.32666,1.05336,0,0.0463125,0,0,0,0.915449,2.81672,0.244369,0,1.16655,6.59271,3,283.788
hp-01352830-01001,benign,ambiguous:slow_bulk,1757549801,0,,0.592944,1.63953,0.0692469,0.41902,78.9442,5.48892,0.522643,3.86208,0.492297,1.94916,0.523738,1.09873,0,0,1.143,2.96457,0.819301,0,0,7.36974,4,394.139
hp-01352830-01002,RW,fast_crypto,1757549802,0,,4.74696,0.963778,1.449,0.6045,121.442,6.97028,0.189443,5.77888,8.34919,5.3395,0.833444,2.04235,0,1.14277,5.85526,3.04784,1.56649,1.75754,1.03938,2.04604,4,140.222
hp-01352830-01003,benign,ambiguous:slow_bulk,1757549803,14336,,1.90399,3.3313,0.166476,0.318781,94.9448,4.45985,0.468755,4.78209,0.325103,2.59377,0.25982,0,0,0,1.82323,4.06993,1.6641,0.993282,0,2.77438,4,293.616
hp-01352830-01004,benign,installer,1757549804,114688,,2.05298,1.84271,0.216125,0.065081,12.4906,5.2787,0.932126,0.194684,1.50768,0,0.143057,13.4409,0,2.40647,0,0,0,4.96336,0,1.14605,2,149.607
hp-01352830-01006,RW,double_extortion,1757549806,0,,4.27202,1.43017,1.87183,0.565138,175.173,7.26518,0.410016,1.27436,33.075,7.90451,0.429725,3.25691,1.63101,2.07609,18.3855,3.57143,9.59875,1.33141,3.27786,0,4,92.6531
hp-01352830-01007,RW,ambiguous:network_bulk,1757549807,114688,,0.67941,0.902213,0.521584,0.436654,102.342,5.67202,0.367397,2.27764,1.28888,0.978629,0.36916,0,1.12837,0,0,0,0,0,1.05746,2.12658,3,147.614
hp-01352830-01008,RW,low_and_slow,1757549808,14336,,1.84877,0.57395,0.977593,0.670963,87.9662,8,0.168691,1.49858,2.23908,6.02137,0.660538,0,0,0,2.15967,5.03248,4.20627,2.14999,0,4.15112,4,190.761
hp-01352830-01009,RW,wiper_like,1757549809,114688,,13.5523,0.822449,6.36855,0.716302,58.5648,8,0.225552,2.83478,1.64058,0,0.538323,2.6923,1.87823,1.97662,0,0,0,0,4.64122,1.03397,3,190.548
hp-01352830-01010,RW,wiper_like,1757549810,114688,,20.7151,0.69831,14.9447,0.608322,101.045,5.79051,0.275344,2.06559,15.3678,0,0.693365,1.74722,2.5007,2.04019,0,0,0,0.984444,1.00937,3.4041,4,20.887
hp-01352830-01011,RW,wiper_like,1757549811,14336,,7.55789,0.605152,8.27465,0.450869,40.8979,8,0.400445,3.93892,3.18993,1.1946,0.729447,0,0,0,6.77366,3.63411,2.11961,1.81967,2.53423,1.217,4,49.2617
hp-01352830-01012,RW,ambiguous:slow_bulk,1757549812,114688,,3.23636,3.23375,0.423205,0.371793,171.315,4.00734,0.400083,2.4796,1.79113,3.09301,0.392273,0.880429,0,0,0,0,0,0,1.19431,9.99911,4,441.319
hp-01352830-01013,benign,disk_encryptor,1757549813,224,,2.52596,1.84904,0.268322,0.20548,21.256,0,0,0,17.5023,9.27259,0.502344,4.05189,0,0,1.67311,1.89123,0.342205,0.9494,0,0,3,193.123
hp-01352830-01014,benign,sync_client,1757549814,114688,,3.38508,2.62586,0.00404389,0.0908409,8.26996,5.62818,0.705795,0.98102,0.0871435,0.948728,0.204757,1.09087,0,0,0,0,0,2.06682,0,0,3,471.503
hp-01352830-01015,RW,ambiguous:slow_bulk,1757549815,0,,0.407738,2.06646,0.123007,0.415454,196.884,5.24059,0.706489,4.50552,0.572309,3.41037,0.71566,0.918439,0,1.02425,2.29217,3.29129,1.20812,3.30499,0.91952,5.12437,4,1192.26
hp-01352830-01016,RW,double_extortion,1757549816,917504,,5.13095,1.57536,0.735671,0.579005,195.294,6.37178,0.47852,5.02005,19.336,3.78826,0.379936,3.07742,2.30523,0,13.892,4.73366,9.32399,0,0,0,4,67.5728
hp-01352830-01017,RW,wiper_like,1757549817,0,,40.7953,1.13102,2.64295,0.427491,160.638,5.86409,0.239554,2.5272,21.0922,1.05507,0.536081,4.91642,1.07191,0.957421,11.8771,4.05106,5.4809,0,1.38761,1.56636,4,35.5926
hp-01352830-01018,RW,double_extortion,1757549818,0,,10.5017,3.50358,4.20418,0.870706,93.4393,8,0.430974,1.53653,13.6393,3.31145,0.652701,2.01835,0,0,21.6338,5.66823,6.14403,0,2.35653,1.68125,4,74.8328
hp-01352830-01019,RW,fast_crypto,1757549819,14336,,10.6192,1.28037,0.836143,0.774153,73.2258,6.85085,0.32658,2.68836,63.568,6.30262,0.412064,0,0,0,2.62285,3.68764,4.39425,2.92324,4.81842,4.79462,4,51.4203
hp-01352830-01020,RW,fast_crypto,1757549820,0,,6.22464,0.379138,2.81812,0.890293,60.6482,7.07721,0.237692,2.56795,16.3381,8.57647,0.366322,2.73691,1.80682,1.07388,5.04638,2.27427,3.85235,3.90667,0,6.8921,4,100.038
hp-01352830-01021,RW,double_extortion,1757549821,1,,0,1.41514,0.494747,0.559772,150.959,4.14899,0.366642,1.44712,3.08451,6.36773,1,4.32026,0.900223,3.29385,17.0852,2.73053,3.96303,3.29424,7.57867,1.95176,4,235.352
hp-01352830-01022,RW,ambiguous:slow_bulk,1757549822,0,,0.5983,2.17385,0.111062,0.20014,170.55,6.02902,0.503817,2.58194,0.711182,1.98051,0.561557,1.949,0,0,2.92817,1.82657,1.53969,1.64613,1.78554,6.7378,2,1947.79
hp-01352830-01023,benign,ambiguous:crypto_bulk,1757549823,14336,,17.4375,1.78129,0.322465,0.923552,79.9976,8,0.334405,2.14542,654008,2.02905,0.577781,0,0,0,2.61887,2.33456,0.695906,1.93743,1.8657,2.99746,4,103.937
hp-01352830-01024,RW,ambiguous:network_bulk,1757549824,917504,,0.934196,3.52823,2.90416,0.400565,40.1534,5.94462,0.899039,1.26488,8.26863,2.09734,0.502783,2.09435,0.912636,0,17.4857,3.65546,7.28534,0,0,0,3,229.594
hp-01352830-01025,benign,office_workload,1757549825,1,,0,3.49275,0.0219439,0.257841,15.743,2.22809,1.466,0.731563,0.447353,0,0.200507,1.99638,0.935503,0,3.26579,2.98608,0.374274,0,0,2.17887,1,702.245
hp-01352830-01026,benign,installer,1757549826,0,,4.75371,1.52262,0.093559,0.0533997,8.13249,6.14832,0.339194,1.37365,3.20709,1.18053,0.276613,4.75868,0.871529,0.87662,0,1.81136,1.10164,5.82371,0,0,4,32.7568
hp-01352830-01027,benign,backup_agent,1757549827,917504,,1.49995,1.64367,0.12177,0.487791,66.4591,7.87197,3.38236,1.15391,0.19853,0,0.452368,0,0,0,2.49651,2.86146,0.690939,0,0,0,3,632.4
hp-01352830-01028,RW,double_extortion,1757549828,0,,4.71711,2.24319,5.00763,0.701426,205.68,6.31263,0.168538,6.22642,12.5775,5.51262,0.586853,0,2.26441,0,19.3618,4.87316,3.19431,2.08349,3.25946,5.18247,4,157.235
hp-01352830-01029,benign,office_workload,1757549829,0,,0.278475,1.75971,0.0112565,0.040148,18.5915,2.34555,1.14323,0.676503,0.215088,0,0.110714,0,0,0,3.8646,0.923105,1.48379,0.735114,0,0,2,402.249
hp-01352830-01030,benign,office_workload,1757549830,0,,0.128963,3.22051,0.0351909,0.113104,15.6442,4.50545,1.15965,0.129283,0.452641,1.14782,0.418659,0,0,0,1.72799,1.16699,3.18663,0,0,0.99016,2,228.886
hp-01352830-01031,benign,disk_encryptor,1757549831,1792,,33.8243,1.73035,4.63631,0.234852,194.515,6.78647,0.318631,1.89221,0,0,0,0.892407,0,0,0.865048,1.33535,0.424309,0.977943,0,0,3,30.912
hp-01352830-01032,benign,installer,1757549832,0,,5.69742,2.67211,0.142258,0.0120526,4.97695,3.89222,0.3918,2.68655,3.28155,0,0.205092,8.36174,0,0,0,0.657454,1.40893,2.92529,0,0.942545,2,86.2547
hp-01352830-01033,benign,ambiguous:crypto_bulk,1757549833,919296,,10.2863,0.307486,6.05524,0.469588,77.7229,7.46176,0.449818,1.68204,0,0,0,1.09753,0.98279,1.02734,1.06123,3.41904,0.916691,0,0,0,4,67.4178
hp-01352830-01034,benign,ambiguous:network_bulk,1757549834,0,,1.62384,4.8354,0.859277,0.118043,83.7697,6.20208,0.620472,2.19653,4.54798,0.986877,0.0726997,0.89793,0,0,17.1151,3.81614,7.95446,2.05453,2.20638,1.0029,4,293.12
hp-01352830-01035,RW,fast_crypto,1757549835,0,,27.5066,0.831382,9.04733,0.8386,39.23,7.08944,0.639615,4.64189,74.2038,3.99514,0.746501,1.95823,1.20759,1.16309,8.55251,3.55016,1.15608,1.93086,1.13187,3.75673,4,16.1764
hp-01352830-01036,benign,cleanup_utility,1757549836,224,,2.00205,1.6519,0.873388,0.259364,151.395,0,0,0,0.483076,0,0.138816,1.75539,0,0,1.94111,3.53619,1.23703,1.18692,5.93947,4.26257,4,117.809
hp-01352830-01037,benign,office_workload,1757549837,2016,,0.0857909,2.15833,0.00349779,0.211407,1.5086,0,0,0,0,0,0,0,0,0,1.03802,3.10602,0.638534,0,0,1.02455,2,988.691
hp-01352830-01038,RW,double_extortion,1757549838,14336,,1.14553,0.92226,0.656527,0.689895,192.594,6.48157,0.102912,2.20774,5.25731,8.02337,0.380093,0,0,0,21.3965,3.84236,4.49855,1.83404,1.81516,2.55117,4,251.346
hp-01352830-01039,benign,cleanup_utility,1757549839,14336,,5.30336,3.97106,0.154209,0.19943,74.5075,4.32653,0.357438,0.078716,0.189596,1.21662,0.23203,0,0,0,0,1.78358,0.519346,0,1.02693,6.25414,3,308.096
hp-01352830-01040,RW,ambiguous:slow_bulk,1757549840,919296,,2.41405,1.57774,0.0981639,0.384242,245.428,7.29779,0.389711,2.06523,0,0,0,0,0,0.800487,3.23197,1.39546,3.17204,0,0,0,4,159.642
hp-01352830-01041,benign,office_workload,1757549841,0,,0.0762949,3.36526,0.0081907,0.0381942,2.37666,6.27866,2.9778,1.31814,0.0685686,2.08178,0.239582,2.27878,0,0,0.960039,1.71733,0.100861,0,0,0.915009,2,1121.13
hp-01352830-01042,RW,wiper_like,1757549842,0,,57.5607,0.368525,25.2618,0.741191,151.027,8,0.603753,2.22693,26.3566,2.07417,0.834832,0.818305,1.30727,0,7.70739,2.58218,4.23554,1.27458,2.05095,3.85891,4,27.467
hp-01352830-01043,RW,ambiguous:slow_bulk,1757549843,114689,,0,3.07499,0.190688,0.432895,493.68,7.7208,0.765118,2.18382,0.316327,2.32187,0.468941,1.86456,0,0,0,0,0,0.97795,1.07264,10.4376,4,1146.79
hp-01352830-01044,benign,office_workload,1757549844,0,,0.0957435,5.8682,0.00595171,0.0481054,20.2299,4.1755,2.49744,0.194934,0.0782286,0.855738,0.27849,0.977737,0,0,1.03036,2.13772,0.408773,0,0,1.08004,1,1314.68
hp-01352830-01046,benign,installer,1757549846,0,,31.3535,1.03417,0.735605,0.114765,41.8714,3.59773,0.256168,0.974608,10.3614,0,0.0846165,14.4943,0,1.24626,1.62658,1.69624,3.70835,6.69847,1.24408,0.938381,2,51.2537
hp-01352830-01047,RW,wiper_like,1757549847,0,,26.9139,1.38317,11.6346,0.56935,112.154,7.88993,0.314422,4.02741,4.17661,0.970617,0.668169,3.089,0,0,3.3541,2.36886,1.20625,2.0424,4.36507,5.15748,4,42.6433
hp-01352830-01048,RW,ambiguous:slow_bulk,1757549848,114688,,1.60176,2.28815,0.0786334,0.18047,101.851,6.38894,0.310161,1.298,0.447746,3.32228,0.629801,0,1.08466,0,0,0,0,0,0,3.59223,4,636.761
hp-01352830-01049,benign,ambiguous:slow_bulk,1757549849,0,,1.31412,0.556492,0.0793205,0.430184,214.17,5.58869,1.01259,5.69358,2.26154,4.16538,0.608884,3.09655,0,1.0002,1.08367,3.98164,0.437394,0,1.24202,5.9411,4,610.942
hp-01352830-01050,RW,double_extortion,1757549850,0,,1.75734,1.30116,0.89311,0.934835,154.676,6.98478,0.30038,5.47834,3.13769,6.95283,0.677482,0,1.06018,1.0568,16.3949,4.94776,7.58834,1.16497,3.69253,8.20542,4,344.369
hp-01352830-01051,benign,ambiguous:slow_bulk,1757549851,0,,8.71673,1.1749,0.0878587,0.474242,121.667,8,0.299777,2.5021,3.11645,5.30041,0.765067,1.16593,1.02673,0,0.826151,2.43643,6.36906,0.960854,0.828364,2.90314,3,405.091
hp-01352830-01052,RW,ambiguous:network_bulk,1757549852,114688,,2.40329,1.74483,0.836079,0.0665308,137.584,4.28147,0.704047,5.43905,25.5693,3.3369,0.406809,5.52326,1.21722,0,0,0,0,1.13515,0,2.1778,3,104.806
hp-01352830-01053,RW,double_extortion,1757549853,0,,1.11456,1.63861,1.46473,0.651625,384.411,8,0.344109,3.71008,6.8245,0.897234,0.762986,1.86468,0,1.03882,23.5691,4.71302,7.16483,1.13562,1.10767,2.72247,4,236.252
hp-01352830-01054,benign,backup_agent,1757549854,114688,,3.96385,5.95693,0.124243,0.627393,123.38,8,0.801711,3.56519,0.973362,0,0.296586,1.0677,0,0,0,0,0,0,1.81762,10.0563,3,661.608
hp-01352830-01055,RW,wiper_like,1757549855,0,,50.0607,0.681748,17.8063,0.757106,218.189,5.38557,0.280602,3.54285,7.76136,0,0.560544,1.06136,0.9301,1.05579,10.1797,2.76188,1.32296,1.18455,0.945725,3.93814,4,18.7685
hp-01352830-01056,RW,wiper_like,1757549856,14336,,13.5775,1.47354,20.4379,0.235112,55.0939,7.38038,0.350577,1.79005,9.36713,0,0.617633,0,0,0,9.45046,4.69421,2.51657,1.66721,1.75882,5.47336,4,59.446
hp-01352830-01057,RW,double_extortion,1757549857,0,,2.82352,1.26938,0.780022,0.390534,84.3896,7.67792,0.220173,0.761188,1.41919,8.75442,0.381302,1.05023,0.926267,0,21.5548,5.85704,8.43895,0.94397,2.07096,10.2182,4,383.419
hp-01352830-01058,benign,office_workload,1757549858,0,,0.320371,16.6237,0.0384373,0.015058,18.7232,4.93383,0.529032,0.372093,1.02731,0.918683,0.369019,0,0,0,0.842752,2.27326,0.575132,0,0,0,2,180.228
hp-01352830-01059,benign,ambiguous:slow_bulk,1757549859,0,,0.349325,1.07708,0.379289,0.173537,136.296,7.47183,0.337723,4.61019,1.94983,3.67924,0.424167,0,0,1.03609,1.80452,1.9571,1.42599,0.969231,0.852951,8.18123,4,903.171
hp-01352830-01060,benign,sync_client,1757549860,0,,0.326888,1.6892,0.00384875,0.00664278,16.6281,6.90045,0.298633,0.225311,0.176728,1.94945,0.18505,1.64276,0,0.975485,14.3164,3.91914,14.2161,0,0,0,2,2051.58
hp-01352830-01061,benign,ambiguous:slow_bulk,1757549861,0,,2.58877,2.09288,0.584076,0.0704231,108.976,6.23101,1.3438,1.77843,1.27136,5.29993,0.57313,0,1.72685,0,2.09134,1.2129,1.19092,0,0,2.8385,4,393.568
hp-01352830-01062,benign,ambiguous:slow_bulk,1757549862,0,,2.0422,1.84559,0.606772,0.560711,71.6318,5.2098,0.902452,1.48139,2.81135,1.84414,0.15626,1.58888,1.03096,2.38981,2.89014,2.54472,0.950202,0,1.59347,10.8528,4,165.661
hp-01352830-01063,RW,ambiguous:network_bulk,1757549863,31,,0,0,0,0,0,6.46397,0.362425,2.11616,1.6765,2.07158,0.0920588,2.91778,0.963438,0.97273,19.2748,4.93166,2.79486,1.10663,0,2.69183,3,525.505
hp-01352830-01064,RW,wiper_like,1757549864,224,,20.6145,0.512254,9.62479,0.76942,101.389,0,0,0,18.443,0,0.82255,3.9932,1.02807,2.30076,2.52646,3.25789,3.546,0,0,3.06983,4,45.8133
hp-01352830-01065,RW,wiper_like,1757549865,114688,,9.88145,1.18513,17.3649,0.596976,83.066,7.99652,0.586919,2.17817,9.19441,1.09354,0.744515,0,5.5832,1.84745,0,0,0,1.07508,0.879389,4.83208,4,41.7933
hp-01352830-01066,RW,ambiguous:network_bulk,1757549866,14336,,0.554432,3.18759,0.685772,0.633521,60.9535,4.54392,0.295882,3.62379,1.67824,4.95549,0.250067,0,0,0,12.9807,5.06141,9.81366,1.05834,4.04704,3.18363,4,405.257
hp-01352830-01067,benign,backup_agent,1757549867,1792,,4.42349,3.21441,0.217313,0.186613,129.678,3.80921,1.00089,0.770788,0,0,0,3.47637,0,0,2.05867,0.553186,0.161894,0,0,2.33371,4,320.073
hp-01352830-01068,RW,double_extortion,1757549868,0,,10.9969,2.266,3.01262,0.393573,242.962,7.92465,0.223094,2.54867,19.9902,8.98135,0.390319,2.73739,1.02973,0,18.7783,4.55617,4.84378,2.12489,3.10605,1.89995,4,63.568
hp-01352830-01069,RW,fast_crypto,1757549869,0,,9.31106,1.19941,1.68095,0.559512,77.3349,6.68993,0.383787,1.61183,19.2674,3.73244,0.419207,0,0,0,6.32199,1.97666,2.29714,0.979001,2.15401,5.4806,4,21.98
hp-01352830-01070,RW,double_extortion,1757549870,116480,,3.08498,2.53552,0.356799,0.559918,246.394,8,0.134255,1.99943,0,0,0,3.72947,1.04353,1.09222,0,0,0,2.35178,7.14148,0,4,297.464
hp-01352830-01072,benign,ambiguous:crypto_bulk,1757549872,0,,8.20263,1.87191,8.44377,0.202389,102.854,7.32967,0.365882,1.52042,43.7622,6.19799,0.864276,1.05099,1.94261,0,4.33208,2.07978,1.5141,0,2.12096,0,4,57.9799
hp-01352830-01073,RW,double_extortion,1757549873,0,,3.82683,1.23605,1.02778,0.201483,21.1917,7.03805,0.194762,2.31953,5.22556,6.83935,0.680155,0,0,1.02255,12.1418,3.53421,2.67683,0.774114,0,0.960325,4,138.615
hp-01352830-01074,benign,disk_encryptor,1757549874,0,,4.74596,1.75046,0.360378,0.254565,217.891,7.52252,0.204976,2.02975,7.9349,3.75079,0.899674,2.11665,0.913004,0,0,4.53527,0.788164,0.869881,0,0,3,173.268
hp-01352830-01075,benign,installer,1757549875,0,,14.7804,3.85353,0.0982454,0.0658418,8.05369,4.09697,1.81346,0.997754,2.17476,0,0.572053,3.34044,1.18009,1.97304,0.801657,1.92907,0.236312,4.40942,0,0,4,53.0645
hp-01352830-01076,RW,ambiguous:network_bulk,1757549876,114688,,3.94188,2.84904,0.515207,0.583542,56.6631,4.94666,1.59685,1.4974,11.3832,1.20672,0.551437,3.386,0.979295,2.11666,0,0,0,0,1.99256,2.6177,3,86.1531
hp-01352830-01077,RW,wiper_like,1757549877,114688,,111.493,3.55545,17.2402,0.882579,88.4503,8,0.19823,1.71958,18.1916,1.12651,0.212969,1.07375,1.95771,1.07467,0,0,0,1.8492,0,5.95436,4,14.964
hp-01352830-01078,RW,fast_crypto,1757549878,0,,23.8676,1.15045,2.87813,0.690318,55.8706,6.62315,0.542228,1.4682,46.9856,5.72137,0.914284,3.15041,3.63016,4.28323,8.64802,2.8717,1.30401,2.56953,4.67365,3.69828,4,38.5488
hp-01352830-01079,benign,ambiguous:slow_bulk,1757549879,0,,0.622968,2.97458,0.380309,0.778484,109.115,5.86626,1.16247,7.07221,2.07447,6.26502,0.513511,0.926327,1.07893,0,0.936099,3.65095,2.03639,0.976937,0,5.44369,4,416.343
hp-01352830-01080,benign,sync_client,1757549880,224,,0.877814,3.99794,0.000775924,0.00489044,8.09586,0,0,0,6.44001,0,0.272829,2.3188,0,0,16.6241,2.54564,3.09383,0,0,1.20352,3,342.508
hp-01352830-01081,RW,double_extortion,1757549881,14336,,1.44939,0.949915,1.13666,0.84278,346.726,7.37175,0.562081,2.82783,4.43319,6.78119,0.671551,0,0,0,17.7232,3.92482,5.60021,0.96852,3.87059,1.65512,4,185.287
hp-01352830-01082,benign,backup_agent,1757549882,14336,,5.31937,1.9757,0.250285,0.174006,81.8466,6.32657,0.373885,0.524903,0.371997,0,0.389962,0,0,0,1.00258,1.7576,0.558108,1.01244,2.08638,15.3145,3,530.189
hp-01352830-01083,benign,ambiguous:crypto_bulk,1757549883,116480,,11.4157,1.54195,5.37619,0.783631,49.5534,6.9187,0.501509,3.22528,0,0,0,2.99295,1.03166,1.18,0,0,0,0,0,1.23856,4,129.645
hp-01352830-01084,RW,low_and_slow,1757549884,14336,,2.40232,0.94178,0.0353295,0.504502,98.9327,7.09861,0.209611,2.10982,3.16527,3.10912,0.590671,0,0,0,1.84873,3.64993,1.21239,0,0.849063,1.83181,4,350.966
hp-01352830-01085,benign,ambiguous:network_bulk,1757549885,1792,,1.83585,3.13764,0.107272,0.225746,45.4717,7.8071,0.776896,1.22185,0,0,0,1.73022,0,0.844481,20.7329,3.57682,5.66002,1.30624,0,0.929708,4,354.795
hp-01352830-01086,benign,office_workload,1757549886,0,,0.107083,5.13714,0.0064175,0.0594412,31.8431,2.79295,0.423992,0.609016,0.441617,0,0.403066,2.0053,0,0,2.14295,2.753,0.875225,0,0,0.996538,2,565.017
hp-01352830-01087,benign,cleanup_utility,1757549887,0,,7.93666,3.27296,0.376335,0.235467,91.8498,3.07739,0.614716,0.241637,1.20222,0,0.140493,0.93406,0,0,3.58029,0.865961,0.377114,0,1.21484,3.17329,1,87.0891
hp-01352830-01088,RW,fast_crypto,1757549888,14336,,106.327,0.816228,3.01644,0.44307,62.9646,7.53762,0.503838,2.3298,105.817,3.57182,0.819758,0,0,0,12.3316,1.53176,0.39693,0.991393,3.04924,5.2612,4,13.4255
hp-01352830-01089,benign,cleanup_utility,1757549889,1792,,0.469844,1.66541,0.113599,0.45784,51.5002,3.07091,1.60055,1.61673,0,0,0,0,1.04311,0,0,1.34356,0.83298,0.739605,2.74446,5.93805,3,388.938
hp-01352830-01090,RW,double_extortion,1757549890,224,,1.97817,0.846715,1.694,0.42804,163.63,0,0,0,5.6547,3.33322,0.822683,3.39704,0,0.979538,15.7183,4.39537,4.02992,0,0,6.30758,4,247.76
hp-01352830-01091,RW,ambiguous:crypto_bulk,1757549891,917504,,29.8723,1.16548,13.7925,0.346104,42.1901,7.696,0.323439,1.347,44.5755,6.61165,0.516118,2.01399,0,0.861453,4.2257,3.06043,3.1565,0,0,0,4,38.3351
hp-01352830-01092,RW,ambiguous:network_bulk,1757549892,0,,1.69867,2.14554,0.191252,0.161083,56.5542,5.9294,0.224363,2.29504,4.41724,3.59183,0.191829,3.2385,0,0,17.2714,4.15106,7.3228,0,1.80255,0,4,191.883
hp-01352830-01093,RW,wiper_like,1757549893,0,,23.2609,1.72005,15.8081,0.521975,41.8596,7.86724,0.27095,3.016,5.48777,0,0.816369,1.11074,1.08689,0.970789,0.95056,4.1763,11.4296,1.03449,1.0513,2.33521,4,24.6787
hp-01352830-01094,benign,backup_agent,1757549894,0,,4.85266,1.84249,0.47029,0.812818,86.1899,7.35343,0.333592,1.22781,0.615471,0,0.130515,0,0,0,0,2.73566,1.65192,0,3.55517,16.0564,3,750.378
hp-01352830-01095,benign,ambiguous:network_bulk,1757549895,1823,,0,0,0,0,0,5.52282,0.518273,1.27568,0,0,0,1.53415,1.02041,0,14.6955,1.64595,1.95744,0.959051,3.13642,3.83357,3,796.136
hp-01352830-01096,benign,ambiguous:network_bulk,1757549896,917504,,4.97479,1.78398,2.00149,0.202795,72.699,6.94726,0.6859,0.49817,6.2801,0.961392,0.513079,3.74964,0,1.07876,9.99545,2.60301,4.87065,0,0,0,4,332.201
hp-01352830-01097,RW,low_and_slow,1757549897,0,,1.54287,1.39824,1.42096,0.497443,143.76,5.41898,0.395952,2.85478,2.97208,10.9256,0.723692,0,0,0,1.58655,4.79176,0.775095,1.22451,2.12696,4.69559,4,219.391
hp-01352830-01098,RW,low_and_slow,1757549898,14336,,0.553048,0.726114,0.213438,0.617238,74.2865,5.47548,0.728981,2.48768,1.63374,4.43728,0.656135,0,0,0,0.955308,3.31281,0.878484,0.947391,0,4.72716,4,705.497
hp-01352830-01099,RW,low_and_slow,1757549899,0,,1.38407,1.16907,0.34718,0.344917,257.869,5.83957,0.153417,3.42154,1.0837,3.04063,0.853592,0,4.89463,0,5.73734,2.51115,3.94091,1.58714,0.927802,3.83938,4,224.626
hp-01352830-01100,benign,cleanup_utility,1757549900,0,,1.17553,8.47741,0.0882814,0.189425,129.48,3.88918,0.956809,0.625043,0.134369,2.00006,0.234034,0,0,0,3.55508,2.65253,1.46467,0,2.04659,2.63826,2,525.175
hp-01352830-01101,benign,office_workload,1757549901,917504,,0.14567,0.646266,0.0186145,0.317859,14.1163,0.809854,0.285535,0.348319,0.398867,1.00959,0.199466,0.952426,0,0,0.810581,0.869142,0.686734,0,0,0,1,1217.03
hp-01352830-01102,RW,ambiguous:network_bulk,1757549902,0,,0.329462,0.700391,0.215079,0.322122,93.104,6.54191,1.5363,4.21915,3.11983,0,0.403809,1.2004,0.953066,0.852765,16.1869,4.96466,2.28425,2.01065,2.83003,1.03242,4,877.264
hp-01352830-01103,RW,ambiguous:network_bulk,1757549903,224,,0.950769,1.88998,0.127226,0.398135,238.918,0,0,0,1.68683,0,0.20718,1.98769,2.14514,1.1553,16.5221,4.42907,5.12148,1.02172,0,2.79894,4,654.479
hp-01352830-01104,RW,fast_crypto,1757549904,31,,0,0,0,0,0,6.71243,0.414368,4.70305,18.1196,3.75016,0.352251,5.62393,0,3.48866,6.07274,1.38273,0.994998,1.90318,1.92559,8.1705,4,68.7927
hp-01352830-01105,benign,installer,1757549905,0,,9.06528,0.963968,0.0778721,0.12389,7.36702,5.53749,0.649222,1.57541,7.98356,0.933394,0.136946,14.5773,0,0.876396,1.03456,2.14851,2.86357,4.47923,0,0,3,64.699
hp-01352830-01106,benign,sync_client,1757549906,0,,2.82129,2.43573,0.00321656,0.0965229,5.65486,4.11197,1.29851,0.647135,0.185365,0.984864,0.229656,2.34991,0,0,15.0646,5.66545,12.4792,0,0,2.18969,3,220.952
hp-01352830-01107,RW,fast_crypto,1757549907,224,,18.4777,1.27338,3.65602,0.428309,61.2993,0,0,0,21.288,5.70906,0.62177,1.08798,2.12219,0,1.02298,3.76626,2.79865,1.84227,0.932536,3.68276,4,31.2608
hp-01352830-01108,benign,sync_client,1757549908,0,,2.20149,1.05476,0.00715049,0.152129,6.89793,6.30351,1.23863,0.180235,0.147128,0,0.100922,1.14489,0,0,14.6822,4.15674,5.82725,0,0,0,2,777.509
hp-01352830-01109,RW,fast_crypto,1757549909,0,,15.0734,0.489243,2.6434,0.680022,41.6531,5.69544,0.335396,3.8523,23.5378,3.95814,0.529992,2.91871,0,0,5.00233,2.05373,2.56072,0,0,4.74066,4,47.4945
hp-01352830-01110,benign,cleanup_utility,1757549910,0,,2.49004,4.19289,0.133202,0.0721881,59.526,2.34497,0.927023,1.58421,0.459672,0,0.0787408,0.907288,0,0.974399,4.30372,0.955472,0.473633,0.912123,6.19611,6.00652,3,282.254
hp-01352830-01111,benign,ambiguous:slow_bulk,1757549911,0,,0.428392,5.18159,0.0727184,0.307815,288.757,7.11897,1.90452,2.75519,0.424525,2.06095,0.716941,1.09521,0.988248,0,1.07706,2.47598,2.20825,2.21585,0,9.60011,4,709.775
hp-01352830-01112,RW,wiper_like,1757549912,0,,73.6169,1.25567,9.29773,0.416825,134.271,6.88596,0.148651,1.36388,24.2013,0,0.368146,1.7193,0.986857,2.25215,6.27717,3.41114,2.12663,3.10466,0,2.51492,4,16.1837
hp-01352830-01113,RW,double_extortion,1757549913,1032192,,10.5503,2.20664,3.86629,0.801164,32.8945,7.28006,0.264121,2.55029,93.7296,3.26387,0.545581,1.96403,1.23598,3.34452,0,0,0,0,0,0,4,21.1072
hp-01352830-01114,benign,ambiguous:crypto_bulk,1757549914,2016,,10.8878,0.601201,3.47728,0.631429,277.045,0,0,0,0,0,0,1.03447,0,1.20117,3.86915,1.91609,3.01712,0.857585,0,2.01775,3,60.3087
hp-01352830-01115,benign,ambiguous:slow_bulk,1757549915,1792,,1.06547,4.38692,0.0524536,0.665008,97.6995,7.20019,1.12032,1.73383,0,0,0,3.16114,0,1.04638,0.927412,3.61674,0.53126,0,1.10149,10.4228,3,620.865
hp-01352830-01116,RW,low_and_slow,1757549916,0,,0.13283,0.592958,0.324256,0.355625,95.0852,6.52758,0.345833,4.37457,0.476298,7.54264,0.579353,1.9715,3.46745,2.18821,6.17121,4.02975,0.985343,3.52589,3.23218,0.942146,4,523.766
hp-01352830-01117,benign,sync_client,1757549917,917504,,0.388735,1.64534,0.000894321,0.0714965,21.804,4.34452,0.367589,0.15141,0.0161446,0,0.582093,0,1.04678,0,17.3654,2.64966,5.90876,0,0,0,2,2630.09
hp-01352830-01118,RW,low_and_slow,1757549918,114688,,0.465641,0.69341,0.291406,0.410853,160.246,6.36949,0.303327,4.39401,0.748158,3.60736,0.621813,1.56078,2.54044,0,0,0,0,1.09936,0,3.04581,4,538.303
hp-01352830-01119,benign,ambiguous:slow_bulk,1757549919,0,,1.76684,1.38138,0.0417291,0.356182,197.423,5.97458,0.499689,6.391,0.203544,3.17279,0.389812,1.06733,0,0,1.01875,1.8613,2.05265,0.952298,1.00874,6.46551,4,1232
hp-01352830-01120,benign,ambiguous:slow_bulk,1757549920,224,,0.786528,1.98911,0.0536625,0.243051,48.7554,0,0,0,1.10434,6.73297,0.60133,0.945538,0.891162,1.16625,3.01568,2.57986,1.16232,0,1.70367,5.36437,3,1422.63
hp-01352830-01121,RW,double_extortion,1757549921,0,,1.60238,0.794182,1.3914,0.715471,65.6286,6.94632,0.162207,4.7153,3.82638,4.38578,0.537399,1.83165,0,0.840953,18.324,4.26258,10.7418,2.85865,0.956541,2.18358,4,194.907
hp-01352830-01122,RW,double_extortion,1757549922,14336,,2.25422,1.65222,0.814595,0.646496,136.118,8,0.374012,1.77523,8.41257,3.38422,0.489853,0,0,0,14.1517,4.64539,4.36112,1.61135,0.842188,1.64023,4,412.506
hp-01352830-01123,RW,wiper_like,1757549923,1793,,0,1.29632,17.2804,0.48764,108.365,8,0.203087,5.38876,0,0,0,1.01247,2.26764,0,6.28564,4.76805,0.871204,0,0.728996,5.0449,4,33.4557
hp-01352830-01124,RW,wiper_like,1757549924,1792,,12.6214,0.752138,16.3267,0.503471,68.7732,6.41191,0.481815,2.75228,0,0,0,1.01773,1.06603,0,4.16822,2.16879,2.17225,0,2.5487,1.87511,4,90.1408
hp-01352830-01125,benign,ambiguous:crypto_bulk,1757549925,917504,,14.1679,0.654802,10.2955,0.588935,57.4358,4.50896,0.611,4.14869,50.8754,3.81053,0.450399,0,1.01184,0,4.67126,2.21557,0.549669,0,0,0,4,14.8409
hp-01352830-01126,benign,sync_client,1757549926,0,,1.54133,5.28898,0.0023161,0.254409,34.2736,3.38407,0.593296,0.865303,0.286431,0,0.184255,0.965643,1.09066,0,17.5613,4.23577,1.42068,0,0,0,1,196.894
hp-01352830-01127,RW,wiper_like,1757549927,31,,0,0,0,0,0,7.03286,0.414744,3.05673,3.92971,1.64983,0.570499,0,0.9777,0,4.55465,2.88769,2.16157,1.01186,1.8768,2.26918,4,34.247
hp-01352830-01128,benign,disk_encryptor,1757549928,0,,3.9394,1.41774,0.761783,0.370982,78.9903,6.07693,0.501439,1.94976,22.6892,6.86586,0.460367,1.82376,0,0,0.864097,0.929749,5.03849,0,0,1.09108,3,177.263
hp-01352830-01129,benign,sync_client,1757549929,0,,0.413632,2.69917,0.00137945,0.167391,17.8131,8,1.48438,1.03435,0.0470882,0,0.186881,0,0,0,7.11615,2.182,14.4184,1.11405,0,0,3,555.593
hp-01352830-01130,benign,installer,1757549930,114688,,5.78904,2.73257,0.00601554,0.0750454,57.4701,5.3186,1.16119,1.59319,0.58955,0,0.129902,8.7075,0,1.9163,0,0,0,1.73815,0,0,1,236.114
hp-01352830-01131,RW,low_and_slow,1757549931,0,,1.59979,0.445059,0.227823,0.652032,158.745,7.57553,0.28377,3.65648,2.02129,5.40438,0.614264,1.01272,0,0,2.97081,3.90164,4.9068,1.71895,0.998019,0,4,525.034
hp-01352830-01132,benign,ambiguous:slow_bulk,1757549932,0,,1.16093,0.697077,0.0687166,0.466323,73.3639,6.03528,0.776742,1.51549,2.56924,1.66806,0.232653,3.09134,0,1.76498,2.84842,3.07039,0.919474,0,0,4.65005,2,1004.21
hp-01352830-01133,RW,low_and_slow,1757549933,14336,,0.295243,0.403449,0.0191221,0.349671,134.435,8,0.382817,3.49599,0.19773,3.94644,0.676007,0,0,0,1.70399,1.77097,0.467192,0.92895,0,2.76385,4,907.156
hp-01352830-01134,RW,double_extortion,1757549934,0,,1.46615,1.01347,0.849131,0.895008,81.0236,5.16966,0.331223,3.29922,3.75135,2.10834,0.519099,1.80553,0,1.59687,15.3046,3.70322,4.61876,1.07833,1.0043,4.37126,4,359.681
hp-01352830-01135,benign,installer,1757549935,0,,2.66061,3.28881,0.202282,0.212998,17.8083,5.19294,0.876541,4.27367,0.697779,0,0.192409,14.9371,0,0,1.68095,2.31731,0.682918,5.17767,0,0.99432,4,32.7055
hp-01352830-01136,benign,installer,1757549936,0,,39.8268,4.58678,0.709139,0.0152233,10.7064,4.97999,0.263753,1.21386,10.5002,0,0.213376,9.32341,0.921187,1.05935,0.989678,0.867069,0.640436,4.87648,0,0.766141,4,27.5757
hp-01352830-01137,RW,double_extortion,1757549937,114912,,0.547539,1.9086,0.691747,0.737466,130.03,0,0,0,2.67177,3.6999,0.49839,0.944267,0,0.915745,0,0,0,0.92764,1.05452,2.11173,4,384.112
hp-01352830-01138,RW,low_and_slow,1757549938,0,,1.16418,0.833054,0.162434,0.453338,144.387,8,0.269225,1.18745,2.62478,5.29404,0.926794,4.31193,1.15497,0.9382,2.69868,4.93549,2.03078,0,2.54728,5.93529,4,189.979
hp-01352830-01139,benign,office_workload,1757549939,0,,0.0854003,4.64644,0.00100468,0.0141283,15.628,2.70137,0.561101,1.15721,0.0209463,0,0.463396,0,0,0,2.3931,3.21393,0.29818,0,0,0.999263,1,837.832
hp-01352830-01140,benign,disk_encryptor,1757549940,116480,,15.1288,2.33451,1.44196,0.570365,160.873,7.7336,0.4302,2.85131,0,0,0,0,0,0,0,0,0,0,0,0,2,81.4448
hp-01352830-01141,benign,disk_encryptor,1757549941,0,,4.9484,1.1606,0.210837,0.320929,91.659,5.80306,0.23681,3.83159,4.14843,1.80619,0.411624,2.7305,0,0,2.84087,1.26784,0.261426,0,0,0,3,184.091
hp-01352830-01142,benign,ambiguous:slow_bulk,1757549942,1792,,0.787741,1.47405,0.0754846,0.160645,83.8696,6.41485,0.744012,2.17248,0,0,0,2.31744,1.18529,0,2.06037,2.75959,0.476207,0,1.84078,7.8181,4,1152.18
hp-01352830-01143,RW,ambiguous:crypto_bulk,1757549943,0,,9.7417,0.286057,1.32568,0.529938,81.841,7.34146,0.302464,3.25409,24.3726,3.43826,0.560208,3.67087,0,0,1.95623,2.44614,0.57631,0.862725,1.54899,2.02519,3,79.5702
hp-01352830-01144,RW,wiper_like,1757549944,0,,27.1034,0.55326,11.3898,0.669324,102.188,6.76701,0.366671,1.13869,5.62245,0,0.812209,4.03373,1.7696,2.47393,4.10145,3.83627,1.30129,2.30863,0,4.10269,4,65.2973
hp-01352830-01145,RW,low_and_slow,1757549945,0,,1.73879,0.343247,0.603015,0.19683,62.6939,5.79081,0.615356,1.77781,1.90036,6.83573,0.427516,1.1489,0,0.921292,1.12269,2.57449,2.80203,1.04367,0,4.37255,4,269.25
hp-01352830-01146,benign,installer,1757549946,0,,6.73665,1.07624,0.181137,0.106446,15.6902,6.87975,0.51272,2.62548,7.8842,0,0.154099,10.2971,0,3.02945,0,2.19225,0.337018,2.23902,0,0,4,64.2061
hp-01352830-01147,RW,low_and_slow,1757549947,0,,0.605806,0.726223,0.0901893,0.423389,183.741,6.90101,0.341307,1.47585,1.00243,8.33827,0.358147,0,0.880432,0,1.95527,3.68071,3.57677,2.00041,2.97157,2.68553,4,766.8
hp-01352830-01148,RW,ambiguous:slow_bulk,1757549948,0,,0.446201,0.77257,0.0466206,0.386833,213.497,5.82796,0.379843,1.20458,0.571868,2.13832,0.741803,1.08563,0,0,3.62906,2.75682,0.846202,0.792169,2.29544,8.18203,2,1290.03
hp-01352830-01149,RW,wiper_like,1757549949,14336,,21.3773,1.98944,13.1645,0.453465,146.548,8,0.328895,1.38108,14.2313,0,0.621656,0,0,0,5.1058,2.43632,1.05128,0,0.820446,2.74681,4,52.5006
hp-01352830-01150,RW,low_and_slow,1757549950,0,,0.329012,1.20173,0.0391377,0.375048,98.3599,8,0.434712,2.15387,1.94251,4.29006,0.957441,0,1.86002,0,4.19413,3.46085,1.02594,0.91175,0,6.67132,4,1137.56
hp-01352830-01151,benign,sync_client,1757549951,114688,,0.822439,0.632032,0.0132009,0.207007,10.7527,4.35723,0.546309,1.21498,0.0865776,0,0.0909938,0.962304,0,0,0,0,0,0,0,1.0964,3,321.027
hp-01352830-01152,RW,fast_crypto,1757549952,116480,,14.6006,1.98571,0.613827,0.819648,174.389,7.07683,0.155593,1.92206,0,0,0,1.08815,0.821739,1.01241,0,0,0,1.99968,2.32345,3.20763,4,81.9013
hp-01352830-01153,RW,double_extortion,1757549953,0,,0.479842,1.70364,0.496683,0.619473,42.2692,6.89369,0.239381,1.8356,4.50018,5.71855,0.33986,2.16766,0,0,18.7196,4.63435,2.14664,1.18523,0,7.61027,4,679.795
hp-01352830-01154,benign,sync_client,1757549954,0,,1.05858,1.35693,0.00903272,0.0312186,90.8834,6.05875,1.11993,0.194723,0.146159,0,0.406151,0,0,0,20.7752,2.89325,4.02122,0,0,0,2,701.489
hp-01352830-01155,RW,double_extortion,1757549955,114912,,3.43862,9.46739,1.55957,0.685773,109.607,0,0,0,8.78151,3.07438,0.378671,1.01102,0.947792,1.05379,0,0,0,1.83337,2.0186,4.56237,4,108.721
hp-01352830-01156,benign,office_workload,1757549956,0,,0.143605,1.74479,0.0129564,0.00225816,3.73489,6.32092,0.733769,1.04997,0.0796359,0.960702,0.379737,0.875978,0,0,2.4012,1.23226,5.6874,1.07289,0,0,2,644.543
hp-01352830-01157,benign,office_workload,1757549957,0,,0.317824,2.16825,0.021555,0.225868,14.3764,5.94178,0.326453,1.10032,0.261099,0,0.201993,3.53864,0,0,3.11006,2.14684,1.9927,0,0,2.0125,1,722.366
hp-01352830-01158,benign,cleanup_utility,1757549958,114688,,13.2116,0.85717,0.398507,0.0394259,12.4072,3.45284,1.40755,0.58429,4.13187,0,0.252166,1.07242,0.856998,0,0,0,0,0,6.13499,5.23644,4,75.9019
hp-01352830-01159,benign,installer,1757549959,0,,6.534,2.25158,0.0531165,0.0649971,9.38702,4.75059,1.26708,1.23581,3.01717,0,0.192471,15.4266,0,0,3.3861,1.49364,2.66051,3.86781,0,0,3,72.8771
hp-01352830-01161,RW,fast_crypto,1757549961,14336,,9.15372,1.80104,1.81038,0.627114,135.21,7.01381,0.129773,4.82975,14.0932,5.45877,0.675311,0,0,0,4.11218,1.9139,2.89062,3.25123,2.85587,2.34839,4,68.6279
hp-01352830-01162,RW,ambiguous:slow_bulk,1757549962,14336,,1.35684,1.61396,0.185432,0.744321,274.735,5.53592,1.30665,0.703314,0.904798,3.63806,0.689002,0,0,0,1.06862,2.19294,3.08298,2.58699,0,5.15197,2,599.18
hp-01352830-01163,RW,low_and_slow,1757549963,1792,,0.253261,0.63463,0.0534552,0.640355,63.4718,5.90335,0.274473,4.12533,0,0,0,0,0,1.24813,3.22656,4.01764,1.62745,1.82118,1.10773,2.9016,4,1952.95
hp-01352830-01164,RW,ambiguous:crypto_bulk,1757549964,0,,4.79517,0.588737,1.3055,0.517616,179.421,7.01437,0.380027,1.96726,5.61734,8.85117,0.622241,0.903752,1.23403,0,5.47745,3.17457,1.68043,2.15653,0.950912,0,4,152.473
hp-01352830-01165,benign,ambiguous:slow_bulk,1757549965,0,,2.25145,4.84735,0.280442,0.405074,142.406,6.20651,1.11329,2.13073,1.73202,4.35405,0.584019,2.69863,1.68973,0,6.89335,4.02072,1.16075,0,1.09416,9.30172,4,497.048
hp-01352830-01166,benign,backup_agent,1757549966,0,,9.17427,2.25172,0.164385,0.551954,97.0838,6.21127,0.651593,3.45739,0.865918,0,0.075906,1.59725,0,0,3.64711,2.03736,0.107207,0,0.882,12.931,3,400.905
hp-01352830-01167,benign,cleanup_utility,1757549967,917504,,4.23237,0.411262,0.386573,0.0883466,98.516,2.32482,1.14403,0.498914,0.441326,0,0.581934,0,0,0,0,0.449786,0.957449,0,0,0,4,116.324
hp-01352830-01168,benign,office_workload,1757549968,114688,,0.119576,1.13437,0.0144453,0.0300756,20.2293,5.87173,1.5698,0.295449,0.124753,0.976156,0.168877,0,0,0,0,0,0,0,0,1.01938,3,217.276
hp-01352830-01169,benign,cleanup_utility,1757549969,1032192,,1.60925,2.96277,0.0734607,0.395819,53.0914,5.56725,2.07559,1.27385,0.3109,0,0.413787,2.26572,0,0,0,0,0,0,0,0,4,194.924
hp-01352830-01170,RW,fast_crypto,1757549970,224,,20.8772,0.871913,12.2079,0.539147,120.839,0,0,0,64.7185,6.91497,0.755146,0.973605,1.9023,0.957263,8.07883,1.4893,4.21912,1.20324,2.16872,5.45628,4,12.3861
hp-01352830-01171,benign,ambiguous:crypto_bulk,1757549971,14336,,3.58939,1.29854,0.525917,0.743502,55.0601,5.55456,0.163024,2.30241,281162,6.16115,0.425782,0,0,0,3.48761,3.60168,4.07297,1.80016,0.93796,1.68235,4,116.872
hp-01352830-01172,RW,fast_crypto,1757549972,0,,18.746,0.867187,25.5462,0.502876,239.501,5.92699,0.278489,3.89306,94.9703,6.00577,0.887095,0,3.17019,0,7.54118,4.08368,1.05695,2.26654,1.81047,5.115,4,29.681
hp-01352830-01173,RW,ambiguous:network_bulk,1757549973,0,,3.69,0.734775,0.276565,0.251764,98.1948,7.04287,0.223598,3.28448,0.978656,2.3014,0.421544,0.895765,0.941299,0,15.9757,4.76611,4.35505,0,1.09372,0.948155,4,401.451
hp-01352830-01174,benign,backup_agent,1757549974,0,,0.911803,8.21858,0.0396282,0.282946,172.097,5.42281,2.15322,4.69424,0.238846,0,0.179355,0.839388,0,0,1.82048,4.65062,0.702756,0,1.69251,17.5162,3,1821.66
hp-01352830-01175,benign,office_workload,1757549975,0,,0.0228897,2.50337,0.00727988,0.00485544,3.01773,8,0.330362,0.870132,0.117144,0,0.0837809,3.14727,0,0,4.30795,0.451573,0.588327,0,0,0,1,1095.08
hp-01352830-01176,RW,fast_crypto,1757549976,0,,44.8729,1.20214,30.7362,0.315161,316.584,7.65159,0.538658,3.27993,25.5089,4.70886,0.487281,3.86336,2.64269,1.03161,3.89646,3.88155,4.36055,1.93051,1.75335,1.94174,4,16.2842
hp-01352830-01177,RW,double_extortion,1757549977,0,,8.66359,0.70942,1.76892,0.70211,77.4801,6.48861,0.108625,3.2182,10.1151,6.78926,1,1.86941,0,0,17.5634,1.90909,3.78149,0,1.7404,1.11063,4,89.4241
hp-01352830-01178,RW,double_extortion,1757549978,0,,9.37465,2.66922,3.38009,0.731213,124.469,5.99451,0.627358,6.34367,9.24966,6.72078,0.353657,2.50217,0.686866,0.764124,21.2988,3.92734,5.41817,0,4.98724,12.1601,4,119.934
hp-01352830-01179,RW,double_extortion,1757549979,114688,,11.6498,1.26644,2.84201,0.451732,133.289,5.43601,0.592438,3.51854,14.8311,5.21362,0.695524,2.59419,1.17953,3.17969,0,0,0,0,1.60152,6.8867,4,188.359
hp-01352830-01180,benign,disk_encryptor,1757549980,116480,,5.83146,1.95143,0.778305,0.617122,89.1522,4.80619,0.221986,1.84622,0,0,0,0,0,0,0,0,0,0,0,2.29999,2,40.3832
hp-01352830-01181,benign,backup_agent,1757549981,0,,2.04532,3.26667,0.0969028,0.203404,227.297,6.51503,0.584546,1.1004,1.04829,0,0.0493283,0.916439,0,0,1.03611,1.609,1.10703,0,0.960822,11.691,3,440.914
hp-01352830-01182,benign,cleanup_utility,1757549982,0,,8.19544,2.00689,0.179785,0.304397,40.1006,3.6859,1.40656,1.88357,0.478263,0.872565,0.286423,2.16891,0,0,0,1.68238,4.28053,0,3.03874,6.72133,4,131.756
hp-01352830-01183,benign,installer,1757549983,1792,,3.79511,1.74078,0.109661,0.130025,43.2927,6.50883,0.620447,2.54062,0,0,0,7.15715,0,2.81495,1.13759,1.284,1.09763,2.16341,0,0,4,69.0967
hp-01352830-01184,benign,ambiguous:crypto_bulk,1757549984,917504,,6.06808,3.59254,2.33026,0.400074,327.831,7.38082,0.233253,1.10153,71.0554,7.85604,0.324253,0,0,0,7.3725,1.30199,0.359313,0,0,0,4,60.253
hp-01352830-01185,RW,fast_crypto,1757549985,0,,19.516,1.79384,9.35604,0.374672,110.63,6.54181,0.26705,3.96148,42.3923,9.72511,1,0,2.07787,0,2.96393,1.23494,1.18668,0.981513,2.14597,4.52754,3,73.08
hp-01352830-01186,benign,cleanup_utility,1757549986,0,,1.54097,2.35002,0.0937569,0.25855,33.9698,2.75649,0.302359,0.368953,0.440497,0.951643,0.127176,1.94969,0,0,0,2.05418,1.89055,0,4.60758,7.98988,4,233.095
hp-01352830-01187,benign,ambiguous:network_bulk,1757549987,0,,5.93539,1.97184,0.533267,0.279796,46.6505,5.64008,0.932947,1.42676,5.96883,3.65248,0.454515,3.73906,0,0,13.6931,3.93402,2.18156,0,0,2.04387,4,183.791
hp-01352830-01188,benign,ambiguous:crypto_bulk,1757549988,0,,3.4257,0.379358,7.92715,0.346792,162.047,7.85597,0.450129,3.46287,18.9728,8.23477,0.762118,2.24102,0,0,2.92533,1.06597,0.259562,0.827269,1.02048,1.74361,4,94.3098
hp-01352830-01189,RW,low_and_slow,1757549989,0,,0.482095,0.612912,0.363064,0.270149,164.774,6.44915,0.296531,2.37994,3.11507,6.27911,1,3.5784,0.939353,0.940388,2.4879,2.75255,1.31866,2.48135,1.71571,7.96767,4,353.693
hp-01352830-01190,benign,office_workload,1757549990,31,,0,0,0,0,0,8,0.983043,0.369406,0.0696279,1.12008,0.0810652,1.82215,0,0,1.07562,2.42274,0.549566,0,0,1.75772,2,821.567
hp-01352830-01191,RW,low_and_slow,1757549991,0,,0.607547,0.673708,0.113398,0.458396,53.8744,6.37534,0.183625,1.70811,0.50228,4.63946,0.673041,3.11737,1.88433,0,5.16244,3.51536,2.02462,2.67577,0.913601,5.10056,2,260.521
hp-01352830-01192,benign,ambiguous:crypto_bulk,1757549992,1792,,19.1806,1.27309,0.198591,0.452617,97.9632,6.25843,0.344526,2.26203,0,0,0,2.6495,1.91947,0,6.66392,3.37988,8.86378,2.02403,0.951119,3.08672,4,102.796
hp-01352830-01193,RW,double_extortion,1757549993,0,,7.45691,5.66025,7.35972,0.763869,102.82,7.47339,0.375765,1.29424,6.88734,5.74983,0.820301,0.832556,1.69355,1.82151,10.7264,4.60341,5.45578,1.01651,2.84677,0.887645,4,92.2957
hp-01352830-01194,benign,installer,1757549994,31,,0,0,0,0,0,5.63988,0.391932,0.630846,5.94254,0.948672,0.202947,4.96977,0,1.76176,1.08747,2.23154,1.49205,2.01522,0,0,2,176.289
hp-01352830-01195,RW,double_extortion,1757549995,114688,,5.43434,3.45407,1.17302,0.364728,90.452,7.59577,0.591763,2.64065,2.75496,11.1004,0.680414,4.52355,0,1.12169,0,0,0,0,1.8494,8.39475,4,300.106
hp-01352830-01196,RW,low_and_slow,1757549996,0,,1.42939,1.13643,0.230341,0.615459,126.1,8,0.192447,4.84245,0.346617,5.35445,0.69633,6.16977,2.56669,0,0.900874,3.43101,3.29543,0,1.10562,6.50422,4,381.98
hp-01352830-01197,benign,ambiguous:network_bulk,1757549997,116704,,1.64891,3.64421,0.155544,0.628583,42.8033,0,0,0,0,0,0,2.00839,0,1.11433,0,0,0,0.907915,0.94961,2.8037,3,425.184
hp-01352830-01198,RW,ambiguous:slow_bulk,1757549998,0,,1.28673,0.660056,0.49454,0.233164,217.582,6.81164,0.936601,1.41554,0.0986473,0.904972,0.0375046,0,0,0.985157,1.08282,2.47065,2.56537,1.02449,1.03429,4.89845,3,1324.86
hp-01352830-01199,benign,office_workload,1757549999,1792,,0.155989,1.78227,0.01952,0.0120184,7.06177,4.02118,0.690286,0.994512,0,0,0,0.901062,0.873483,0,0,3.09797,0.673657,0,0,1.2859,2,720.391
hp-01352830-01200,RW,ambiguous:crypto_bulk,1757550000,0,,8.35588,1.28948,1.19404,0.420715,45.6423,4.98066,0.116302,2.3813,12.0504,4.04867,0.789629,1.0154,1.11833,0,1.34592,3.5339,0.735023,0.939794,0.923896,1.88938,4,100.095
hp-01352830-01201,benign,installer,1757550001,224,,4.66883,3.61573,0.096312,0.0033923,9.73767,0,0,0,6.04481,0,0.510687,9.95443,1.06263,0,0,0.561562,0.587121,3.88597,0,0,2,52.5146
hp-01352830-01202,benign,sync_client,1757550002,0,,1.124,0.369278,0.0483266,0.0914915,39.1546,5.15048,1.08516,0.219328,1.42933,0,0.123222,0.879374,0,0,17.9184,3.92496,32.5873,0,0,0.993461,1,1093.53
hp-01352830-01203,RW,fast_crypto,1757550003,2016,,6.12778,0.565937,2.14166,0.485803,68.6732,0,0,0,0,0,0,2.48184,0,1.85897,4.7461,2.99176,1.45062,2.17309,3.25446,5.03019,4,60.8159
hp-01352830-01204,RW,wiper_like,1757550004,0,,24.1924,1.02578,15.5166,0.707102,33.2749,7.93023,0.377899,4.45274,9.47346,0,0.85147,0.920298,1.1963,0,5.63322,3.20656,2.2009,2.01299,0,2.00698,3,46.0949
hp-01352830-01205,RW,ambiguous:crypto_bulk,1757550005,224,,7.01296,0.923702,3.4002,0.606841,78.1381,0,0,0,26.661,7.00249,0.442474,0,0,0.961786,2.71739,3.13718,2.74928,0,0,1.01672,4,69.0262
hp-01352830-01206,RW,double_extortion,1757550006,0,,0.991996,2.46825,0.447232,0.919307,82.719,7.06728,0.183128,2.08339,2.99554,7.27011,0.754126,1.63588,1.27762,1.11575,23.9697,3.0078,2.99834,3.66699,3.25354,2.98072,4,180.182
hp-01352830-01207,RW,low_and_slow,1757550007,114688,,0.440086,1.32762,0.0664103,0.715422,58.7278,6.93094,0.171278,4.99809,0.397643,11.9319,0.778958,3.46268,0,0,0,0,0,2.17226,1.36378,3.3158,4,1007.57
hp-01352830-01208,benign,disk_encryptor,1757550008,0,,4.65241,1.39051,0.482414,0.741847,56.0828,8,0.400574,2.96562,37.9789,9.79532,0.597101,3.1918,0,0,0,2.36616,0.909724,0,0,1.00505,4,90.6184
hp-01352830-01209,benign,backup_agent,1757550009,0,,0.244729,3.13448,0.121556,0.205856,152.271,5.22817,0.942254,0.716602,0.0996328,0,0.258876,2.34074,0,0,1.86543,3.95994,1.82579,1.08678,0,11.9473,2,2819.01
hp-01352830-01210,RW,low_and_slow,1757550010,0,,0.770032,0.455748,0.205718,0.57366,148.206,5.74929,0.362331,1.94011,0.744962,4.75318,0.622431,4.19452,0,1.05107,2.5052,2.71888,2.11819,0,2.90872,0.977983,4,168.019
hp-01352830-01211,RW,ambiguous:crypto_bulk,1757550011,2016,,2.51532,1.63435,6.71281,0.467301,111.458,0,0,0,0,0,0,1.10236,3.03469,0,4.69304,3.98175,11.5247,0.943164,0,1.71114,4,236.29
hp-01352830-01212,benign,sync_client,1757550012,114688,,0.655988,3.0253,0.0204863,0.0171849,22.6962,4.30861,2.66179,0.961211,0.242233,0,0.515309,1.24589,0,0,0,0,0,0,0,0,3,193.207
hp-01352830-01213,RW,low_and_slow,1757550013,2016,,0.63334,0.547158,0.145641,0.502091,88.7423,0,0,0,0,0,0,2.71317,0.920895,0,3.89847,3.49148,4.52857,3.89229,2.0375,6.78781,4,927.642
hp-01352830-01214,benign,installer,1757550014,14336,,3.70959,5.59395,0.105377,0.292215,11.3501,4.12841,0.852479,3.10677,9.49964,0,0.149574,0,0,0,0,1.12933,0.137111,5.92673,0,0,4,30.368
hp-01352830-01215,RW,wiper_like,1757550015,224,,84.3898,1.26616,19.2241,0.589725,84.9203,0,0,0,5.52192,0,0.907341,1.05956,0.998196,0.843432,7.87325,2.9927,3.24484,2.98124,2.40417,4.64902,4,18.6319
hp-01352830-01216,RW,wiper_like,1757550016,0,,46.173,0.240972,14.9631,0.495123,94.9419,6.66073,0.409973,0.874656,9.88578,1.16823,0.505251,2.7613,1.6748,0,6.68221,2.83781,1.15622,1.96696,3.24248,3.13372,4,26.366
hp-01352830-01217,RW,wiper_like,1757550017,917504,,14.6191,1.12249,6.05493,0.319447,131.794,6.92532,0.484666,2.16408,4.39908,0,0.401618,1.72348,2.0031,0.874482,4.6596,2.50382,7.85164,0,0,0,4,73.2227
hp-01352830-01218,benign,disk_encryptor,1757550018,1032192,,12.8985,1.46096,1.45908,0.185016,61.4639,8,0.726078,3.75004,28.1894,6.29735,0.681379,0,0,0,0,0,0,0,0,0,2,127.254
hp-01352830-01219,benign,ambiguous:network_bulk,1757550019,0,,1.44046,1.25298,0.187224,0.282434,141.054,6.02795,0.513534,0.977734,1.29986,5.28597,0.520519,2.91256,1.89598,0,21.2072,4.14595,8.95506,0,0,0,4,418.022
hp-01352830-01220,benign,sync_client,1757550020,14336,,1.06541,0.666963,0.00895502,0.0580228,53.7278,3.89617,1.58034,0.539376,0.297739,0,0.222012,0,0,0,20.0996,4.74392,2.62909,0.956664,0,1.15711,1,291.806
hp-01352830-01221,RW,fast_crypto,1757550021,129024,,6.14539,0.877632,0.483885,0.731094,61.9398,8,0.308002,1.84898,24.5278,4.37452,0.474366,0,0,0,0,0,0,2.149,0.801101,5.27309,4,198.994
hp-01352830-01222,benign,cleanup_utility,1757550022,224,,0.446676,4.93258,0.216627,0.058329,80.1463,0,0,0,0.150964,0.924222,0.191311,0,0,0,1.14206,1.11574,0.254802,0,4.59937,3.95557,3,209.028
hp-01352830-01223,RW,fast_crypto,1757550023,0,,8.29189,1.1207,5.57727,0.524469,298.302,7.31021,0.457682,2.60219,8.02954,6.59416,0.485426,0,1.8803,1.05016,6.59201,3.94093,1.6062,1.09994,1.01993,2.77972,4,133.316
hp-01352830-01224,benign,installer,1757550024,114688,,2.30916,1.42401,0.115471,0.0739907,13.0005,5.39767,3.24057,1.6485,6.12297,0,0.223164,5.45175,1.11676,0,0,0,0,0.907583,0,2.46492,3,76.5326
hp-01352830-01225,benign,ambiguous:slow_bulk,1757550025,0,,1.408,0.808224,0.700091,0.484702,48.8541,6.31549,1.06739,0.427853,1.43165,3.08303,0.658254,1.06531,0.987262,0,1.12735,1.38307,2.92902,1.17854,1.5913,7.16864,3,483.549
hp-01352830-01226,RW,double_extortion,1757550026,114689,,0,4.58636,0.714607,0.924094,149.319,6.17558,0.337709,2.3981,2.10106,6.27721,0.705847,5.94649,0,0.963905,0,0,0,2.0357,2.33113,1.07191,4,379.487
hp-01352830-01227,benign,ambiguous:network_bulk,1757550027,114688,,1.33335,0.79062,0.193208,0.32491,69.9143,6.63302,0.290294,0.588557,2.00834,2.43392,0.41697,2.06355,1.13174,0,0,0,0,0.834434,0.926253,1.83057,4,448.689
hp-01352830-01228,benign,sync_client,1757550028,0,,3.67378,1.95365,0.0171941,0.111417,6.97805,4.76604,1.72771,0.092673,0.179671,0,0.411171,0.960967,0,0,12.9221,4.22377,2.76142,0,0,0,3,398.5
hp-01352830-01229,benign,disk_encryptor,1757550029,0,,1.45617,1.32837,0.757913,0.333926,121.087,6.18487,0.533049,3.73496,17.5953,4.85383,0.651444,3.88887,0,0,0.911319,2.39946,0.683447,0,0.743535,1.00959,3,163.873
hp-01352830-01230,RW,ambiguous:crypto_bulk,1757550030,114688,,24.2069,1.05518,10.7844,0.529403,56.9374,5.7742,0.169509,1.87615,90.5043,7.92768,0.633161,2.24358,3.46079,1.01101,0,0,0,1.76917,2.18021,0,4,35.5005
hp-01352830-01231,benign,backup_agent,1757550031,0,,1.63199,7.69276,0.0442728,0.257288,164.886,5.22368,0.663353,7.01298,0.427034,0,0.206977,0.980234,0,0,0,1.22492,1.04683,0,3.09933,10.2831,4,638.789
hp-01352830-01232,RW,wiper_like,1757550032,224,,56.802,0.726967,4.7226,0.844151,93.9807,0,0,0,6.50086,0,0.229407,2.28228,0,0.966337,7.76451,1.59494,1.45863,1.81464,2.47235,2.40211,3,31.4332
hp-01352830-01233,RW,low_and_slow,1757550033,917504,,1.14711,0.472931,2.94402,0.861228,60.4647,6.58234,0.206582,2.81274,2.03328,5.68972,0.440127,2.21597,2.96869,0.835944,1.22199,2.57524,3.10264,0,0,0,4,355.438
hp-01352830-01234,benign,sync_client,1757550034,0,,0.367992,9.80993,0.0012077,0.0948579,58.9795,6.89453,1.17346,0.27864,0.0428876,0,0.265034,2.17631,0,0,14.1357,3.97334,9.55463,1.25208,0,0,3,1456.49
hp-01352830-01235,benign,installer,1757550035,0,,4.10326,0.949327,0.0667575,0.195923,16.9833,5.98395,0.628142,0.922746,3.37994,0.944448,0.151368,5.37932,0,0,3.47822,1.29263,0.644542,6.7,0,0,4,77.5654
hp-01352830-01236,benign,backup_agent,1757550036,0,,7.00507,14.3695,0.210258,0.122788,138.538,6.14089,0.533392,0.903981,1.60954,0,0.489004,2.06002,0,0,0,2.69323,0.185227,0,1.04113,5.02015,3,275.249
hp-01352830-01237,RW,double_extortion,1757550037,0,,1.26952,8.71737,0.255656,0.781862,184.845,6.2515,0.355925,4.92396,176626,1.80482,0.428182,0,0.917066,2.11232,17.0372,3.08949,9.86312,0,1.63527,0.808149,4,942.813
hp-01352830-01238,benign,ambiguous:crypto_bulk,1757550038,224,,15.4808,0.852446,5.3933,0.711193,90.6439,0,0,0,6.81356,4.49199,0.20758,2.82996,1.08031,1.7205,5.40496,1.79101,3.96535,3.01838,0,2.08313,4,82.0041
hp-01352830-01239,benign,disk_encryptor,1757550039,0,,15.4092,1.19964,1.82259,0.481845,132.087,7.04844,0.196068,3.05647,25.164,3.78907,0.613763,2.88662,0,0,1.01875,1.36392,0.698019,0.815338,0,0,3,66.4735
hp-01352830-01240,benign,installer,1757550040,0,,1.34262,1.09476,0.0766114,0.0328248,82.3632,5.09203,1.01377,0.676852,2.12635,0.926166,0.415729,10.7399,0.894017,1.10108,0,3.29613,4.56652,4.6972,0,0,2,161.045
hp-01352830-01241,benign,sync_client,1757550041,0,,0.266704,2.59852,0.00158893,0.0135077,7.72447,4.53503,0.819153,0.714751,0.383148,0,0.10096,2.05235,0,0,18.6921,3.60082,4.42427,0,1.05104,0,3,478.037
hp-01352830-01242,benign,cleanup_utility,1757550042,224,,4.84179,2.91443,0.134197,0.254095,88.1619,0,0,0,0.216325,0,0.199796,2.62876,0,0.955342,0.936839,1.13204,0.566378,1.14806,0.906917,5.89775,3,261.078
hp-01352830-01244,benign,disk_encryptor,1757550044,0,,13.1489,1.32249,0.758653,0.256194,481.429,5.15825,0.443371,1.81586,11.599,7.58462,0.792628,0,0,0,1.01372,1.52443,2.16607,1.04492,0,0,3,73.2018
hp-01352830-01245,benign,cleanup_utility,1757550045,917504,,0.72999,2.4657,0.255088,0.0988094,100.315,2.28271,0.487578,0.419969,0.205971,0.984098,0.276611,2.75665,0,0,2.28607,2.67699,2.19286,0,0,0,4,296.279
hp-01352830-01246,benign,office_workload,1757550046,114719,,0,0,0,0,0,3.67299,0.694877,0.274495,0.0421637,1.96274,0.0507879,0.925219,0,0.851099,0,0,0,0,0,1.08855,1,1647.46
hp-01352830-01247,RW,double_extortion,1757550047,114688,,2.4653,0.79383,0.468546,0.819149,74.9049,5.25987,0.463109,2.96562,3.72378,1.63319,0.759014,2.23064,3.45504,0.878241,0,0,0,2.83436,1.96701,4.08425,4,755.304
hp-01352830-01248,RW,fast_crypto,1757550048,114688,,21.7034,1.44635,9.35657,0.875263,47.9796,8,0.175727,2.0797,80.3469,14.3989,0.868837,0,0,0,0,0,0,3.96226,0,2.3421,4,35.7466
hp-01352830-01249,RW,wiper_like,1757550049,14336,,50.5144,1.24509,9.13317,0.583421,306.107,6.92007,0.368257,1.82023,11.8873,0,0.350035,0,0,0,4.90852,2.91266,1.93502,0.984717,1.81962,3.25666,4,23.5543
hp-01352830-01250,RW,low_and_slow,1757550050,0,,0.659188,0.605607,0.128228,0.837917,114.559,4.80082,0.352879,1.63615,0.266493,3.64491,0.659366,3.90257,2.43372,3.68131,3.73464,2.15553,1.23676,1.1907,1.06086,2.41854,4,1387.96
hp-01352830-01251,benign,backup_agent,1757550051,224,,1.74484,7.4138,0.0751151,0.191902,425.732,0,0,0,0.379796,0,0.364316,1.19974,0,0,2.43086,3.02434,1.23386,0,0,7.43131,4,628.567
hp-01352830-01252,RW,wiper_like,1757550052,917504,,40.2342,1.75266,5.71571,0.736019,75.2264,8,0.574793,4.05544,6.3187,1.79893,0.48284,3.41035,0,0,6.58931,3.88987,1.27834,0,0,0,4,29.0341
hp-01352830-01253,RW,wiper_like,1757550053,0,,18.3163,0.842344,16.5576,0.711821,156.37,8,0.498706,1.91753,3.04456,0,0.858358,1.01786,3.06248,2.8107,8.86952,3.07924,3.84949,2.9554,2.12209,5.16655,3,31.4986
hp-01352830-01254,benign,installer,1757550054,0,,2.31262,1.95259,0.050381,0.197812,10.951,8,1.34396,0.367177,12.3091,1.01717,0.0850234,11.4531,0,2.21201,2.06666,2.00496,0.720963,2.8023,0,0,4,56.0904
hp-01352830-01255,benign,installer,1757550055,0,,24.3874,1.47052,0.0136262,0.00155039,67.8099,6.61056,0.321699,0.620842,3.52246,1.06672,0.192273,7.73572,0.940263,0.913814,1.08543,1.20133,1.71632,4.33218,0,1.02977,4,18.1754
hp-01352830-01256,RW,fast_crypto,1757550056,0,,9.53684,0.678396,7.21482,0.451883,167.291,5.82491,0.573414,1.0165,10.4687,4.06312,0.479357,0,2.30243,0.875418,3.84754,2.62874,2.9044,2.1257,4.53343,5.08812,4,59.3767
hp-01352830-01257,benign,disk_encryptor,1757550057,0,,8.07107,0.599231,0.411923,0.408505,89.549,6.48286,0.296313,1.78831,12.9475,2.2738,0.262795,3.49411,0,0,0,0.632012,0.74235,0,0,0.957592,2,329.182
hp-01352830-01258,benign,backup_agent,1757550058,0,,1.15249,1.41892,0.0612384,0.201399,130.503,5.94246,1.42529,1.4208,0.423944,0.891915,0.435196,0,0,0.928084,1.15697,0.180784,0.690128,0,0.87675,7.64928,2,1317.53
hp-01352830-01259,benign,office_workload,1757550059,0,,0.0190327,1.36568,0.00341127,0.161704,54.2481,5.57614,0.613819,0.429095,0.0835515,0,0.459929,0,0,0,1.75487,0.303738,0.337627,0.854456,0,0,1,596.955
hp-01352830-01260,benign,sync_client,1757550060,0,,2.25109,2.271,0.0161667,0.0533201,15.4671,4.14195,1.23021,0.712215,0.255301,0,0.557119,3.26377,0,0,15.5493,4.84288,10.3178,0,1.09461,1.13319,2,213.96
hp-01352830-01261,benign,cleanup_utility,1757550061,0,,0.784884,5.56171,0.237522,0.229742,31.9997,2.88532,0.188714,0.718241,0.468803,0,0.3449,0,0,0,1.16337,0.222514,1.88397,0,2.62342,5.54293,3,125.488
hp-01352830-01262,RW,wiper_like,1757550062,0,,30.636,1.02097,16.9935,0.396882,132.053,7.07985,0.361435,4.42145,11.7031,0,0.930885,0,0,0.90259,2.89307,2.7889,1.00071,1.41099,1.91864,1.08334,4,35.9435
hp-01352830-01263,RW,fast_crypto,1757550063,1792,,9.78927,1.54289,10.6143,0.411633,131.5,8,0.296017,2.37229,0,0,0,1.74931,3.27463,1.07034,2.1913,2.03508,4.55732,2.3494,0.791348,4.92504,4,35.1921
hp-01352830-01264,RW,ambiguous:network_bulk,1757550064,0,,2.51525,1.15708,0.397797,0.518185,40.5709,4.61168,0.916491,1.11591,0.94848,3.1781,0.457074,2.17055,0,0,12.8988,3.50513,31.3907,0.907258,1.63705,1.12536,3,222.978
hp-01352830-01265,benign,disk_encryptor,1757550065,224,,3.36225,1.11884,0.450359,0.504236,169.553,0,0,0,22.7638,5.65125,0.531829,0,0,0,1.98667,1.15871,0.728819,0,0,0,3,221.273
hp-01352830-01266,RW,double_extortion,1757550066,0,,1.07634,1.17353,1.29808,0.290649,300.873,6.10636,0.249921,3.57582,2.40022,3.88915,0.711295,2.86405,0,0,13.4474,3.28646,23.3157,2.5363,2.94864,4.35927,4,505.478
hp-01352830-01267,benign,disk_encryptor,1757550067,0,,3.37566,0.972818,0.344503,0.400669,32.813,8,0.627738,2.97594,27.8412,6.49372,0.297771,0.818891,0,0,1.72595,1.58886,2.23031,0,0,3.10865,4,80.0171
hp-01352830-01268,benign,installer,1757550068,0,,0.856697,1.8329,0.0380428,0.172527,18.8677,8,0.943069,0.163605,1.45186,0,0.11148,7.96279,0,1.84777,0.989435,2.54281,0.723227,5.208,0,0,3,192.538
hp-01352830-01269,RW,double_extortion,1757550069,31,,0,0,0,0,0,6.84157,0.0809804,4.98072,7.39718,10.3813,0.427536,1.9565,1.94964,1.03803,20.2541,4.23533,3.7673,0,1.82148,4.10879,4,453.261
hp-01352830-01270,RW,low_and_slow,1757550070,224,,3.30696,0.378001,0.552454,0.355429,82.2986,0,0,0,2.47176,7.12775,0.742783,4.58519,2.29494,0,4.07764,2.92761,1.59215,1.02064,1.11406,5.66555,4,91.3047
hp-01352830-01271,RW,double_extortion,1757550071,0,,0.34826,4.95135,0.52337,0.389921,186.194,6.59135,0.989379,2.50493,2.53297,4.00003,0.599023,1.00542,1.0212,1.82691,18.0793,2.89774,12.4674,0,2.04246,1.84172,4,410.31
hp-01352830-01272,RW,double_extortion,1757550072,0,,1.50571,2.58922,0.453318,0.364316,76.371,7.88158,0.177226,3.67035,2.59142,6.46067,0.890435,2.77914,0,1.02198,24.615,3.65503,2.91435,1.00477,2.01143,3.64114,4,518.53
hp-01352830-01273,RW,ambiguous:network_bulk,1757550073,0,,0.844208,3.93817,0.0726014,0.239302,53.9341,5.23126,0.636753,3.09444,1.95616,0,0.563446,4.29374,0,0,10.6852,3.79587,5.1319,2.97531,1.31242,0,3,1109.77
hp-01352830-01274,RW,ambiguous:slow_bulk,1757550074,224,,2.25375,0.813175,0.049596,0.153467,207.359,0,0,0,0.124852,0,0.537493,2.88608,0.989413,0,0.968071,3.67961,2.72455,1.95081,0,4.23533,3,1291.39
hp-01352830-01275,RW,double_extortion,1757550075,224,,2.9221,2.17438,1.55862,0.643789,140.775,0,0,0,18.7282,6.10753,0.911398,3.96978,3.53984,1.56116,22.082,3.47228,2.65116,1.08682,4.14199,1.92715,4,135.261
hp-01352830-01276,benign,backup_agent,1757550076,0,,3.02366,4.83939,0.194526,0.538212,217.117,7.75246,0.8747,0.844118,1.33388,1.03656,0.317538,4.08711,1.03688,0,1.73847,0.835952,0.598128,0,1.10396,11.6068,4,491.994
hp-01352830-01277,benign,backup_agent,1757550077,0,,6.63124,8.56725,0.139577,0.0992787,202.082,7.28904,0.644199,1.10054,2.19673,0,0.59434,0.878158,0,0,2.95724,3.3891,2.07742,0,0,6.1245,4,431.538
hp-01352830-01278,RW,ambiguous:slow_bulk,1757550078,0,,0.758089,0.392013,0.100733,0.668349,143.736,5.97028,0.425179,5.26448,1.72599,0,0.802002,0.87554,1.85937,0,0,2.14742,1.09496,2.02934,2.07429,5.7987,3,1453.2
hp-01352830-01279,benign,ambiguous:crypto_bulk,1757550079,0,,9.979,0.380962,3.00698,0.8079,49.2414,5.76419,0.403755,2.50638,35.5742,3.87603,0.443616,4.13822,0,1.13646,2.11283,2.70156,0.488498,1.00271,0.987391,5.6456,4,72.9869
hp-01352830-01280,benign,ambiguous:crypto_bulk,1757550080,0,,6.58573,0.782927,1.55866,0.312288,97.2771,6.70529,0.639422,1.28355,3.23965e+06,4.32014,0.663188,0.977905,1.85688,0,0.937133,2.87666,4.23071,0,0.944652,3.46757,3,88.0891
hp-01352830-01281,RW,ambiguous:slow_bulk,1757550081,0,,2.62941,1.60757,0.137894,0.216966,25.5581,6.05606,0.252088,2.21301,0.81108,3.58011,0.192493,0.84034,0,1.16356,1.96008,2.66458,1.17483,0,1.18597,10.2992,4,572.185
hp-01352830-01282,benign,backup_agent,1757550082,0,,1.69766,1.20102,0.0694392,0.104146,109.672,6.39138,0.662789,0.346507,0.432269,0.952702,0.398414,2.05892,0,0,2.15595,0.267895,0.253049,0.936526,0,7.28243,1,1184.68
hp-01352830-01283,benign,office_workload,1757550083,0,,0.110195,0.994429,0.0210382,0.051721,6.73432,7.7536,0.566238,2.81151,0.090102,0,0.520844,2.83511,0,0,0,3.16967,0.905292,0,0,0.87126,2,871.142
hp-01352830-01284,RW,ambiguous:crypto_bulk,1757550084,0,,15.1914,0.791836,0.941695,0.556451,99.7772,7.44441,0.335043,2.72641,118.815,1.7609,0.840341,2.04212,0.881466,3.38536,1.07971,3.6134,2.30836,0,0.904797,2.93605,3,38.6995
hp-01352830-01285,RW,low_and_slow,1757550085,0,,2.24359,0.951833,1.2348,0.188331,143.615,6.38911,0.609837,1.89549,2.13033,3.00161,0.547954,3.79077,0,2.09525,3.07774,1.75353,2.83844,1.10321,0.850263,3.8393,4,336.12
hp-01352830-01286,benign,cleanup_utility,1757550086,0,,2.18078,1.69822,0.0649439,0.14965,120.327,2.18374,2.30411,0.210013,0.265313,0,0.117212,1.71512,0,0,0,0.334072,1.6307,0,1.06325,7.41556,2,358.655
hp-01352830-01287,RW,double_extortion,1757550087,0,,5.75511,1.0838,1.22588,0.667524,166.321,8,0.22655,1.69549,7.25551,4.79324,0.643552,1.72603,1.05962,0,23.6889,3.91075,4.30639,0.988381,3.7302,3.86307,4,86.1843
hp-01352830-01288,benign,sync_client,1757550088,14336,,1.3666,1.43899,0.00631908,0.0525634,2.59486,7.55511,1.16453,0.113935,0.511686,0,0.134703,0,0,0,12.2771,4.68775,11.6644,0.794507,0,0.902496,2,637.15
hp-01352830-01289,benign,installer,1757550089,114688,,1.87904,5.96772,0.0751538,0.216876,14.1993,8,0.576222,0.249311,0.937914,0,0.219726,5.1164,1.1231,2.28413,0,0,0,6.63726,0,0,3,115.037
hp-01352830-01290,RW,wiper_like,1757550090,224,,37.3241,1.64414,20.2456,0.629354,132.612,0,0,0,8.02099,4.20631,0.655933,2.4883,1.77993,1.94669,8.98188,3.08004,6.88852,1.8842,1.79812,5.09342,4,39.0992
hp-01352830-01291,benign,sync_client,1757550091,0,,1.19794,1.30998,0.00269521,0.402217,7.73548,4.68567,0.252213,0.876979,0.0493292,1.19562,0.381541,0.966041,0,0,20.686,4.22151,6.05561,0,0,0.910329,3,453.528
hp-01352830-01292,RW,low_and_slow,1757550092,0,,1.07602,0.89885,0.0547724,0.519541,70.174,5.42822,0.192499,1.97004,0.914125,9.1723,0.643176,4.32118,0.978965,0.778393,2.89716,2.49746,1.27882,2.99936,2.16038,2.99298,4,776.844
hp-01352830-01293,RW,ambiguous:slow_bulk,1757550093,129024,,0.774295,1.73374,0.0707813,0.358364,162.599,5.4545,0.275867,1.4066,1.53567,2.5901,0.595583,0,0,0,0,0,0,1.22094,0,10.9399,4,670.974
hp-01352830-01294,RW,low_and_slow,1757550094,0,,1.82257,0.651632,0.213523,0.614065,100.075,7.37601,0.241508,3.76112,0.968485,6.18886,0.618708,0,0,0,2.98529,3.49871,0.650816,1.87035,0,9.64576,4,729.958
hp-01352830-01295,benign,sync_client,1757550095,917504,,4.02598,0.817589,0.0209857,0.134808,27.0531,4.08661,0.854109,0.894772,0.161883,0,0.343864,0.994839,0,0,20.9293,5.36627,3.0138,0,0,0,3,196.539
hp-01352830-01296,benign,disk_encryptor,1757550096,0,,5.97776,1.10459,3.57763,0.463111,172.899,7.98234,0.304108,1.8582,66.8673,5.92303,0.282547,2.01659,0,0,1.06899,1.94041,0.450564,0,0,0,4,47.4314
hp-01352830-01297,RW,low_and_slow,1757550097,0,,3.13148,0.166708,0.20126,0.141477,54.6681,6.11399,0.461687,1.783,1.89662,12.3908,0.590168,1.11848,1.02919,3.20476,3.91749,6.15241,1.56089,0,0,3.81912,4,216.316
hp-01352830-01298,RW,fast_crypto,1757550098,224,,14.614,0.591157,5.40467,0.741556,75.4788,0,0,0,12.4952,7.31162,0.832048,2.92135,2.94277,0.91235,3.18591,4.01535,1.72066,4.64849,1.73227,3.80962,4,26.5103
hp-01352830-01299,benign,ambiguous:slow_bulk,1757550099,0,,0.581703,1.36567,0.0628212,0.476094,45.9184,7.77082,0.210795,3.92838,0.0879655,2.55362,0.638597,3.54392,1.91469,2.58216,0.901941,2.3904,0.552284,0,0,6.03652,4,1799.32
hp-01352830-01300,benign,office_workload,1757550100,116480,,0.223576,2.05964,0.0170641,0.0976292,42.0454,4.6735,1.76236,1.15523,0,0,0,2.23752,0,1.06006,0,0,0,1.11227,0,0,1,525.846
hp-01352830-01301,RW,ambiguous:slow_bulk,1757550101,0,,0.155533,3.38521,0.0489025,0.271145,262.336,4.62081,1.12712,1.9269,0.479164,1.84731,0.339269,2.6728,0,0,1.8412,2.26373,1.22546,0.931129,0,4.08527,4,2170.54
hp-01352830-01302,benign,ambiguous:network_bulk,1757550102,114912,,1.4276,1.19251,0.542623,0.420146,42.8361,0,0,0,1.98414,2.77933,0.235947,0.809555,0,0,0,0,0,0.988455,0,1.72297,3,386.328
hp-01352830-01303,RW,double_extortion,1757550103,114688,,4.31948,2.12358,1.07042,0.442225,49.1151,4.93243,0.35426,1.82794,8.35541,7.26744,0.574911,2.80967,0,1.11965,0,0,0,1.16789,2.10646,5.39046,4,195.631
hp-01352830-01304,RW,low_and_slow,1757550104,0,,2.22047,0.850315,0.644801,0.49915,54.5617,7.52922,0.142224,3.00713,1.33328,6.49896,0.640748,3.76276,1.06005,0,6.76287,3.45978,3.31061,0,0,2.63776,4,410.851
hp-01352830-01305,benign,backup_agent,1757550105,224,,9.4177,2.25166,0.155752,0.146373,75.9269,0,0,0,4.46071,0,0.137602,0.911236,0,0,1.87013,0.234318,1.2376,0,0,8.48103,3,469.824
hp-01352830-01306,benign,installer,1757550106,1792,,0.36095,3.38273,0.00507249,0.0476427,18.3917,8,0.930216,1.04432,0,0,0,8.10652,1.88184,0.99094,0.914922,1.75143,3.43694,3.58835,0,0,3,247.373
hp-01352830-01308,RW,double_extortion,1757550108,14336,,3.88427,1.43415,1.5623,0.425408,95.5144,8,0.327975,1.89283,5.54051,4.44381,0.522022,0,0,0,20.2525,2.04263,5.51278,0.846842,0.744373,5.4283,4,98.1531
hp-01352830-01309,RW,wiper_like,1757550109,1,,0,1.35634,3.91478,0.882871,232.653,8,0.385202,2.65454,6.15577,1.02987,0.773175,0.957168,0,0.88568,7.00244,2.98972,4.32029,0.982749,0,2.25641,3,65.0838
hp-01352830-01310,RW,ambiguous:crypto_bulk,1757550110,0,,7.00009,0.539944,1.33943,0.163531,50.3358,8,0.170595,4.7164,48.8535,1.71266,0.525295,1.2885,0.965396,0,3.38278,2.0554,0.68876,1.98287,0,4.06281,3,78.2516
hp-01352830-01311,RW,ambiguous:crypto_bulk,1757550111,0,,16.2381,0.39756,2.74108,0.72085,60.852,7.36161,0.352665,5.07868,17.5966,5.37605,0.719901,2.58793,3.90843,0.887699,2.78121,3.85238,1.48991,0.775062,0.856247,1.74835,3,59.7834
hp-01352830-01312,benign,ambiguous:crypto_bulk,1757550112,0,,9.49249,0.316892,5.05394,0.511823,148.638,6.66672,0.239886,2.47655,20.341,6.20878,0.533746,0.812458,0,0,1.00709,2.07379,0.918199,0.94355,2.74783,2.05493,4,54.4234
hp-01352830-01313,RW,fast_crypto,1757550113,0,,6.79709,2.11414,2.9234,0.764074,42.0794,8,0.224236,3.74597,23.0042,9.0791,0.347538,1.04814,0,0,8.70744,3.19163,1.62549,0.84765,0.924937,2.79531,4,132.541
hp-01352830-01314,RW,ambiguous:crypto_bulk,1757550114,0,,6.98929,0.31214,1.24761,0.807514,186.539,6.53597,0.125995,1.71566,8.50047,4.67049,0.449039,0,4.08844,0,4.92778,0.950104,5.80143,1.94066,1.93508,0.914652,4,114.982
hp-01352830-01315,benign,backup_agent,1757550115,14336,,1.74768,3.30885,0.0790111,0.288273,113.622,7.01142,0.310563,1.22482,3.27668,1.21016,0.25524,0,0,0,0,1.9644,0.217321,0.813184,1.68891,10.6883,2,885.308
hp-01352830-01316,benign,installer,1757550116,1792,,1.75019,1.24024,0.198846,0.123634,25.3576,6.16923,1.9318,0.901511,0,0,0,4.82601,0,0.93147,0,1.13479,0.648257,3.01338,0,0.908015,3,82.4699
hp-01352830-01317,benign,installer,1757550117,0,,0.680455,1.02679,0.0339387,0.0208232,26.6943,4.9795,0.867318,0.767584,3.81428,0,0.226474,13.7944,0.852226,1.04196,0,2.13114,0.626146,6.04216,0,0,3,185.248
hp-01352830-01318,RW,fast_crypto,1757550118,224,,8.40721,0.587513,2.34303,0.352668,121.718,0,0,0,27.7183,3.79738,0.710585,1.10671,1.65376,2.32915,8.19483,4.42136,0.589391,0,2.08521,1.70103,4,62.7239
hp-01352830-01320,benign,backup_agent,1757550120,917504,,2.29149,3.98099,0.0556976,0.529416,302.491,7.24647,1.98294,0.545324,4.30069,0,0.168535,3.91954,0,0,0,4.34552,2.0056,0,0,0,4,418.417
hp-01352830-01321,benign,ambiguous:crypto_bulk,1757550121,0,,32.5633,0.687156,3.56306,0.603344,39.9768,7.57583,0.798219,1.89731,6.28608,2.83146,0.616274,1.89576,0.938324,0,8.90979,4.04931,0.287348,1.05736,1.08539,2.05506,4,89.4664
hp-01352830-01322,benign,ambiguous:network_bulk,1757550122,14336,,1.32318,1.59038,0.598013,0.184971,63.88,6.34163,0.839675,1.41291,0.893786,0.901787,0.507389,0,0,0,19.863,2.50361,4.73136,0,0.943198,3.40657,4,803.435
hp-01352830-01323,benign,ambiguous:network_bulk,1757550123,0,,6.12735,1.54566,0.305561,0.508763,87.7405,5.91667,0.412152,1.41449,8.42518,3.89866,0.379233,0.869858,1.09575,2.17083,15.5208,4.77552,8.70693,0,0,1.7617,2,225.257
hp-01352830-01324,benign,installer,1757550124,0,,3.22909,1.00741,0.0241454,0.0212851,2.29677,8,1.54875,2.96829,1.16544,0,0.420368,6.39993,0,2.03332,2.59549,2.80044,0.529338,4.12211,0,0,2,218.97
hp-01352830-01325,benign,ambiguous:crypto_bulk,1757550125,0,,20.622,0.376484,3.53515,0.684288,60.2904,5.68196,0.18504,1.0034,26.4808,2.76904,0.671094,0,2.46749,0,6.09507,2.67797,2.34491,1.00099,0,1.89074,2,30.0389
hp-01352830-01326,RW,low_and_slow,1757550126,0,,2.05048,0.628442,0.232592,0.599657,50.1504,5.77897,0.193434,2.61401,2.8678,9.80395,0.477249,0.989586,0,1.1181,4.01268,3.42622,2.15468,2.15559,0.980162,4.04697,4,485.892
hp-01352830-01327,RW,double_extortion,1757550127,0,,3.23201,0.851848,1.01631,0.722551,211.608,6.71337,0.185909,3.90049,7.82064,9.11252,0.723876,5.10018,0.953585,1.14838,14.2982,4.79776,3.41791,0.956347,0,4.46661,3,203.927
hp-01352830-01328,benign,installer,1757550128,224,,2.31521,1.58889,0.0984606,0.0322681,6.08124,0,0,0,1.56291,0.967932,0.131478,6.20754,0,2.94382,1.07691,1.958,4.48071,3.00115,0,1.04648,3,76.876
hp-01352830-01329,RW,ambiguous:network_bulk,1757550129,0,,0.701551,1.46173,0.368963,0.311077,48.9714,6.90586,0.65814,0.812685,2.02939,4.47885,0.542409,0.981179,0,0,16.9008,2.67969,4.80412,1.15602,1.98424,6.24506,4,700.248
hp-01352830-01330,benign,backup_agent,1757550130,917504,,4.66868,7.48508,0.0674394,0.324901,85.1648,6.2669,0.466361,2.71541,0.559452,0,0.187063,2.09948,0,0,1.0583,1.68537,0.816004,0,0,0,2,1043.4
hp-01352830-01331,benign,disk_encryptor,1757550131,114688,,5.59548,0.866079,1.90255,0.558304,79.3532,7.43871,0.357201,0.923965,24.3372,7.55354,0.537678,4.38552,0,0,0,0,0,0,0,1.57638,4,147.656
hp-01352830-01332,RW,fast_crypto,1757550132,0,,17.0092,0.662135,3.49949,0.737016,64.5524,5.39506,0.313935,2.12659,40.4808,8.08875,0.800331,1.84997,2.96887,0,4.90158,4.34563,2.12012,3.02548,4.07108,6.81161,4,69.082
hp-01352830-01333,benign,ambiguous:crypto_bulk,1757550133,0,,4.41772,1.32623,0.727577,0.752511,96.6939,6.21225,0.343048,2.48743,44.5787,2.16753,0.814885,4.86894,1.0724,3.71152,3.86008,2.41338,1.5122,2.09724,1.2404,1.7688,4,76.2777
hp-01352830-01334,benign,backup_agent,1757550134,917504,,1.78751,2.76558,0.0798331,0.449603,101.533,6.00126,1.89633,2.08632,0.159269,0,0.208175,2.62972,1.0111,0,2.17931,3.55304,1.42967,0,0,0,2,2911.52
hp-01352830-01335,RW,wiper_like,1757550135,0,,18.1309,0.285561,15.668,0.728046,66.4745,8,0.0947757,4.26526,3.1526,1.16827,0.432856,1.83276,1.7867,1.68652,3.84772,3.05881,0.79306,1.94072,4.44444,3.96802,4,26.9367
hp-01352830-01336,RW,fast_crypto,1757550136,0,,13.1955,0.762196,4.55536,0.464267,259.765,5.77111,0.598032,1.60655,11.3539,3.37251,0.444082,0,2.08195,0.854691,2.88832,3.64362,3.54808,3.62159,3.72206,2.50826,3,68.2772
hp-01352830-01337,RW,ambiguous:network_bulk,1757550137,0,,12.4165,1.84186,0.132973,0.339643,109.445,6.21199,0.988949,3.27082,538225,2.83452,0.480444,0.784542,0,0,22.5412,3.40905,11.2582,2.38716,1.87376,0.966908,3,324.067
hp-01352830-01338,RW,ambiguous:crypto_bulk,1757550138,0,,5.05053,2.30215,0.601008,0.507191,151.048,7.60913,0.335673,3.56176,4.26455,2.11658,0.673886,0.952319,0,1.12866,3.2888,0.764443,2.20601,1.04112,0.896513,5.36796,4,145.291
hp-01352830-01340,RW,ambiguous:slow_bulk,1757550140,224,,1.05439,0.728384,0.0271336,0.273813,102.108,0,0,0,0.77524,2.78582,0.401372,3.28191,1.01006,0,2.81046,2.50529,3.39829,0,0,5.30166,4,530.183
hp-01352830-01341,benign,installer,1757550141,0,,1.06825,1.13153,0.051263,0.150468,6.19751,4.60206,0.685758,1.06856,1.45972,0,0.413479,8.05514,0,0.978054,3.37666,0.77915,0.932912,4.1054,0,0.950805,2,103.422
hp-01352830-01342,benign,ambiguous:crypto_bulk,1757550142,0,,10.6908,1.20997,4.00771,0.87965,63.0442,5.91349,0.429045,1.87017,32.9412,4.30164,0.715825,0.863783,0,0,4.28349,3.17736,2.06788,2.1971,0,4.09703,3,114.707
hp-01352830-01343,RW,fast_crypto,1757550143,0,,63.4679,0.659866,5.17478,0.754506,156.593,6.32095,0.128898,2.55393,38.9561,9.96765,0.500056,2.15673,2.86814,1.15744,3.63627,3.21961,2.73337,1.80555,3.11927,7.01477,4,33.7173
hp-01352830-01344,RW,fast_crypto,1757550144,114688,,4.02271,0.148302,0.681462,0.675169,86.7819,8,0.20739,3.06145,1.32423e+06,3.46838,0.641163,0.952475,0,0.923428,0,0,0,0.804569,1.91241,5.19277,4,82.9968
hp-01352830-01345,RW,wiper_like,1757550145,0,,11.918,0.592223,8.00233,0.833073,58.9034,7.69617,0.213149,4.44668,1.0782,0,0.592965,1.34007,1.87948,0,3.7402,6.41487,1.14078,4.33719,1.17366,3.84184,2,73.875
hp-01352830-01346,benign,ambiguous:slow_bulk,1757550146,14336,,0.484285,0.650827,0.0429381,0.22761,102.553,7.87803,0.241144,2.35182,0.123748,4.74087,0.414454,0,0,0,2.0554,2.41879,2.77693,0,2.00254,5.65767,4,2219.38
hp-01352830-01347,benign,sync_client,1757550147,0,,1.92586,4.20051,0.0160427,0.113031,3.93249,4.25051,0.572995,0.306478,0.346964,0,0.589793,1.13093,0,0,22.0727,2.99219,4.91615,0,1.15267,0,1,829.652
hp-01352830-01348,RW,double_extortion,1757550148,224,,8.12322,1.18081,0.950477,0.259751,299.541,0,0,0,16.6934,2.35247,0.489096,2.79026,2.28816,0,17.3097,2.61381,2.75636,2.0874,2.31304,0.821422,4,115.952
hp-01352830-01349,RW,wiper_like,1757550149,1,,0,0.276529,15.1557,0.452247,61.6844,6.34955,0.406235,6.73539,28.8897,0.945191,0.748496,2.82292,0,1.97645,2.9339,3.95169,1.12489,1.98953,1.11582,4.49255,4,38.4545
hp-01352830-01350,RW,double_extortion,1757550150,917504,,0.852811,1.0262,0.162504,0.468478,47.0927,6.13706,0.326705,1.84708,2.21582,4.16714,0.810499,5.54635,0,3.64518,17.6352,4.19467,2.39874,0,0,0,4,526.932
hp-01352830-01351,benign,installer,1757550151,0,,2.63581,0.609942,0.166872,0.0688189,34.4128,7.04423,0.891456,1.5134,2.68351,0,0.198022,10.6803,1.09601,0,2.09232,2.13845,1.18761,0.906116,0,0,4,63.3924
hp-01352830-01352,RW,low_and_slow,1757550152,0,,0.709038,0.841793,0.0395136,0.588713,103.503,5.47117,0.151993,2.04548,1.44241,3.57441,0.846865,1.05933,0,0,3.95616,2.60326,1.1311,0,1.66643,6.22339,4,464.112
hp-01352830-01353,benign,installer,1757550153,31,,0,0,0,0,0,5.62177,1.86132,3.32651,4.05825,0,0.207538,8.26332,0,1.79299,0,1.59082,3.06357,4.14632,0,1.13164,3,56.739
hp-01352830-01354,benign,installer,1757550154,224,,10.3167,2.85922,0.13309,0.0110094,9.65317,0,0,0,5.11002,1.0401,0.0855306,8.02744,0,2.01965,1.04138,3.05227,2.18698,5.37158,0,2.18239,4,54.9641
hp-01352830-01355,benign,sync_client,1757550155,0,,0.442296,2.89451,0.00511257,0.017555,23.321,4.76111,0.63975,0.903841,0.08635,2.07781,0.352105,0,0,0,22.6965,3.802,11.2639,0,0,0,1,633.421
hp-01352830-01356,benign,sync_client,1757550156,0,,0.586908,2.28538,0.00869413,0.187855,10.2261,7.76028,0.874531,0.249945,0.0298867,1.03743,0.545056,0,0,0,17.0009,3.42024,6.97731,0,0,1.21891,2,816.777
hp-01352830-01357,RW,double_extortion,1757550157,917504,,1.4874,1.18503,0.232059,0.68568,267.46,7.88402,0.515671,2.29612,7.5966,5.01577,0.682297,1.67099,1.06656,1.92206,16.3739,3.49836,9.40811,0,0,0,4,215.315
hp-01352830-01358,benign,backup_agent,1757550158,0,,0.308043,1.64211,0.0396007,0.164822,171.235,8,0.920569,1.32764,0.220044,0,0.504458,0,0,0,0,2.75319,0.925096,1.01473,1.13931,8.89086,2,4321.6
hp-01352830-01359,benign,cleanup_utility,1757550159,14336,,6.78514,1.79096,1.15885,0.0178453,103.986,3.26731,0.355349,0.081056,0.142174,0,0.198201,0,0,0,1.07064,1.32964,1.46417,0,1.95558,4.56733,3,199.349
hp-01352830-01360,RW,ambiguous:crypto_bulk,1757550160,0,,17.7633,2.34483,4.08661,0.581819,106.273,6.26503,0.387298,4.18091,24.945,2.1225,0.853193,1.81136,1.10821,0,6.36127,2.66302,3.35538,0,2.36287,0.882139,3,65.5797
hp-01352830-01361,benign,office_workload,1757550161,919296,,0.303785,1.02656,0.0164348,0.0665524,7.64329,6.46287,1.01821,0.307781,0,0,0,2.51391,0,0,0.800297,2.68458,1.0147,0,0,0,2,408.794
hp-01352830-01362,benign,cleanup_utility,1757550162,0,,1.33167,1.27639,0.0740508,0.11507,75.2282,8,0.789843,0.141328,0.267916,0,0.294681,0.974256,0,0,2.19613,2.00287,1.755,1.94088,3.68113,9.56399,3,467.151
hp-01352830-01363,benign,office_workload,1757550163,114688,,0.0888736,2.55779,0.00579784,0.100284,29.5455,3.10493,0.707483,0.245178,0.259114,1.01331,0.541333,0.827485,0,0.998472,0,0,0,0,0,0,2,322.835
hp-01352830-01364,RW,fast_crypto,1757550164,0,,31.6292,0.731921,31.0466,0.522618,104.437,6.1771,0.264236,1.44315,30.3802,6.56118,0.695563,1.11712,2.17599,0,4.18684,4.58051,3.8245,1.53525,2.39486,2.6848,4,25.2721
hp-01352830-01365,RW,wiper_like,1757550165,917504,,53.1387,0.771212,41.4738,0.544472,123.009,7.19038,0.174981,2.27403,10.1928,0,0.664217,1.01791,0,2.51547,5.13707,3.36327,1.93877,0,0,0,4,27.7364
hp-01352830-01367,RW,double_extortion,1757550167,129024,,6.20949,1.51407,4.01496,1,118.53,6.99645,0.262346,4.30124,3.56758,3.62726,0.592892,0,0,0,0,0,0,0,1.84164,7.73716,4,263.29
hp-01352830-01368,benign,installer,1757550168,0,,3.10265,3.0409,0.0908882,0.0904812,13.1411,3.70731,0.668611,1.39188,3.784,0,0.05258,14.0142,0,0,0,0.987917,0.152982,6.15157,0,0.840193,3,49.4608
hp-01352830-01369,benign,office_workload,1757550169,0,,0.0243214,1.02945,0.00449163,0.0699961,25.3101,5.47159,0.281929,0.154616,0.0372863,1.93454,0.0835809,0.884036,0,1.16857,1.00356,0.468786,2.5998,0,0,0,1,3314.21
hp-01352830-01370,benign,ambiguous:slow_bulk,1757550170,0,,0.604784,1.87991,0.133601,0.302218,196.823,5.35638,0.866224,1.34913,0.110219,4.05307,0.269941,3.02383,1.1139,0,1.05065,1.97456,3.30908,1.36911,0,3.69843,4,600.607
hp-01352830-01371,RW,double_extortion,1757550171,0,,1.17509,1.00008,0.335676,0.565899,78.1473,7.38627,1.34349,0.775525,1.22604,7.88116,0.392384,1.02612,2.02656,0,12.5492,3.12742,10.7272,0,2.93093,2.20584,4,726.968
hp-01352830-01372,RW,ambiguous:slow_bulk,1757550172,0,,2.09205,0.607241,0.29323,0.28752,239.878,7.71132,0.449637,1.72329,0.952807,9.05823,0.56333,0.910348,0,0,3.21562,1.65625,0.601732,1.07234,1.08301,9.92909,4,398.626
hp-01352830-01373,RW,double_extortion,1757550173,1,,0,2.20047,1.20766,0.529884,105.036,8,0.210364,4.5973,6.83737,6.70169,0.44383,2.15306,1.11788,1.19242,14.0969,5.93331,3.29178,0,1.10026,4.29731,4,58.0578
hp-01352830-01374,RW,low_and_slow,1757550174,0,,0.566157,0.683726,0.03891,0.497666,243.697,6.08255,0.134339,4.77653,3.0009,11.9107,0.97074,3.29928,2.24856,0,3.06352,3.45848,2.16081,2.07915,0.943943,2.15142,4,537.497
hp-01352830-01375,benign,disk_encryptor,1757550175,917728,,5.28563,1.5805,0.517351,0.372272,22.6296,0,0,0,25.7262,3.72244,0.255377,1.13703,0,0,1.08543,1.83437,1.06326,0,0,0,3,115.433
hp-01352830-01376,benign,office_workload,1757550176,0,,0.0388759,2.0303,0.00285981,0.0818859,25.1231,3.45201,0.273224,0.766801,0.0794915,0,0.0345023,2.06594,0,0,0,0.939837,2.11643,0,0,0,1,1162.25
hp-01352830-01377,RW,ambiguous:slow_bulk,1757550177,0,,0.706536,2.50303,0.031583,0.382854,118.239,7.39239,0.352637,2.05552,0.711978,5.56687,0.134905,6.11371,0,0,2.32667,2.22148,2.4227,0,0,7.58218,4,1904.88
hp-01352830-01378,benign,disk_encryptor,1757550178,0,,7.99609,1.1313,0.504755,0.442079,66.7079,7.94216,0.982818,8,5.56072,5.77952,0.509711,2.27577,0,0,0,2.59344,0.447921,0,0,0,2,82.2667
hp-01352830-01379,RW,fast_crypto,1757550179,0,,24.3674,0.543847,24.4407,0.683951,300.605,5.70176,0.131714,2.28172,83.1796,5.37732,0.534595,4.50278,1.55705,0,7.92602,4.06549,1.70602,3.04713,2.24917,5.4819,4,21.1354
hp-01352830-01380,RW,wiper_like,1757550180,0,,43.6827,1.81975,20.2187,0.720692,120.78,5.84995,0.365138,3.23787,2.28832,1.28885,0.613155,1.06944,0,0,2.62114,2.60568,2.22982,3.22775,3.21402,1.7327,4,35.5787
hp-01352830-01381,benign,ambiguous:crypto_bulk,1757550181,0,,13.7057,0.913156,2.57736,0.38579,25.5332,5.73432,0.187469,1.93659,9.53522,4.2543,0.57034,0,0,0.953272,4.5794,3.354,0.870749,1.66562,1.92912,4.36265,4,77.8614
hp-01352830-01382,benign,ambiguous:crypto_bulk,1757550182,224,,6.27894,1.54527,3.59287,0.507428,41.3524,0,0,0,2.56676e+06,4.23202,0.313053,1.87627,0,0,3.31208,1.99357,3.389,0,0,5.56545,4,69.4915
hp-01352830-01383,RW,double_extortion,1757550183,0,,3.63601,2.34416,2.13287,0.930304,131.283,7.5936,0.370527,1.58242,4.61471,3.4956,0.474433,1.06601,3.52591,0.888144,16.7128,3.39552,4.75156,1.01144,2.54615,7.44334,4,161.585
hp-01352830-01384,RW,ambiguous:slow_bulk,1757550184,1792,,0.304702,1.14285,0.0747712,0.588937,106.598,7.53642,0.527536,1.65988,0,0,0,2.01933,1.21984,0,7.99999,3.61989,0.970574,0,3.5517,2.7182,4,1223.63
hp-01352830-01385,benign,ambiguous:slow_bulk,1757550185,0,,2.71946,0.364246,0.373516,0.733789,150.894,7.17274,1.36767,3.25545,1.12248,3.26711,0.375905,4.00352,0,0,3.8314,3.98317,0.80585,0,2.48122,12.4321,3,492.463
hp-01352830-01386,benign,sync_client,1757550186,0,,0.513427,3.75697,0.0162113,0.0394826,38.1631,3.39459,2.4632,0.494363,0.0274321,0,0.220461,4.8825,0.89923,0,19.9784,3.50464,6.4307,0,0.975166,1.03213,3,309.351
hp-01352830-01387,benign,office_workload,1757550187,1792,,0.123029,0.796015,0.0504338,0.00116655,11.4377,2.17017,0.996762,0.434272,0,0,0,3.01136,0,0,1.83831,2.28128,0.713402,0,0,1.08233,2,383.542
hp-01352830-01388,RW,double_extortion,1757550188,14336,,3.48495,1.77709,0.838816,0.567104,94.1941,6.08206,0.109672,2.44946,32.158,7.44728,0.744664,0,0,0,27.5596,4.43788,5.21398,0.987379,2.59868,5.6775,4,118.235
hp-01352830-01389,benign,ambiguous:slow_bulk,1757550189,14336,,3.44333,3.7443,0.0552396,0.284379,86.4569,7.4665,0.401032,2.87838,0.685183,3.91488,0.451807,0,0,0,6.03866,4.36385,0.813547,1.48041,1.4494,6.26737,4,1175.73
hp-01352830-01390,RW,double_extortion,1757550190,0,,4.36332,2.14425,2.3904,0.824471,336.088,6.39025,0.18516,2.64276,25.9202,2.89564,0.61553,0,0,4.01867,16.9838,3.37425,7.43274,0,1.07514,5.20393,4,81.9306
hp-01352830-01392,RW,fast_crypto,1757550192,0,,19.4076,0.417072,3.03749,0.82215,41.9756,5.94449,0.141073,5.95661,28.807,8.06747,0.254123,2.79345,0.955978,2.70043,2.97216,3.53672,4.84003,0,1.9831,4.50656,4,45.9823
hp-01352830-01393,benign,sync_client,1757550193,0,,0.439181,0.673118,0.0065691,0.0405483,6.48807,5.36731,1.06709,0.735283,0.063954,0,0.0600592,0.855145,0,0,15.5971,3.28757,5.07006,0.980941,0,0,1,911.799
hp-01352830-01394,RW,ambiguous:network_bulk,1757550194,0,,3.44306,3.27834,0.312035,0.356592,85.6758,4.98154,0.197395,5.526,6.34801,1.9751,0.621104,2.46328,0,0,18.4532,3.95722,4.83208,2.23073,0,1.13603,4,206.903
hp-01352830-01395,benign,disk_encryptor,1757550195,0,,10.4897,0.990854,0.275793,0.364279,61.5875,7.24426,0.494305,3.83274,18.9935,7.10333,0.131537,0.895214,0,0,1.95949,3.27682,0.702145,0,0,0,3,104.921
hp-01352830-01396,benign,installer,1757550196,0,,27.4845,4.24439,0.0929896,0.447534,12.2057,4.90746,1.00232,2.72126,5.67814,0,0.490684,7.27522,1.02396,3.23057,0,3.13482,0.614229,6.94661,1.02131,1.03864,3,12.3663
hp-01352830-01397,RW,fast_crypto,1757550197,0,,8.39275,0.265524,1.98028,0.976832,53.7077,6.80624,0.227817,2.18232,18.8128,6.91585,0.596637,1.73429,0.869979,0,1.67744,4.09852,0.895884,3.58796,1.72277,6.77933,4,19.092
hp-01352830-01398,benign,office_workload,1757550198,0,,0.247686,2.34999,0.00836316,0.00289587,7.24564,4.17848,0.732737,1.85447,0.635424,0,0.511654,0.955764,0,0,0.983567,3.11796,2.10091,0,0,1.06336,1,195.879
hp-01352830-01399,RW,fast_crypto,1757550199,114688,,15.0736,1.37755,2.56048,0.959557,62.9015,4.64067,0.385995,2.65957,19.0735,4.59982,0.511264,0,1.07752,0,0,0,0,0,0.869138,4.50961,4,63.3392
hp-01352830-01400,RW,fast_crypto,1757550200,0,,6.17053,0.675287,3.94557,0.43187,146.767,6.76256,0.375985,3.18722,16.864,6.2165,0.700514,1.67076,1.21742,0,9.01237,3.29556,0.975131,1.0925,4.20452,3.52295,4,112.041
hp-01352830-01401,RW,double_extortion,1757550201,0,,2.08734,0.740942,3.14311,0.321415,64.3289,7.57012,0.347446,4.79738,2.99328,6.87478,1,2.1138,0,0.962897,19.9482,3.67224,11.6845,0,2.85353,3.09474,4,250.789
hp-01352830-01402,benign,ambiguous:crypto_bulk,1757550202,0,,16.9705,0.709394,2.81394,0.723265,123.115,6.60131,0.488082,1.63299,40.9427,3.09766,0.639458,3.23651,1.05776,0,1.85313,2.98468,8.82436,0.875717,0.902346,5.20016,2,60.5392
hp-01352830-01403,RW,low_and_slow,1757550203,0,,0.378148,1.30009,0.02141,0.33371,76.6288,7.2714,0.369989,2.75567,0.332627,6.94739,0.788425,1.06538,0.923598,1.05833,2.41659,3.28525,2.62522,4.03444,1.98828,4.23798,4,1891.08
hp-01352830-01404,RW,wiper_like,1757550204,14336,,46.5156,0.441301,9.45956,0.47124,95.5706,6.90114,0.396662,1.96795,6.69717,0.978868,0.861083,0,0,0,7.10884,2.05207,0.76778,0,5.51502,3.14294,4,52.2468
hp-01352830-01405,benign,office_workload,1757550205,0,,0.00380372,1.64549,0.00125229,0.110879,23.8435,2.13684,1.25727,1.42756,0.0159467,0,0.0673082,0,0.967143,0,1.05055,2.61881,0.638383,0,0,0,1,3125.03
hp-01352830-01406,benign,cleanup_utility,1757550206,0,,1.13889,0.330407,0.0309134,0.319993,27.4549,4.1613,2.33411,0.172967,0.230443,0,0.218772,0,0,0,3.00586,1.6341,0.432884,0,3.58859,5.8261,4,248.888
hp-01352830-01407,RW,wiper_like,1757550207,0,,67.9037,0.717742,9.29837,0.811436,265.008,4.23996,0.270253,2.68501,7.87267,0.92257,0.597332,2.18995,0,0,3.43076,2.76716,3.25863,2.0552,1.06434,4.40831,4,22.8101
hp-01352830-01408,benign,ambiguous:crypto_bulk,1757550208,0,,14.3516,1.16877,4.97057,0.733806,135.099,6.24418,0.395914,2.93089,35.7162,3.99618,0.588079,1.90783,0,2.26452,3.92804,2.42916,0.304525,1.96995,0.864431,4.32584,3,28.6639
hp-01352830-01409,benign,disk_encryptor,1757550209,0,,10.6701,0.917685,1.02523,0.535483,85.2956,6.05244,0.285201,1.90632,30.029,6.35142,0.760276,1.01005,0,0,0,1.71144,0.79682,0,0,0,3,81.9173
hp-01352830-01410,benign,disk_encryptor,1757550210,0,,5.06528,1.5782,0.906025,0.321394,66.5237,7.40394,0.287604,3.06898,19.6894,6.12208,0.439608,0,0,0,1.58246,2.26174,0.543816,0,0,0.93118,2,218.894
hp-01352830-01411,RW,ambiguous:slow_bulk,1757550211,0,,2.83683,1.00205,0.0420141,0.471422,104.867,6.60428,0.199496,1.32802,0.612769,4.02024,0.324643,1.08142,0,1.78661,2.82172,3.37545,0.858708,1.12005,3.03211,5.25901,4,928.935
hp-01352830-01412,RW,ambiguous:crypto_bulk,1757550212,0,,7.52412,0.677609,0.362337,0.332839,154.783,6.25829,0.644899,3.95752,13.0048,4.98536,0.665975,1.01747,0,2.78504,0.947262,2.84503,2.50837,0.945391,1.70986,1.81261,3,212.388
hp-01352830-01413,benign,sync_client,1757550213,31,,0,0,0,0,0,2.49719,0.545268,1.10613,0.210216,0,0.13931,1.14436,0,0,17.9589,4.95712,8.10207,0.935645,0,0,3,186.133
hp-01352830-01414,RW,ambiguous:network_bulk,1757550214,224,,0.663608,4.34254,0.368351,0.0799043,113.442,0,0,0,0.448328,2.99183,0.669128,1.86061,0,0,13.0288,4.3358,4.53162,1.19257,1.71732,0.924548,4,421.761
hp-01352830-01415,RW,fast_crypto,1757550215,0,,11.6621,0.57462,6.54533,0.712774,69.147,5.36374,0.126312,1.92005,14.8021,7.1278,0.67701,1.17999,0.966961,2.51075,2.1584,2.72785,3.21994,2.05069,0.972084,4.56865,4,71.504
hp-01352830-01416,benign,cleanup_utility,1757550216,0,,3.34619,0.804428,0.0610766,0.0527176,199.948,5.37492,0.77412,0.275713,0.0595292,0,0.230292,1.06297,0,0,0,2.63364,6.24543,0,3.98064,4.08153,4,383.748
hp-01352830-01417,benign,disk_encryptor,1757550217,0,,13.7416,3.20063,0.887195,0.208596,30.4009,5.343,0.158481,1.7058,21.1298,6.58581,0.387108,1.08839,0,0,2.24474,5.38663,0.434336,0,0,0.952295,2,92.7389
hp-01352830-01418,benign,office_workload,1757550218,0,,0.016491,3.8455,0.00741324,0.0577007,19.0584,6.84257,0.897468,1.33242,0.581347,0.873625,0.431987,1.07299,0,1.2155,1.52792,0.777261,2.45562,0,0,0,2,660.664
hp-01352830-01419,RW,low_and_slow,1757550219,0,,2.61636,0.87702,0.166396,0.674214,140.458,7.81518,0.517097,1.34287,1.37659,4.79312,0.278372,2.80655,2.16766,2.4676,3.34632,3.76207,2.55085,3.01752,2.85376,2.72829,4,353.415
hp-01352830-01420,benign,sync_client,1757550220,31,,0,0,0,0,0,3.21856,1.29771,0.876596,0.02002,0.973353,0.137974,2.09302,0,0,12.7578,2.34341,10.7088,0.975172,0,0,2,1907.94
hp-01352830-01421,benign,backup_agent,1757550221,0,,1.99098,5.06905,0.0608521,0.334112,35.5819,4.99867,0.763322,3.51656,0.424204,1.23602,0.154343,1.08527,0,0,0,1.29994,0.114638,0,1.88619,9.0604,4,1010.52
hp-01352830-01422,RW,double_extortion,1757550222,16128,,0.788414,1.42487,0.182523,0.311847,71.0931,6.85301,0.38572,4.18315,0,0,0,0,0,0,22.9938,4.39476,4.43824,1.85577,1.00571,5.58288,4,904.98
hp-01352830-01423,RW,wiper_like,1757550223,224,,35.4651,0.570316,17.3627,0.969871,459.823,0,0,0,17.2461,0,0.804622,0.924924,0.805859,0,5.9019,2.48692,1.74143,0,3.76193,4.80355,4,22.4073
hp-01352830-01424,benign,cleanup_utility,1757550224,224,,3.9451,3.42401,0.169491,0.0910615,46.0305,0,0,0,0.237714,0.926764,0.168613,0.830213,1.10025,0.955792,0.852265,0.9071,0.401911,0,1.02501,4.31393,2,219.963
hp-01352830-01425,RW,ambiguous:network_bulk,1757550225,16128,,0.157265,1.91464,0.108614,0.21694,23.0114,5.84793,1.18022,2.16321,0,0,0,0,0,0,16.3031,2.6524,9.35669,0.882572,3.40749,3.91044,3,1388.23
hp-01352830-01426,RW,ambiguous:slow_bulk,1757550226,0,,1.01966,5.36646,0.165026,0.361044,62.0131,8,0.302874,1.41772,0.884388,4.71989,0.265933,0.932262,0,0,1.00129,2.80611,2.47958,0,0.986776,8.47572,4,699.033
hp-01352830-01427,RW,double_extortion,1757550227,0,,3.67184,1.13316,4.29313,0.647667,178.186,6.2599,0.246052,3.71328,671102,3.88826,0.682044,0.941698,1.8471,0,16.3236,3.23114,18.5206,0.842674,0.928,6.75652,4,274.821
hp-01352830-01428,benign,ambiguous:network_bulk,1757550228,0,,0.821285,1.18828,0.389505,0.264113,71.5049,8,0.396485,4.00457,0.713255,8.81921,0.491626,0.949762,0,0,17.1645,2.05248,8.47047,1.71236,0,1.0561,4,360.837
hp-01352830-01429,RW,wiper_like,1757550229,0,,8.72518,0.290418,8.57345,0.58447,69.2248,6.7548,0.30846,5.24139,1.41613,1.16422,0.974682,0.965359,2.08025,3.05536,4.18385,3.68975,1.49818,4.43904,1.24612,2.61686,4,92.2313
hp-01352830-01430,benign,disk_encryptor,1757550230,14336,,19.243,1.13822,1.45076,0.549438,467.73,8,0.653367,1.9552,12.8955,4.77988,0.669987,0,0,0,0.9877,1.29216,0.7183,1.01374,0,0,3,59.843
hp-01352830-01431,RW,wiper_like,1757550231,1792,,56.5692,1.58236,5.69243,0.715541,268.675,8,0.734344,2.78134,0,0,0,1.44193,0,0,9.51662,2.1935,5.0523,1.72515,1.90177,2.23455,4,22.7949
hp-01352830-01433,benign,sync_client,1757550233,1792,,0.989695,1.39574,0.0128794,0.491136,16.6207,3.38843,0.737244,0.337281,0,0,0,2.29453,0,0,11.0663,1.87477,6.50053,0.923425,0,2.34462,1,1609.82
hp-01352830-01434,RW,ambiguous:crypto_bulk,1757550234,0,,1.88091,1.30834,0.445902,0.797623,53.1677,5.55641,0.226071,1.54098,5.75117,3.35627,0.79199,3.63459,0,0.851913,2.95535,1.35994,2.55883,1.6989,0,2.23248,4,209.178
hp-01352830-01435,RW,fast_crypto,1757550235,114688,,15.9784,1.02216,10.4011,0.220071,72.2545,7.26114,0.324236,2.91034,95.7404,1.64507,0.9798,0,0,0,0,0,0,0.939007,3.50794,3.3328,4,14.4071
hp-01352830-01436,benign,backup_agent,1757550236,0,,14.562,3.88125,0.137108,0.124317,318.044,8,0.349878,1.01177,1.30435,1.02996,0.422459,0.887649,0,0,2.17843,1.81162,0.97562,0,0,15.8813,3,219.352
hp-01352830-01437,RW,double_extortion,1757550237,0,,0.898381,0.433235,0.401122,0.784301,135.688,5.8543,0.384006,4.96654,6.77947,5.53251,0.536736,3.14885,2.29203,2.00429,18.2513,3.6514,8.06951,0,2.64084,1.64777,4,123.899
hp-01352830-01438,benign,ambiguous:slow_bulk,1757550238,114688,,1.33697,6.56706,0.113224,0.648931,64.4853,4.80569,0.200399,1.99022,0.402005,0,0.673593,1.91904,0,0,0,0,0,0,1.13791,4.04347,4,731.476
hp-01352830-01439,benign,disk_encryptor,1757550239,0,,19.5488,0.610867,1.61586,0.210344,159.104,8,0.860439,2.87005,59.7249,2.14785,0.683656,0,0,0,1.03861,0.377207,0.498264,0,0,1.83481,3,10.1596
hp-01352830-01440,benign,installer,1757550240,0,,8.17987,1.88374,0.0301215,0.160176,53.4085,4.87416,1.2438,1.48222,5.76494,0,0.109304,13.023,0,0,3.31683,2.00861,2.41813,2.96322,0,1.02325,4,31.0923
hp-01352830-01441,benign,office_workload,1757550241,0,,0.024577,1.78728,0.00581032,0.0360736,94.6141,4.12136,1.04771,0.383303,0.202869,0,0.159852,1.11329,0,0,0,1.44401,0.454103,0,0,1.12032,3,755.014
hp-01352830-01442,RW,low_and_slow,1757550242,0,,1.92882,0.59626,0.229311,0.32629,99.1081,7.03517,0.534079,2.88003,7.67038,4.73365,0.301665,1.04015,1.00587,0,0,3.31417,3.20506,2.85491,0,4.25125,4,216.907
hp-01352830-01443,benign,office_workload,1757550243,0,,0.273159,0.952097,0.0419193,0.20078,23.6605,4.00258,0.664918,0.726717,0.63135,0,0.107419,0.84024,0,0,0,2.33854,0.910077,0,0,0,1,620.344
hp-01352830-01444,benign,disk_encryptor,1757550244,931840,,8.3703,1.35242,0.852293,0.645254,152.192,8,0.401719,1.63344,6.91276,3.52424,0.171783,0,0,0,0.788405,1.94856,0.840076,0,0,0,4,82.4207
hp-01352830-01445,benign,backup_agent,1757550245,0,,8.02005,2.19601,0.191391,0.200294,32.6004,6.25881,0.864563,5.36466,2.47178,0,0.185307,1.00371,1.11474,0,0,2.27293,1.38738,0,1.83681,13.3532,3,548.2
hp-01352830-01446,RW,wiper_like,1757550246,0,,20.281,0.446217,8.31574,0.499762,53.1408,7.28457,0.147976,3.37849,5.75143,2.07242,0.59752,0,3.70638,1.83009,10.6292,3.50664,2.47416,2.24855,5.47186,3.6991,2,97.2459
hp-01352830-01447,benign,cleanup_utility,1757550247,0,,3.48789,3.12771,0.357216,0.040665,45.2268,3.46718,0.972209,0.503435,1.16096,0,0.621468,5.64524,0,0,1.8357,1.2797,0.673727,0,1.68609,6.70366,4,46.8849
hp-01352830-01448,benign,disk_encryptor,1757550248,0,,14.8851,1.04861,0.560097,0.595517,38.7078,5.67631,0.386602,1.28688,23.066,8.57582,0.408594,1.70069,0,0,1.2523,2.39799,1.31914,0,0,0,2,108.461
hp-01352830-01449,benign,office_workload,1757550249,0,,0.03909,1.30364,0.00672036,0.0771593,1.95844,4.79858,0.881174,1.33315,0.093139,1.93487,0.223795,3.31115,0,0,1.05213,2.39523,0.801581,0,0,1.88303,2,694.487
hp-01352830-01450,benign,backup_agent,1757550250,2016,,0.617714,5.27593,0.284635,0.141777,195.949,0,0,0,0,0,0,0,0,0,1.81392,2.33369,1.82953,0,1.88487,6.13346,4,1551.76
hp-01352830-01451,benign,ambiguous:slow_bulk,1757550251,917728,,3.18688,3.103,0.207034,0.270103,214.086,0,0,0,2.49024,3.10659,0.677774,1.02929,0,1.0127,1.15155,1.991,2.5972,0,0,0,3,165.514
hp-01352830-01452,benign,cleanup_utility,1757550252,0,,4.01721,1.58529,0.718639,0.165223,45.3042,2.34194,1.26114,0.336511,0.796133,0,0.261637,0,0,0,1.83694,3.18734,0.131934,0,3.37079,4.35457,3,110.711
hp-01352830-01453,benign,sync_client,1757550253,0,,0.0642006,1.95969,0.00127562,0.115375,22.5812,4.84131,0.755535,0.773466,0.0452682,0.956113,0.118502,1.00637,0,0,8.90357,3.52355,2.28972,0,1.23771,1.22686,3,3577.83
hp-01352830-01454,benign,office_workload,1757550254,0,,0.242667,1.0653,0.0147543,0.471786,23.1532,4.12383,0.799556,1.14738,0.230628,0,0.186619,1.93279,0,0,2.31577,2.33491,0.75896,2.24732,0,0,2,340.105
hp-01352830-01455,RW,fast_crypto,1757550255,1792,,32.234,0.465207,1.98208,0.359043,46.6141,5.91734,0.259819,3.68131,0,0,0,4.23278,3.07104,0,7.25053,2.73893,1.35429,2.72392,2.12533,4.34643,4,39.8352
hp-01352830-01456,benign,installer,1757550256,0,,4.90368,8.30807,0.0452402,0.0154377,21.9197,5.42084,2.70375,0.928086,0.47476,0.824812,0.0772912,8.36369,1.05697,1.25995,2.62661,2.97355,2.3789,2.05952,0,0,3,107.557
hp-01352830-01457,RW,fast_crypto,1757550257,0,,32.9031,0.619966,11.7825,0.584384,123.893,7.08688,0.241008,2.78545,39.4105,3.59014,0.57378,8.3599,1.03268,1.02391,7.20355,4.82513,1.09718,0,2.84413,5.01184,4,39.6764
hp-01352830-01458,benign,sync_client,1757550258,14336,,1.55167,0.622751,0.0141671,0.0143047,6.26874,4.89409,0.669098,0.44203,0.0421962,1.12722,0.205394,0,0,0,16.5789,3.54847,6.06214,0,0,1.8906,1,1328.48
hp-01352830-01459,RW,wiper_like,1757550259,0,,16.8189,0.375248,4.48387,0.597542,149.759,6.79363,0.481719,4.86551,2.90932,0,0.761158,0.929627,2.19905,2.20305,5.04415,1.48394,3.4031,0,2.95473,5.67143,4,102.652
hp-01352830-01460,benign,office_workload,1757550260,917504,,0.170545,1.60551,0.148233,0.0223319,7.79347,6.59998,0.588382,0.391184,0.695528,0,0.267936,1.90261,0,0,2.89767,3.33414,2.21105,0,0,0,1,305.898
hp-01352830-01461,RW,double_extortion,1757550261,224,,3.00858,0.668928,2.36549,0.325625,136.788,0,0,0,12.94,6.25161,0.39907,0.952028,0.745152,3.3202,24.2141,3.09173,7.29523,2.61667,1.98613,8.12163,4,137.077
hp-01352830-01462,benign,ambiguous:network_bulk,1757550262,0,,4.84401,0.758476,0.374954,0.152281,90.7083,5.76749,0.700979,2.18613,3.32841,5.70247,0.0663225,1.99442,2.06271,0,15.9877,4.71575,4.75529,1.99118,0,2.59684,3,92.314
hp-01352830-01463,RW,fast_crypto,1757550263,0,,16.2078,0.684776,4.28921,0.863733,63.126,5.53675,0.224775,7.47546,25.8149,8.46905,0.721248,2.63573,0.881464,0,5.38694,3.58545,2.78098,0.916694,1.02519,0.948587,4,11.9687
hp-01352830-01464,RW,fast_crypto,1757550264,0,,28.8548,1.79375,10.1589,0.370832,119.203,6.57651,0.582394,6.56188,25.4071,5.65603,0.864896,0.972587,1.63361,1.01558,7.31142,2.82299,6.3527,1.69842,3.80585,2.33284,4,27.4292
hp-01352830-01465,benign,cleanup_utility,1757550265,224,,5.60521,5.95702,0.512517,0.111649,94.8694,0,0,0,0.723901,0.967957,0.431001,2.20472,0,0.98692,0,0.495094,0.432111,0,1.632,6.34583,3,146.63
hp-01352830-01466,RW,low_and_slow,1757550266,0,,0.635584,1.22713,0.167866,0.59143,180.778,4.36935,0.160644,1.93763,0.432267,7.41704,0.81017,3.12757,2.08536,0.837322,1.65162,1.98289,3.06541,1.09681,0,4.47599,4,1315.06
hp-01352830-01467,RW,double_extortion,1757550267,0,,1.84325,1.3612,0.480822,0.788935,67.4621,6.33208,0.219547,3.42712,5.10344,5.88783,0.726381,1.03835,0,3.26906,20.7859,3.40308,4.21685,0,1.78252,2.82604,4,287.164
hp-01352830-01468,benign,disk_encryptor,1757550268,917504,,1.50083,0.592628,0.140205,0.486075,94.8544,6.92434,0.193828,1.27902,4.08887,2.81729,0.369633,0,0,0,2.07178,2.61503,5.01426,0,0,0,3,319.958
hp-01352830-01469,RW,wiper_like,1757550269,31,,0,0,0,0,0,8,0.452916,1.40872,1.20954e+06,0,0.452488,0,1.0103,2.10251,9.50736,3.4517,7.54148,2.18774,1.15538,5.6855,4,23.9109
hp-01352830-01470,benign,cleanup_utility,1757550270,224,,0.430597,1.64788,0.174164,0.184956,112.299,0,0,0,0.26684,0,0.258097,2.34131,0,0,1.91897,0.0854788,0.308423,0,4.7793,9.31256,4,279.283
hp-01352830-01471,benign,sync_client,1757550271,14336,,0.706768,0.902214,0.013039,0.237914,18.6529,8,0.894972,0.167492,0.0693421,2.00758,0.193124,0,0,0,10.0946,2.93919,0.627319,0,0,1.13969,3,431.217
hp-01352830-01472,RW,ambiguous:network_bulk,1757550272,1792,,2.97592,1.38919,0.925082,0.198708,61.6102,6.33575,0.619704,1.0141,0,0,0,1.05884,0,0,12.5757,3.99397,4.51512,0,0,5.00388,4,203.367
hp-01352830-01473,benign,office_workload,1757550273,2016,,0.0257504,1.42801,0.0066882,0.0281895,20.2551,0,0,0,0,0,0,2.15228,0.934509,0,4.68463,1.20478,0.220631,1.04291,0,0,2,691.996
hp-01352830-01474,benign,cleanup_utility,1757550274,0,,2.52688,8.34673,0.327423,0.0517268,32.1389,4.49868,0.46355,0.6057,2.66232,0.840642,0.345561,0,0,0,0,2.89023,0.442697,0.970739,2.71743,6.22007,3,59.1925
hp-01352830-01475,RW,double_extortion,1757550275,0,,3.74992,3.0841,0.935414,1,210.661,7.51618,0.754457,2.26545,9.41463,4.26808,0.738724,4.10475,1.82119,0,25.7859,4.15669,6.17178,3.1181,0.889573,5.49339,4,251.087
hp-01352830-01476,benign,cleanup_utility,1757550276,0,,5.63739,2.08239,0.739071,0.038084,132.426,4.58938,0.976606,0.203517,0.0818982,0,0.102408,0,0,0,0,1.87391,0.641673,0,2.46302,11.7112,3,143.679
hp-01352830-01477,benign,disk_encryptor,1757550277,0,,7.67278,0.716801,1.3311,0.138819,77.6024,5.74482,0.431827,3.55211,10.7212,4.74565,0.573417,1.05257,0,0.828594,1.77603,3.77486,2.66854,0,0,0,3,144.493
hp-01352830-01478,benign,cleanup_utility,1757550278,114688,,1.18728,3.597,0.0293993,0.40217,57.0638,5.12307,0.899917,0.268637,0.457828,0,0.170607,2.65473,0,0,0,0,0,0,3.23305,4.85547,4,313.736
hp-01352830-01479,RW,low_and_slow,1757550279,0,,0.559981,0.569708,0.119178,0.461699,333.354,6.02173,0.308763,2.54483,0.560465,10.5121,0.703011,0.945332,0.836306,0,8.47097,3.66733,0.856916,0,1.9027,5.15567,4,671.496
hp-01352830-01480,RW,wiper_like,1757550280,0,,5.92157,1.023,5.02603,0.882052,52.972,7.65378,0.299598,3.38021,2.96006,1.21182,0.762569,0,0,0,15.4199,4.30381,1.19239,0,0,4.66309,4,43.4099
hp-01352830-01482,benign,sync_client,1757550282,1792,,0.488581,0.542293,0.00421471,0.198353,22.5712,3.30948,0.610318,0.187883,0,0,0,1.06126,1.04782,0,17.9924,4.5084,1.73672,0,0,0,2,1001.36
hp-01352830-01483,benign,backup_agent,1757550283,0,,1.7138,5.10982,0.549294,0.228396,71.6669,7.95508,1.42014,1.06233,0.6348,0,0.21937,1.86943,0,0,3.64088,2.64847,1.32152,0,0,8.11577,3,861.345
hp-01352830-01484,RW,ambiguous:slow_bulk,1757550284,0,,1.24559,6.28483,0.15549,0.323748,224.653,6.52841,0.412366,4.19814,0.919859,2.83128,0.593605,0,0.969032,0,4.09535,2.67299,3.54673,0.90394,0.963713,5.70397,3,1137.73
hp-01352830-01485,benign,ambiguous:slow_bulk,1757550285,129024,,0.39757,3.02049,0.0846628,0.398714,116.481,7.13518,0.493458,1.86992,0.0922713,8.59729,0.271965,0,0,0,0,0,0,5.50663,1.96154,5.13641,4,1121.08
hp-01352830-01486,benign,installer,1757550286,0,,3.02215,3.82187,0.125715,0.0214115,7.14286,5.77044,0.898263,0.740019,1.56304,0,0.175497,8.47908,0,1.09472,1.84131,2.35026,3.17688,3.0309,0,0,4,31.4759
hp-01352830-01487,RW,double_extortion,1757550287,917504,,2.57297,1.75904,1.50335,0.854351,76.4717,7.45409,0.448023,2.56505,13.3773,8.59138,0.713648,3.02945,2.10117,0,21.2614,4.0097,11.389,0,0,0,4,114.219
hp-01352830-01488,RW,fast_crypto,1757550288,0,,27.6901,0.528556,3.42093,0.518462,75.7399,6.19339,0.291788,2.49333,18.3295,6.23035,0.641965,5.74476,1.62316,2.32963,8.86585,2.43755,0.563837,0,2.19738,6.70239,4,48.6629
hp-01352830-01489,RW,low_and_slow,1757550289,0,,0.915797,1.00445,0.180542,0.424573,74.4948,7.27892,0.303337,1.93341,1.23107,4.02394,0.943897,2.19991,2.22941,1.17625,2.15469,3.19772,15.1831,0,1.13393,2.35059,4,219.892
hp-01352830-01490,RW,low_and_slow,1757550290,0,,0.620431,2.07761,0.0193683,0.736535,174.377,6.83838,0.296084,5.77838,0.901987,6.18892,0.420091,0,2.52177,2.65767,2.03501,4.29664,1.44342,0,4.12137,5.44609,4,532.762
hp-01352830-01491,benign,office_workload,1757550291,114912,,0.193537,3.36576,0.0261848,0.0420528,10.232,0,0,0,0.377799,0,0.253057,2.18163,0,0,0,0,0,0,0.827707,1.78304,2,236.906
hp-01352830-01492,benign,installer,1757550292,114688,,4.42825,1.83863,0.0666759,0.0454824,4.95136,6.38573,1.25491,1.2668,2.77231,0,0.214331,8.21789,0,2.18432,0,0,0,2.88526,0,3.01975,3,66.7512
hp-01352830-01493,RW,fast_crypto,1757550293,14336,,13.1918,0.279205,1.14691,0.680566,196.835,8,0.3362,1.95969,29.4554,3.36463,0.717999,0,0,0,3.64561,2.48557,2.16019,2.16109,1.93951,5.87791,4,52.8502
hp-01352830-01494,RW,wiper_like,1757550294,0,,42.0246,0.467824,90.1461,0.298649,100.461,5.45887,0.228321,1.63195,9.63786,0,0.809238,1.92418,1.01982,1.83521,7.96878,3.53985,0.758531,0,7.29033,8.12439,4,32.7413
hp-01352830-01495,RW,low_and_slow,1757550295,0,,1.72626,0.607943,1.86061,0.353252,120.715,3.58714,0.203982,2.99963,0.628411,3.8103,0.73889,0,4.24553,0,3.30537,2.79823,7.06355,0.917148,1.09396,4.63768,4,224.089
hp-01352830-01496,RW,double_extortion,1757550296,0,,1.50381,2.26134,0.270556,0.857088,74.1624,6.02356,0.121489,2.88548,7.51779,5.01918,0.469029,3.53748,0.710417,1.73629,24.9112,3.84599,4.52025,2.10539,2.16356,1.27614,4,289.126
hp-01352830-01497,benign,ambiguous:crypto_bulk,1757550297,0,,8.11868,0.966415,1.68093,0.420616,240.956,4.4433,0.538097,3.72741,5.81703,5.78401,0.700722,1.73016,1.70312,0.98261,1.10458,3.41238,2.17443,0,0.9942,1.20886,4,120.596
hp-01352830-01498,benign,disk_encryptor,1757550298,0,,7.18989,0.80318,0.436354,0.590981,43.2074,5.39312,0.582554,2.74762,53.5003,5.32546,0.669012,0,1.01301,0,0,2.50754,0.167983,0,0,0,1,124.821
hp-01352830-01499,RW,double_extortion,1757550299,14367,,0,0,0,0,0,5.56063,0.0992193,1.22294,4.98444,4.62783,0.594736,0,0,0,21.8577,4.1267,2.69483,2.93806,5.60214,5.53325,4,419.597
